{"v":"5.0.6","fr":10,"ip":0,"op":25,"w":315,"h":249,"nm":"blocker pro screen","ddd":0,"assets":[],"layers":[{"ddd":0,"ind":1,"ty":4,"nm":"mobile","sr":1,"ks":{"o":{"a":1,"k":[{"i":{"x":[0.667],"y":[1]},"o":{"x":[0.333],"y":[0]},"n":["0p667_1_0p333_0"],"t":0,"s":[0],"e":[100]},{"t":10}],"ix":11},"r":{"a":0,"k":0,"ix":10},"p":{"a":1,"k":[{"i":{"x":0.066,"y":1},"o":{"x":0.333,"y":0},"n":"0p066_1_0p333_0","t":0,"s":[19.5,184.5,0],"e":[43.5,184.5,0],"to":[4,0,0],"ti":[-4,0,0]},{"t":10}],"ix":2},"a":{"a":0,"k":[17,30.5,0],"ix":1},"s":{"a":0,"k":[100,100,100],"ix":6}},"ao":0,"shapes":[{"ty":"gr","it":[{"ind":0,"ty":"sh","ix":1,"ks":{"a":0,"k":{"i":[[0.183,-0.002],[0.104,0.102],[-0.218,0.222],[0,0],[0,0],[-0.166,0.266],[-0.267,-0.167],[-0.024,-0.021],[0,0],[0,0],[-0.004,-0.152],[0.084,-0.109],[0,0]],"o":[[-0.146,-0.001],[-0.218,-0.222],[0,0],[0,0],[-0.267,-0.167],[0.167,-0.268],[0.027,0.016],[0,0],[0,0],[0.111,0.104],[0.006,0.137],[0,0],[-0.106,0.149]],"v":[[8.971,9.697],[8.581,9.536],[8.581,8.736],[10.281,6.926],[8.371,5.126],[8.189,4.342],[8.975,4.16],[9.051,4.217],[9.151,4.305],[11.481,6.507],[11.661,6.907],[11.541,7.286],[9.431,9.456]],"c":true},"ix":2},"nm":"Path 1","mn":"ADBE Vector Shape - Group","hd":false},{"ind":1,"ty":"sh","ix":2,"ks":{"a":0,"k":{"i":[[0,0],[0.103,0.096],[0,0],[-0.218,0.223],[0,0],[-0.237,-0.207],[0.207,-0.237],[0.014,-0.013],[0,0],[0,0],[0,0],[0.207,-0.237],[0.167,0.002]],"o":[[-0.141,-0.001],[0,0],[-0.218,-0.222],[0,0],[0.207,-0.237],[0.238,0.207],[-0.013,0.014],[0,0],[0,0],[0,0],[0.238,0.207],[-0.11,0.126],[0,0]],"v":[[4.801,9.527],[4.421,9.376],[2.071,7.227],[2.071,6.426],[4.421,4.286],[5.225,4.232],[5.28,5.036],[5.241,5.077],[5.161,5.146],[3.291,6.786],[5.181,8.507],[5.237,9.311],[4.801,9.507]],"c":true},"ix":2},"nm":"Path 2","mn":"ADBE Vector Shape - Group","hd":false},{"ind":2,"ty":"sh","ix":3,"ks":{"a":0,"k":{"i":[[0.152,-0.018],[0.004,0.314],[-0.126,0.109],[0,0],[0,0],[-0.182,0.257],[-0.257,-0.183],[0,0],[0,0],[0.219,-0.222],[0,0]],"o":[[-0.315,0.003],[-0.001,-0.167],[0,0],[0,0],[-0.256,-0.183],[0.182,-0.257],[0,0],[0,0],[0.219,0.222],[0,0],[-0.091,0.122]],"v":[[8.751,-4.223],[8.175,-4.788],[8.371,-5.223],[10.261,-6.945],[8.391,-8.583],[8.256,-9.378],[9.051,-9.514],[9.131,-9.445],[11.481,-7.393],[11.481,-6.594],[9.131,-4.445]],"c":true},"ix":2},"nm":"Path 3","mn":"ADBE Vector Shape - Group","hd":false},{"ind":3,"ty":"sh","ix":4,"ks":{"a":0,"k":{"i":[[0,0],[0.103,0.096],[0,0],[-0.218,0.223],[0,0],[-0.238,-0.207],[0.207,-0.238],[0.014,-0.013],[0,0],[0,0],[0,0],[0.207,-0.237],[0.167,0.002]],"o":[[-0.141,-0.001],[0,0],[-0.218,-0.222],[0,0],[0.207,-0.238],[0.236,0.208],[-0.012,0.013],[0,0],[0,0],[0,0],[0.237,0.207],[-0.11,0.126],[0,0]],"v":[[5.271,-4.223],[4.891,-4.374],[2.541,-6.523],[2.541,-7.324],[4.891,-9.374],[5.696,-9.428],[5.75,-8.624],[5.711,-8.583],[5.631,-8.514],[3.761,-6.874],[5.651,-5.154],[5.707,-4.35],[5.271,-4.154]],"c":true},"ix":2},"nm":"Path 4","mn":"ADBE Vector Shape - Group","hd":false},{"ind":4,"ty":"sh","ix":5,"ks":{"a":0,"k":{"i":[[0,0],[-0.042,0.313],[-0.255,0.034],[0,0],[0.042,-0.312],[0.255,-0.034]],"o":[[-0.312,-0.042],[0.033,-0.255],[0,0],[0.312,0.041],[-0.034,0.256],[0,0]],"v":[[-11.169,7.497],[-11.658,6.855],[-11.169,6.367],[-0.169,6.277],[0.321,6.917],[-0.169,7.407]],"c":true},"ix":2},"nm":"Path 5","mn":"ADBE Vector Shape - Group","hd":false},{"ind":5,"ty":"sh","ix":6,"ks":{"a":0,"k":{"i":[[0,0],[-0.042,0.311],[-0.255,0.034],[0,0],[0.042,-0.312],[0.255,-0.035]],"o":[[-0.312,-0.041],[0.034,-0.256],[0,0],[0.312,0.042],[-0.034,0.255],[0,0]],"v":[[-10.999,-6.324],[-11.488,-6.964],[-10.999,-7.454],[0.001,-7.544],[0.491,-6.904],[0.001,-6.413]],"c":true},"ix":2},"nm":"Path 6","mn":"ADBE Vector Shape - Group","hd":false},{"ind":6,"ty":"sh","ix":7,"ks":{"a":0,"k":{"i":[[0.152,-0.019],[0.002,0.314],[-0.126,0.109],[0,0],[0,0],[-0.182,0.257],[-0.257,-0.183],[0,0],[0,0],[0.218,-0.222],[0,0]],"o":[[-0.315,0.003],[-0.002,-0.167],[0,0],[0,0],[-0.256,-0.182],[0.182,-0.257],[0,0],[0,0],[0.218,0.222],[0,0],[-0.091,0.121]],"v":[[-0.039,2.736],[-0.614,2.173],[-0.419,1.736],[1.471,0.016],[-0.399,-1.624],[-0.534,-2.419],[0.261,-2.553],[0.341,-2.484],[2.691,-0.434],[2.691,0.367],[0.341,2.517]],"c":true},"ix":2},"nm":"Path 7","mn":"ADBE Vector Shape - Group","hd":false},{"ind":7,"ty":"sh","ix":8,"ks":{"a":0,"k":{"i":[[0,0],[0.104,0.096],[0,0],[-0.218,0.223],[0,0],[-0.237,-0.208],[0.207,-0.238],[0.014,-0.013],[0,0],[0,0],[0,0],[0.207,-0.237],[0.167,0.002]],"o":[[-0.141,-0.001],[0,0],[-0.218,-0.222],[0,0],[0.207,-0.238],[0.238,0.207],[-0.012,0.013],[0,0],[0,0],[0,0],[0.238,0.207],[-0.11,0.126],[0,0]],"v":[[-3.529,2.736],[-3.909,2.587],[-6.259,0.437],[-6.259,-0.365],[-3.909,-2.413],[-3.105,-2.467],[-3.05,-1.663],[-3.089,-1.624],[-3.169,-1.553],[-5.039,0.087],[-3.109,1.805],[-3.053,2.611],[-3.489,2.805]],"c":true},"ix":2},"nm":"Path 8","mn":"ADBE Vector Shape - Group","hd":false},{"ty":"fl","c":{"a":0,"k":[0.987999949736,0.980000035903,0.969000004787,1],"ix":4},"o":{"a":0,"k":100,"ix":5},"r":1,"nm":"Fill 1","mn":"ADBE Vector Graphic - Fill","hd":false},{"ty":"tr","p":{"a":0,"k":[16.679,31.764],"ix":2},"a":{"a":0,"k":[0,0],"ix":1},"s":{"a":0,"k":[100,100],"ix":3},"r":{"a":0,"k":0,"ix":6},"o":{"a":0,"k":100,"ix":7},"sk":{"a":0,"k":0,"ix":4},"sa":{"a":0,"k":0,"ix":5},"nm":"Transform"}],"nm":"Group 1","np":9,"cix":2,"ix":1,"mn":"ADBE Vector Group","hd":false},{"ty":"gr","it":[{"ind":0,"ty":"sh","ix":1,"ks":{"a":0,"k":{"i":[[-0.552,0],[0,-0.552],[0.552,0],[0,0.553]],"o":[[0.552,0],[0,0.553],[-0.552,0],[0,-0.552]],"v":[[0,-1],[1,0],[0,1],[-1,0]],"c":true},"ix":2},"nm":"Path 1","mn":"ADBE Vector Shape - Group","hd":false},{"ty":"fl","c":{"a":0,"k":[0.987999949736,0.980000035903,0.969000004787,1],"ix":4},"o":{"a":0,"k":100,"ix":5},"r":1,"nm":"Fill 1","mn":"ADBE Vector Graphic - Fill","hd":false},{"ty":"tr","p":{"a":0,"k":[14.96,31.72],"ix":2},"a":{"a":0,"k":[0,0],"ix":1},"s":{"a":0,"k":[100,100],"ix":3},"r":{"a":0,"k":0,"ix":6},"o":{"a":0,"k":100,"ix":7},"sk":{"a":0,"k":0,"ix":4},"sa":{"a":0,"k":0,"ix":5},"nm":"Transform"}],"nm":"Group 2","np":2,"cix":2,"ix":2,"mn":"ADBE Vector Group","hd":false},{"ty":"gr","it":[{"ind":0,"ty":"sh","ix":1,"ks":{"a":0,"k":{"i":[[0.255,-0.033],[0,0],[-0.042,0.312],[-0.255,0.034],[0,0],[0.042,-0.313]],"o":[[0,0],[-0.312,-0.041],[0.033,-0.255],[0,0],[0.312,0.042],[-0.034,0.255]],"v":[[8.535,-3.62],[4.535,-3.62],[4.046,-4.26],[4.535,-4.749],[8.535,-4.749],[9.025,-4.109]],"c":true},"ix":2},"nm":"Path 1","mn":"ADBE Vector Shape - Group","hd":false},{"ind":1,"ty":"sh","ix":2,"ks":{"a":0,"k":{"i":[[0,0],[-0.042,0.312],[-0.255,0.034],[0,0],[0.041,-0.313],[0.255,-0.033]],"o":[[-0.312,-0.041],[0.034,-0.255],[0,0],[0.312,0.042],[-0.034,0.255],[0,0]],"v":[[-11.135,-3.62],[-11.624,-4.26],[-11.135,-4.749],[-8.305,-4.749],[-7.816,-4.109],[-8.305,-3.62]],"c":true},"ix":2},"nm":"Path 2","mn":"ADBE Vector Shape - Group","hd":false},{"ind":2,"ty":"sh","ix":3,"ks":{"a":0,"k":{"i":[[0.155,-0.015],[0.004,0.315],[-0.126,0.11],[0,0],[0,0],[-0.182,0.257],[-0.257,-0.182],[0,0],[0,0],[0.219,-0.221],[0,0]],"o":[[-0.314,0.003],[-0.001,-0.167],[0,0],[0,0],[-0.256,-0.182],[0.182,-0.257],[0,0],[0,0],[0.219,0.221],[0,0],[-0.094,0.124]],"v":[[-5.215,-15.43],[-5.792,-15.993],[-5.596,-16.43],[-3.706,-18.148],[-5.566,-19.79],[-5.701,-20.585],[-4.906,-20.719],[-4.826,-20.648],[-2.475,-18.598],[-2.475,-17.799],[-4.826,-15.648]],"c":true},"ix":2},"nm":"Path 3","mn":"ADBE Vector Shape - Group","hd":false},{"ind":3,"ty":"sh","ix":4,"ks":{"a":0,"k":{"i":[[0,0],[0.104,0.097],[0,0],[-0.218,0.221],[0,0],[-0.236,-0.207],[0.207,-0.237],[0.014,-0.013],[0,0],[0,0],[0,0],[0.207,-0.238],[0.167,0.002]],"o":[[-0.141,0],[0,0],[-0.218,-0.222],[0,0],[0.207,-0.236],[0.238,0.207],[-0.012,0.015],[0,0],[0,0],[0,0],[0.238,0.207],[-0.11,0.126],[0,0]],"v":[[-8.715,-15.43],[-9.096,-15.579],[-11.445,-17.729],[-11.445,-18.529],[-9.096,-20.579],[-8.292,-20.633],[-8.236,-19.829],[-8.275,-19.79],[-8.355,-19.719],[-10.215,-18.09],[-8.326,-16.37],[-8.27,-15.564],[-8.706,-15.37]],"c":true},"ix":2},"nm":"Path 4","mn":"ADBE Vector Shape - Group","hd":false},{"ind":4,"ty":"sh","ix":5,"ks":{"a":0,"k":{"i":[[0,0],[0,0],[0.045,0.311],[-0.312,0.045],[-0.004,0.001],[0,0],[-0.045,-0.312],[0.312,-0.045],[0.005,0]],"o":[[0,0],[-0.312,0.046],[-0.045,-0.312],[0.005,-0.001],[0,0],[0.312,-0.045],[0.046,0.311],[-0.004,0.001],[0,0]],"v":[[10.975,-17.669],[8.555,-17.669],[7.908,-18.15],[8.391,-18.798],[8.404,-18.799],[10.975,-18.799],[11.62,-18.316],[11.139,-17.672],[11.124,-17.669]],"c":true},"ix":2},"nm":"Path 5","mn":"ADBE Vector Shape - Group","hd":false},{"ind":5,"ty":"sh","ix":6,"ks":{"a":0,"k":{"i":[[0.255,-0.034],[0,0],[-0.041,0.312],[-0.255,0.034],[0,0],[0.042,-0.313]],"o":[[0,0],[-0.312,-0.041],[0.035,-0.255],[0,0],[0.312,0.042],[-0.034,0.255]],"v":[[6.085,-17.669],[-0.016,-17.669],[-0.506,-18.309],[-0.016,-18.799],[6.085,-18.799],[6.574,-18.159]],"c":true},"ix":2},"nm":"Path 6","mn":"ADBE Vector Shape - Group","hd":false},{"ind":6,"ty":"sh","ix":7,"ks":{"a":0,"k":{"i":[[0,0],[1.309,0],[0,1.309],[-1.309,0],[0,-1.304]],"o":[[0,1.309],[-1.309,0],[0,-1.308],[1.304,0],[0,0]],"v":[[2.014,18.531],[-0.355,20.902],[-2.725,18.531],[-0.355,16.161],[2.005,18.521]],"c":true},"ix":2},"nm":"Path 7","mn":"ADBE Vector Shape - Group","hd":false},{"ty":"fl","c":{"a":0,"k":[0.987999949736,0.980000035903,0.969000004787,1],"ix":4},"o":{"a":0,"k":100,"ix":5},"r":1,"nm":"Fill 1","mn":"ADBE Vector Graphic - Fill","hd":false},{"ty":"tr","p":{"a":0,"k":[16.785,36.019],"ix":2},"a":{"a":0,"k":[0,0],"ix":1},"s":{"a":0,"k":[100,100],"ix":3},"r":{"a":0,"k":0,"ix":6},"o":{"a":0,"k":100,"ix":7},"sk":{"a":0,"k":0,"ix":4},"sa":{"a":0,"k":0,"ix":5},"nm":"Transform"}],"nm":"Group 3","np":8,"cix":2,"ix":3,"mn":"ADBE Vector Group","hd":false},{"ty":"gr","it":[{"ind":0,"ty":"sh","ix":1,"ks":{"a":0,"k":{"i":[[0,0],[0,0],[0,0],[0,0]],"o":[[0,0],[0,0],[0,0],[0,0]],"v":[[-16.68,-21.385],[16.68,-21.385],[16.68,21.385],[-16.68,21.385]],"c":true},"ix":2},"nm":"Path 1","mn":"ADBE Vector Shape - Group","hd":false},{"ty":"fl","c":{"a":0,"k":[0.224000010771,0.250999989229,0.375999989229,1],"ix":4},"o":{"a":0,"k":100,"ix":5},"r":1,"nm":"Fill 1","mn":"ADBE Vector Graphic - Fill","hd":false},{"ty":"tr","p":{"a":0,"k":[16.68,27.625],"ix":2},"a":{"a":0,"k":[0,0],"ix":1},"s":{"a":0,"k":[100,100],"ix":3},"r":{"a":0,"k":0,"ix":6},"o":{"a":0,"k":100,"ix":7},"sk":{"a":0,"k":0,"ix":4},"sa":{"a":0,"k":0,"ix":5},"nm":"Transform"}],"nm":"Group 4","np":2,"cix":2,"ix":4,"mn":"ADBE Vector Group","hd":false},{"ty":"gr","it":[{"ind":0,"ty":"sh","ix":1,"ks":{"a":0,"k":{"i":[[0,0],[0,0],[0,1.957],[0,0],[-1.957,0.005],[0,0],[0,-1.957],[0,0],[1.955,-0.006]],"o":[[0,0],[-1.957,-0.006],[0,0],[0,-1.957],[0,0],[1.957,0.005],[0,0],[0.005,1.955],[0,0]],"v":[[13.102,30.22],[-13.107,30.22],[-16.648,26.669],[-16.648,-26.68],[-13.107,-30.23],[13.102,-30.23],[16.643,-26.68],[16.643,26.68],[13.113,30.23]],"c":true},"ix":2},"nm":"Path 1","mn":"ADBE Vector Shape - Group","hd":false},{"ty":"fl","c":{"a":0,"k":[0.3215686274509804,0.6627450980392157,1,1],"ix":4},"o":{"a":0,"k":100,"ix":5},"r":1,"nm":"Fill 1","mn":"ADBE Vector Graphic - Fill","hd":false},{"ty":"tr","p":{"a":0,"k":[16.678,30.23],"ix":2},"a":{"a":0,"k":[0,0],"ix":1},"s":{"a":0,"k":[100,100],"ix":3},"r":{"a":0,"k":0,"ix":6},"o":{"a":0,"k":100,"ix":7},"sk":{"a":0,"k":0,"ix":4},"sa":{"a":0,"k":0,"ix":5},"nm":"Transform"}],"nm":"Group 5","np":2,"cix":2,"ix":5,"mn":"ADBE Vector Group","hd":false},{"ty":"gr","it":[{"ind":0,"ty":"sh","ix":1,"ks":{"a":0,"k":{"i":[[0,0],[0,0],[0,0],[0,0]],"o":[[0,0],[0,0],[0,0],[0,0]],"v":[[-0.895,0.895],[0.915,0.895],[0.915,-0.895],[-0.895,-0.895]],"c":true},"ix":2},"nm":"Path 1","mn":"ADBE Vector Shape - Group","hd":false},{"ty":"fl","c":{"a":0,"k":[0.246999987434,0.560999971278,0.936999990426,1],"ix":4},"o":{"a":0,"k":100,"ix":5},"r":1,"nm":"Fill 1","mn":"ADBE Vector Graphic - Fill","hd":false},{"ty":"tr","p":{"a":0,"k":[24.305,54.875],"ix":2},"a":{"a":0,"k":[0,0],"ix":1},"s":{"a":0,"k":[100,100],"ix":3},"r":{"a":0,"k":0,"ix":6},"o":{"a":0,"k":100,"ix":7},"sk":{"a":0,"k":0,"ix":4},"sa":{"a":0,"k":0,"ix":5},"nm":"Transform"}],"nm":"Group 6","np":2,"cix":2,"ix":6,"mn":"ADBE Vector Group","hd":false}],"ip":0,"op":1200,"st":0,"bm":0},{"ddd":0,"ind":2,"ty":4,"nm":"crown","sr":1,"ks":{"o":{"a":1,"k":[{"i":{"x":[0.667],"y":[1]},"o":{"x":[0.333],"y":[0]},"n":["0p667_1_0p333_0"],"t":0,"s":[0],"e":[100]},{"t":10}],"ix":11},"r":{"a":0,"k":0,"ix":10},"p":{"a":1,"k":[{"i":{"x":0.066,"y":1},"o":{"x":0.333,"y":0},"n":"0p066_1_0p333_0","t":0,"s":[231,229,0],"e":[231,196,0],"to":[0,-5.5,0],"ti":[0,5.5,0]},{"t":10}],"ix":2},"a":{"a":0,"k":[24.5,18.5,0],"ix":1},"s":{"a":0,"k":[100,100,100],"ix":6}},"ao":0,"shapes":[{"ty":"gr","it":[{"ind":0,"ty":"sh","ix":1,"ks":{"a":0,"k":{"i":[[0,0],[0,0],[0,0]],"o":[[0,0],[0,0],[0,0]],"v":[[2.035,-5.215],[7.385,0.235],[2.035,5.215]],"c":false},"ix":2},"nm":"Path 1","mn":"ADBE Vector Shape - Group","hd":false},{"ind":1,"ty":"sh","ix":2,"ks":{"a":0,"k":{"i":[[0,0],[0,0],[0,0]],"o":[[0,0],[0,0],[0,0]],"v":[[-2.045,-5.215],[-7.385,0.235],[-2.045,5.215]],"c":false},"ix":2},"nm":"Path 2","mn":"ADBE Vector Shape - Group","hd":false},{"ty":"st","c":{"a":0,"k":[0.987999949736,0.980000035903,0.969000004787,1],"ix":3},"o":{"a":0,"k":100,"ix":4},"w":{"a":0,"k":1.5,"ix":5},"lc":2,"lj":2,"nm":"Stroke 1","mn":"ADBE Vector Graphic - Stroke","hd":false},{"ty":"tr","p":{"a":0,"k":[23.675,24.609],"ix":2},"a":{"a":0,"k":[0,0],"ix":1},"s":{"a":0,"k":[100,100],"ix":3},"r":{"a":0,"k":0,"ix":6},"o":{"a":0,"k":100,"ix":7},"sk":{"a":0,"k":0,"ix":4},"sa":{"a":0,"k":0,"ix":5},"nm":"Transform"}],"nm":"Group 1","np":3,"cix":2,"ix":1,"mn":"ADBE Vector Group","hd":false},{"ty":"gr","it":[{"ind":0,"ty":"sh","ix":1,"ks":{"a":0,"k":{"i":[[0,0],[-0.006,1.99],[0,0],[-0.551,-0.039],[-0.169,-0.167],[0,0],[0,0],[-0.561,-0.077],[-0.381,-0.39],[0,0],[0,0],[-0.388,-0.393],[-0.017,-0.238],[0,0],[1.989,-0.011]],"o":[[-1.99,-0.011],[0,0],[0.039,-0.551],[0.238,0.017],[0,0],[0,0],[0.339,-0.453],[1,0],[0,0],[0,0],[0.394,-0.388],[0.168,0.17],[0,0],[0.006,1.99],[0,0]],"v":[[-20.42,18.447],[-24.01,14.827],[-24.01,-11.223],[-22.941,-12.149],[-22.311,-11.863],[-12.13,-0.233],[-1.47,-17.843],[-0.01,-18.453],[1.45,-17.843],[12.12,-0.223],[22.309,-11.843],[23.724,-11.834],[24.01,-11.203],[24.01,14.847],[20.42,18.467]],"c":true},"ix":2},"nm":"Path 1","mn":"ADBE Vector Shape - Group","hd":false},{"ty":"fl","c":{"a":0,"k":[1,0.713999968884,0.33300000359,1],"ix":4},"o":{"a":0,"k":100,"ix":5},"r":1,"nm":"Fill 1","mn":"ADBE Vector Graphic - Fill","hd":false},{"ty":"tr","p":{"a":0,"k":[24.01,18.467],"ix":2},"a":{"a":0,"k":[0,0],"ix":1},"s":{"a":0,"k":[100,100],"ix":3},"r":{"a":0,"k":0,"ix":6},"o":{"a":0,"k":100,"ix":7},"sk":{"a":0,"k":0,"ix":4},"sa":{"a":0,"k":0,"ix":5},"nm":"Transform"}],"nm":"Group 2","np":2,"cix":2,"ix":2,"mn":"ADBE Vector Group","hd":false},{"ty":"gr","it":[{"ind":0,"ty":"sh","ix":1,"ks":{"a":0,"k":{"i":[[0,0],[-0.03,0.551],[-0.056,0.119],[0,0],[-0.468,-0.291],[-0.081,-0.131],[0,0],[0.498,-0.238],[0.132,-0.007]],"o":[[-0.552,-0.029],[0.007,-0.132],[0,0],[0.291,-0.469],[0.132,0.081],[0,0],[0.238,0.498],[-0.118,0.057],[0,0]],"v":[[4.284,8.312],[3.337,7.261],[3.432,6.882],[11.432,-7.698],[12.809,-8.021],[13.133,-7.698],[21.133,6.882],[20.663,8.215],[20.283,8.312]],"c":true},"ix":2},"nm":"Path 1","mn":"ADBE Vector Shape - Group","hd":false},{"ind":1,"ty":"sh","ix":2,"ks":{"a":0,"k":{"i":[[0,0],[-0.028,0.551],[-0.057,0.119],[0,0],[-0.47,-0.291],[-0.081,-0.131],[0,0],[0.498,-0.238],[0.131,-0.007]],"o":[[-0.551,-0.029],[0.007,-0.132],[0,0],[0.291,-0.469],[0.131,0.081],[0,0],[0.238,0.498],[-0.119,0.057],[0,0]],"v":[[-20.396,8.312],[-21.344,7.261],[-21.247,6.882],[-13.247,-7.698],[-11.87,-8.021],[-11.546,-7.698],[-3.546,6.882],[-4.018,8.215],[-4.396,8.312]],"c":true},"ix":2},"nm":"Path 2","mn":"ADBE Vector Shape - Group","hd":false},{"ty":"fl","c":{"a":0,"k":[0.976000019148,0.588000009574,0.169000004787,1],"ix":4},"o":{"a":0,"k":100,"ix":5},"r":1,"nm":"Fill 1","mn":"ADBE Vector Graphic - Fill","hd":false},{"ty":"tr","p":{"a":0,"k":[24.107,13.803],"ix":2},"a":{"a":0,"k":[0,0],"ix":1},"s":{"a":0,"k":[100,100],"ix":3},"r":{"a":0,"k":0,"ix":6},"o":{"a":0,"k":100,"ix":7},"sk":{"a":0,"k":0,"ix":4},"sa":{"a":0,"k":0,"ix":5},"nm":"Transform"}],"nm":"Group 3","np":3,"cix":2,"ix":3,"mn":"ADBE Vector Group","hd":false},{"ty":"gr","it":[{"ind":0,"ty":"sh","ix":1,"ks":{"a":0,"k":{"i":[[0,0],[0,0],[0,0],[0,0]],"o":[[0,0],[0,0],[0,0],[0,0]],"v":[[-0.895,0.895],[0.895,0.895],[0.895,-0.895],[-0.924,-0.895]],"c":true},"ix":2},"nm":"Path 1","mn":"ADBE Vector Shape - Group","hd":false},{"ind":1,"ty":"sh","ix":2,"ks":{"a":0,"k":{"i":[[0,0],[0,0],[0,0],[0,0]],"o":[[0,0],[0,0],[0,0],[0,0]],"v":[[1.335,1.335],[-1.335,1.335],[-1.335,-1.335],[1.335,-1.335]],"c":true},"ix":2},"nm":"Path 2","mn":"ADBE Vector Shape - Group","hd":false},{"ty":"fl","c":{"a":0,"k":[0.246999987434,0.560999971278,0.936999990426,1],"ix":4},"o":{"a":0,"k":100,"ix":5},"r":1,"nm":"Fill 1","mn":"ADBE Vector Graphic - Fill","hd":false},{"ty":"tr","p":{"a":0,"k":[9.055,31.809],"ix":2},"a":{"a":0,"k":[0,0],"ix":1},"s":{"a":0,"k":[100,100],"ix":3},"r":{"a":0,"k":0,"ix":6},"o":{"a":0,"k":100,"ix":7},"sk":{"a":0,"k":0,"ix":4},"sa":{"a":0,"k":0,"ix":5},"nm":"Transform"}],"nm":"Group 4","np":3,"cix":2,"ix":4,"mn":"ADBE Vector Group","hd":false}],"ip":0,"op":1200,"st":0,"bm":0},{"ddd":0,"ind":3,"ty":4,"nm":"scroll","sr":1,"ks":{"o":{"a":1,"k":[{"i":{"x":[0.667],"y":[1]},"o":{"x":[0.333],"y":[0]},"n":["0p667_1_0p333_0"],"t":0,"s":[0],"e":[100]},{"t":10}],"ix":11},"r":{"a":0,"k":0,"ix":10},"p":{"a":1,"k":[{"i":{"x":0.066,"y":1},"o":{"x":0.333,"y":0},"n":"0p066_1_0p333_0","t":0,"s":[279.5,144.5,0],"e":[240.5,144.5,0],"to":[-6.5,0,0],"ti":[6.5,0,0]},{"t":10}],"ix":2},"a":{"a":0,"k":[34,18,0],"ix":1},"s":{"a":0,"k":[100,100,100],"ix":6}},"ao":0,"shapes":[{"ty":"gr","it":[{"ind":0,"ty":"sh","ix":1,"ks":{"a":0,"k":{"i":[[-2.044,0],[0,-4.871],[2.043,0],[0,4.871]],"o":[[2.043,0],[0,4.871],[-2.044,0],[0,-4.871]],"v":[[0.001,-8.82],[3.699,0],[0.001,8.82],[-3.699,0]],"c":true},"ix":2},"nm":"Path 1","mn":"ADBE Vector Shape - Group","hd":false},{"ty":"fl","c":{"a":0,"k":[0.234999997008,0.736999990426,0.438999998803,1],"ix":4},"o":{"a":0,"k":100,"ix":5},"r":1,"nm":"Fill 1","mn":"ADBE Vector Graphic - Fill","hd":false},{"ty":"tr","p":{"a":0,"k":[3.7,8.85],"ix":2},"a":{"a":0,"k":[0,0],"ix":1},"s":{"a":0,"k":[100,100],"ix":3},"r":{"a":0,"k":0,"ix":6},"o":{"a":0,"k":100,"ix":7},"sk":{"a":0,"k":0,"ix":4},"sa":{"a":0,"k":0,"ix":5},"nm":"Transform"}],"nm":"Group 1","np":2,"cix":2,"ix":1,"mn":"ADBE Vector Group","hd":false},{"ty":"gr","it":[{"ind":0,"ty":"sh","ix":1,"ks":{"a":0,"k":{"i":[[2.08,0],[0,0],[0,-4.89],[2.04,0],[0,0],[0,4.89]],"o":[[0,0],[2,0],[0,4.89],[0,0],[2,0],[0,-4.89]],"v":[[1.705,-8.82],[-5.405,-8.82],[-1.705,0],[-5.405,8.82],[1.705,8.82],[5.405,0]],"c":true},"ix":2},"nm":"Path 1","mn":"ADBE Vector Shape - Group","hd":false},{"ty":"fl","c":{"a":0,"k":[0.917999985639,0.305999995213,0.305999995213,1],"ix":4},"o":{"a":0,"k":100,"ix":5},"r":1,"nm":"Fill 1","mn":"ADBE Vector Graphic - Fill","hd":false},{"ty":"tr","p":{"a":0,"k":[36.795,8.82],"ix":2},"a":{"a":0,"k":[0,0],"ix":1},"s":{"a":0,"k":[100,100],"ix":3},"r":{"a":0,"k":0,"ix":6},"o":{"a":0,"k":100,"ix":7},"sk":{"a":0,"k":0,"ix":4},"sa":{"a":0,"k":0,"ix":5},"nm":"Transform"}],"nm":"Group 2","np":2,"cix":2,"ix":2,"mn":"ADBE Vector Group","hd":false},{"ty":"gr","it":[{"ind":0,"ty":"sh","ix":1,"ks":{"a":0,"k":{"i":[[2.04,0],[0,0],[0,0],[0,0],[0,4.89]],"o":[[0,0],[0,0],[0,0],[2,0],[0,-4.89]],"v":[[28.441,-8.81],[-32.139,-8.81],[-32.139,8.81],[28.441,8.81],[32.139,-0.01]],"c":true},"ix":2},"nm":"Path 1","mn":"ADBE Vector Shape - Group","hd":false},{"ty":"fl","c":{"a":0,"k":[0.298000021542,0.838999968884,0.564999988032,1],"ix":4},"o":{"a":0,"k":100,"ix":5},"r":1,"nm":"Fill 1","mn":"ADBE Vector Graphic - Fill","hd":false},{"ty":"tr","p":{"a":0,"k":[35.84,8.81],"ix":2},"a":{"a":0,"k":[0,0],"ix":1},"s":{"a":0,"k":[100,100],"ix":3},"r":{"a":0,"k":0,"ix":6},"o":{"a":0,"k":100,"ix":7},"sk":{"a":0,"k":0,"ix":4},"sa":{"a":0,"k":0,"ix":5},"nm":"Transform"}],"nm":"Group 3","np":2,"cix":2,"ix":3,"mn":"ADBE Vector Group","hd":false},{"ty":"gr","it":[{"ind":0,"ty":"sh","ix":1,"ks":{"a":0,"k":{"i":[[0,0],[0,0],[-0.584,-0.122],[-0.14,-0.123],[0,0],[0,0],[0,0]],"o":[[0,0],[0.122,-0.584],[0.183,0.038],[0,0],[0,0],[0,0],[0,0]],"v":[[0.954,14.765],[2.055,9.215],[3.333,8.379],[3.825,8.625],[8.055,12.395],[-0.945,-14.765],[-8.055,-12.445]],"c":true},"ix":2},"nm":"Path 1","mn":"ADBE Vector Shape - Group","hd":false},{"ty":"fl","c":{"a":0,"k":[0.917999985639,0.305999995213,0.305999995213,1],"ix":4},"o":{"a":0,"k":100,"ix":5},"r":1,"nm":"Fill 1","mn":"ADBE Vector Graphic - Fill","hd":false},{"ty":"tr","p":{"a":0,"k":[41.195,21.235],"ix":2},"a":{"a":0,"k":[0,0],"ix":1},"s":{"a":0,"k":[100,100],"ix":3},"r":{"a":0,"k":0,"ix":6},"o":{"a":0,"k":100,"ix":7},"sk":{"a":0,"k":0,"ix":4},"sa":{"a":0,"k":0,"ix":5},"nm":"Transform"}],"nm":"Group 4","np":2,"cix":2,"ix":4,"mn":"ADBE Vector Group","hd":false},{"ty":"gr","it":[{"ind":0,"ty":"sh","ix":1,"ks":{"a":0,"k":{"i":[[0,0],[0,0],[0.576,-0.154],[0.114,-0.09],[0,0],[0,0],[0,0]],"o":[[0,0],[-0.154,-0.576],[-0.142,0.038],[0,0],[0,0],[0,0],[0,0]],"v":[[-0.41,13],[-1.74,8],[-3.062,7.236],[-3.45,7.43],[-7.45,10.69],[0.34,-13],[7.45,-10.68]],"c":true},"ix":2},"nm":"Path 1","mn":"ADBE Vector Shape - Group","hd":false},{"ty":"fl","c":{"a":0,"k":[0.917999985639,0.305999995213,0.305999995213,1],"ix":4},"o":{"a":0,"k":100,"ix":5},"r":1,"nm":"Fill 1","mn":"ADBE Vector Graphic - Fill","hd":false},{"ty":"tr","p":{"a":0,"k":[30.54,23],"ix":2},"a":{"a":0,"k":[0,0],"ix":1},"s":{"a":0,"k":[100,100],"ix":3},"r":{"a":0,"k":0,"ix":6},"o":{"a":0,"k":100,"ix":7},"sk":{"a":0,"k":0,"ix":4},"sa":{"a":0,"k":0,"ix":5},"nm":"Transform"}],"nm":"Group 5","np":2,"cix":2,"ix":5,"mn":"ADBE Vector Group","hd":false}],"ip":0,"op":1200,"st":0,"bm":0},{"ddd":0,"ind":4,"ty":4,"nm":"cert","sr":1,"ks":{"o":{"a":1,"k":[{"i":{"x":[0.667],"y":[1]},"o":{"x":[0.333],"y":[0]},"n":["0p667_1_0p333_0"],"t":0,"s":[0],"e":[100]},{"t":10}],"ix":11},"r":{"a":0,"k":0,"ix":10},"p":{"a":1,"k":[{"i":{"x":0.066,"y":1},"o":{"x":0.333,"y":0},"n":"0p066_1_0p333_0","t":0,"s":[134,70,0],"e":[134,147,0],"to":[0,12.8333330154419,0],"ti":[0,-12.8333330154419,0]},{"t":10}],"ix":2},"a":{"a":0,"k":[87.5,68,0],"ix":1},"s":{"a":0,"k":[100,100,100],"ix":6}},"ao":0,"shapes":[{"ty":"gr","it":[{"ty":"gr","it":[{"ind":0,"ty":"sh","ix":1,"ks":{"a":0,"k":{"i":[[0,0],[0,0],[0,0],[0,0],[0,0],[0,0],[0,0],[0,0],[0,0],[0,0],[0,0],[0,0],[0,0],[0,0],[0,0],[0,3.131],[0,0],[0,0],[0,11.13],[11.548,0]],"o":[[0,0],[0,0],[0,0],[0,0],[0,0],[0,0],[0,0],[0,0],[0,0],[0,0],[0,0],[0,0],[0,0],[0,0],[3.131,0],[0,0],[0,0],[11.548,0],[0,-11.129],[0,0]],"v":[[-24.929,-20.651],[-24.929,-13.245],[-29.087,-13.245],[-29.087,-9.63],[-11.476,-9.63],[-11.476,-13.245],[7.212,-0.955],[-11.476,12.019],[-11.483,12.019],[-11.483,8.404],[-28.853,8.404],[-28.853,12.019],[-24.929,12.019],[-24.929,31.923],[-17.21,31.923],[-11.541,26.254],[-11.541,19.515],[-2.755,19.515],[17.747,-0.569],[-2.755,-20.651]],"c":true},"ix":2},"nm":"Path 2","mn":"ADBE Vector Shape - Group","hd":false},{"ind":1,"ty":"sh","ix":2,"ks":{"a":0,"k":{"i":[[0,0],[0,0],[0,0],[0,0]],"o":[[0,0],[0,0],[0,0],[0,0]],"v":[[-31.783,-2.442],[-11.484,-2.442],[-11.484,-6.057],[-31.783,-6.057]],"c":true},"ix":2},"nm":"Path 3","mn":"ADBE Vector Shape - Group","hd":false},{"ind":2,"ty":"sh","ix":3,"ks":{"a":0,"k":{"i":[[0,0]],"o":[[0,0]],"v":[[-31.783,-6.057]],"c":false},"ix":2},"nm":"Path 4","mn":"ADBE Vector Shape - Group","hd":false},{"ind":3,"ty":"sh","ix":4,"ks":{"a":0,"k":{"i":[[0,0],[0,0],[0,0],[0,0]],"o":[[0,0],[0,0],[0,0],[0,0]],"v":[[-26.267,4.789],[-11.484,4.789],[-11.484,1.174],[-26.267,1.174]],"c":true},"ix":2},"nm":"Path 5","mn":"ADBE Vector Shape - Group","hd":false},{"ty":"gf","o":{"a":0,"k":100,"ix":10},"r":1,"g":{"p":3,"k":{"a":0,"k":[0,0.251,0.49,0.973,0.5,0.22,0.259,0.986,1,0.188,0.027,1],"ix":9}},"s":{"a":0,"k":[-35.197,-10.769],"ix":5},"e":{"a":0,"k":[17.205,-0.165],"ix":6},"t":1,"nm":"Gradient Fill 1","mn":"ADBE Vector Graphic - G-Fill","hd":false},{"ty":"tr","p":{"a":0,"k":[86.163,20.152],"ix":2},"a":{"a":0,"k":[0,0],"ix":1},"s":{"a":0,"k":[14,14],"ix":3},"r":{"a":0,"k":0,"ix":6},"o":{"a":0,"k":100,"ix":7},"sk":{"a":0,"k":0,"ix":4},"sa":{"a":0,"k":0,"ix":5},"nm":"Transform"}],"nm":"Logo1","np":5,"cix":2,"ix":1,"mn":"ADBE Vector Group","hd":false},{"ty":"gr","it":[{"ind":0,"ty":"sh","ix":1,"ks":{"a":0,"k":{"i":[[0,0],[0,0],[0,0],[0,0],[0,0],[0,0],[0,0],[0,0],[0,0],[0,0],[0,0],[0,0],[0,0],[0,0],[0,0],[0,3.131],[0,0],[0,0],[0,11.13],[11.548,0]],"o":[[0,0],[0,0],[0,0],[0,0],[0,0],[0,0],[0,0],[0,0],[0,0],[0,0],[0,0],[0,0],[0,0],[0,0],[3.131,0],[0,0],[0,0],[11.548,0],[0,-11.129],[0,0]],"v":[[-14.721,-26.287],[-14.721,-18.881],[-18.879,-18.881],[-18.879,-15.266],[-1.268,-15.266],[-1.268,-18.881],[17.42,-6.591],[-1.268,6.383],[-1.275,6.383],[-1.275,2.768],[-18.645,2.768],[-18.645,6.383],[-14.721,6.383],[-14.721,26.287],[-7.002,26.287],[-1.333,20.618],[-1.333,13.879],[7.453,13.879],[27.955,-6.205],[7.453,-26.287]],"c":true},"ix":2},"nm":"Path 2","mn":"ADBE Vector Shape - Group","hd":false},{"ind":1,"ty":"sh","ix":2,"ks":{"a":0,"k":{"i":[[0,0],[0,0],[0,0],[0,0]],"o":[[0,0],[0,0],[0,0],[0,0]],"v":[[-25.26,-15.266],[-21.493,-15.266],[-21.493,-18.881],[-25.26,-18.881]],"c":true},"ix":2},"nm":"Path 3","mn":"ADBE Vector Shape - Group","hd":false},{"ind":2,"ty":"sh","ix":3,"ks":{"a":0,"k":{"i":[[0,0]],"o":[[0,0]],"v":[[-25.26,-18.881]],"c":false},"ix":2},"nm":"Path 4","mn":"ADBE Vector Shape - Group","hd":false},{"ind":3,"ty":"sh","ix":4,"ks":{"a":0,"k":{"i":[[0,0],[0,0],[0,0],[0,0]],"o":[[0,0],[0,0],[0,0],[0,0]],"v":[[-21.575,-8.078],[-1.276,-8.078],[-1.276,-11.693],[-21.575,-11.693]],"c":true},"ix":2},"nm":"Path 5","mn":"ADBE Vector Shape - Group","hd":false},{"ind":4,"ty":"sh","ix":5,"ks":{"a":0,"k":{"i":[[0,0]],"o":[[0,0]],"v":[[-21.575,-11.693]],"c":false},"ix":2},"nm":"Path 6","mn":"ADBE Vector Shape - Group","hd":false},{"ind":5,"ty":"sh","ix":6,"ks":{"a":0,"k":{"i":[[0,0],[0,0],[0,0],[0,0]],"o":[[0,0],[0,0],[0,0],[0,0]],"v":[[-27.955,-8.078],[-24.188,-8.078],[-24.188,-11.693],[-27.955,-11.693]],"c":true},"ix":2},"nm":"Path 7","mn":"ADBE Vector Shape - Group","hd":false},{"ind":6,"ty":"sh","ix":7,"ks":{"a":0,"k":{"i":[[0,0]],"o":[[0,0]],"v":[[-27.955,-11.693]],"c":false},"ix":2},"nm":"Path 8","mn":"ADBE Vector Shape - Group","hd":false},{"ind":7,"ty":"sh","ix":8,"ks":{"a":0,"k":{"i":[[0,0],[0,0],[0,0],[0,0]],"o":[[0,0],[0,0],[0,0],[0,0]],"v":[[-16.059,-0.847],[-1.276,-0.847],[-1.276,-4.462],[-16.059,-4.462]],"c":true},"ix":2},"nm":"Path 9","mn":"ADBE Vector Shape - Group","hd":false},{"ind":8,"ty":"sh","ix":9,"ks":{"a":0,"k":{"i":[[0,0]],"o":[[0,0]],"v":[[-16.059,-4.462]],"c":false},"ix":2},"nm":"Path 10","mn":"ADBE Vector Shape - Group","hd":false},{"ind":9,"ty":"sh","ix":10,"ks":{"a":0,"k":{"i":[[0,0],[0,0],[0,0],[0,0]],"o":[[0,0],[0,0],[0,0],[0,0]],"v":[[-22.439,-0.847],[-18.673,-0.847],[-18.673,-4.462],[-22.439,-4.462]],"c":true},"ix":2},"nm":"Path 11","mn":"ADBE Vector Shape - Group","hd":false},{"ind":10,"ty":"sh","ix":11,"ks":{"a":0,"k":{"i":[[0,0]],"o":[[0,0]],"v":[[-22.439,-4.462]],"c":false},"ix":2},"nm":"Path 12","mn":"ADBE Vector Shape - Group","hd":false},{"ind":11,"ty":"sh","ix":12,"ks":{"a":0,"k":{"i":[[0,0],[0,0],[0,0],[0,0]],"o":[[0,0],[0,0],[0,0],[0,0]],"v":[[-25.025,6.383],[-21.259,6.383],[-21.259,2.768],[-25.025,2.768]],"c":true},"ix":2},"nm":"Path 13","mn":"ADBE Vector Shape - Group","hd":false},{"ty":"gf","o":{"a":0,"k":100,"ix":10},"r":1,"g":{"p":3,"k":{"a":0,"k":[0,0.251,0.49,0.973,0.5,0.22,0.259,0.986,1,0.188,0.027,1],"ix":9}},"s":{"a":0,"k":[0,0],"ix":5},"e":{"a":0,"k":[30.232,-0.969],"ix":6},"t":1,"nm":"Gradient Fill 1","mn":"ADBE Vector Graphic - G-Fill","hd":false},{"ty":"tr","p":{"a":0,"k":[84.705,20.944],"ix":2},"a":{"a":0,"k":[0,0],"ix":1},"s":{"a":0,"k":[14,14],"ix":3},"r":{"a":0,"k":0,"ix":6},"o":{"a":0,"k":100,"ix":7},"sk":{"a":0,"k":0,"ix":4},"sa":{"a":0,"k":0,"ix":5},"nm":"Transform"}],"nm":"logo2","np":13,"cix":2,"ix":2,"mn":"ADBE Vector Group","hd":false},{"ty":"tr","p":{"a":0,"k":[-4.5,-2],"ix":2},"a":{"a":0,"k":[0,0],"ix":1},"s":{"a":0,"k":[167,167],"ix":3},"r":{"a":0,"k":0,"ix":6},"o":{"a":0,"k":100,"ix":7},"sk":{"a":0,"k":0,"ix":4},"sa":{"a":0,"k":0,"ix":5},"nm":"Transform"}],"nm":"Logo","np":2,"cix":2,"ix":1,"mn":"ADBE Vector Group","hd":false},{"ty":"gr","it":[{"ind":0,"ty":"sh","ix":1,"ks":{"a":0,"k":{"i":[[0,0],[0,0],[-1.244,-0.149],[-1.448,0.708],[0,0],[2.236,3.349],[-0.72,-0.57],[-0.75,-0.54],[-0.78,-0.53],[1.37,2.117],[-3.07,-2.12],[-0.1,0.35],[0.488,1.423],[0.608,0.931],[0,0],[-0.973,-2.193],[0.031,-1.343],[0.222,-0.644],[-0.093,-0.079],[0.01,-1.184],[0.048,-0.332],[0,0],[0.576,0.287],[0.511,-0.123],[0.138,-0.112],[0.939,-0.167],[1.733,0.804],[1.051,0.875],[0.639,0.838],[0,0]],"o":[[0,0],[1.143,0.514],[1.594,0.24],[0,0],[-3.133,-2.53],[0.7,0.58],[0.72,0.57],[0.75,0.54],[-1.685,-1.876],[2.8,2.36],[0.15,-0.39],[0.41,-1.448],[-0.334,-1.06],[0,0],[1.953,1.395],[0.551,1.225],[-0.01,0.681],[-0.051,0.11],[0.818,0.855],[-0.013,0.334],[0,0],[-0.472,-0.436],[-0.451,-0.271],[-0.172,0.046],[-0.716,0.63],[-1.879,0.341],[-1.239,-0.578],[-0.847,-0.628],[0,0],[0,0]],"v":[[-8.845,2.494],[-7.375,3.225],[-3.775,4.225],[0.895,3.505],[1.075,3.404],[-7.025,-5.465],[-4.905,-3.725],[-2.725,-2.025],[-0.425,-0.495],[-5.015,-6.495],[3.635,0.374],[4.045,-0.706],[3.925,-5.115],[2.505,-8.115],[2.595,-8.115],[7.065,-2.635],[7.855,1.264],[7.505,3.264],[7.575,3.585],[8.835,6.764],[8.745,7.764],[8.585,7.635],[7.005,6.544],[5.505,6.314],[5.035,6.555],[2.505,7.775],[-3.045,7.064],[-6.495,4.874],[-8.735,2.665],[-8.845,2.514]],"c":true},"ix":2},"nm":"Path 1","mn":"ADBE Vector Shape - Group","hd":false},{"ty":"fl","c":{"a":0,"k":[0.404000016755,0.455000005984,0.620000023935,1],"ix":4},"o":{"a":0,"k":100,"ix":5},"r":1,"nm":"Fill 1","mn":"ADBE Vector Graphic - Fill","hd":false},{"ty":"tr","p":{"a":0,"k":[26.213,28.948],"ix":2},"a":{"a":0,"k":[0,0],"ix":1},"s":{"a":0,"k":[100,100],"ix":3},"r":{"a":0,"k":0,"ix":6},"o":{"a":1,"k":[{"i":{"x":[0.833],"y":[0.833]},"o":{"x":[0.167],"y":[0.167]},"n":["0p833_0p833_0p167_0p167"],"t":10,"s":[0],"e":[100]},{"t":14.58349609375}],"ix":7},"sk":{"a":0,"k":0,"ix":4},"sa":{"a":0,"k":0,"ix":5},"nm":"Transform"}],"nm":"Group 1","np":2,"cix":2,"ix":2,"mn":"ADBE Vector Group","hd":false},{"ty":"gr","it":[{"ind":0,"ty":"sh","ix":1,"ks":{"a":0,"k":{"i":[[-0.762,0],[0,0],[0,-0.762],[0,0],[0.762,0],[0,0],[0,0.762],[0,0]],"o":[[0,0],[0.762,0],[0,0],[0,0.762],[0,0],[-0.762,0],[0,0],[0,-0.762]],"v":[[-24.58,-2.87],[24.58,-2.87],[25.96,-1.49],[25.96,1.49],[24.58,2.87],[-24.58,2.87],[-25.96,1.49],[-25.96,-1.49]],"c":true},"ix":2},"nm":"Path 1","mn":"ADBE Vector Shape - Group","hd":false},{"ty":"fl","c":{"a":0,"k":[0.913999968884,0.929000016755,0.952999997606,1],"ix":4},"o":{"a":0,"k":100,"ix":5},"r":1,"nm":"Fill 1","mn":"ADBE Vector Graphic - Fill","hd":false},{"ty":"tr","p":{"a":0,"k":[16.285,73.578],"ix":2},"a":{"a":0,"k":[-26.485,0.128],"ix":1},"s":{"a":1,"k":[{"i":{"x":[0.667,0.667],"y":[1,1]},"o":{"x":[0.333,0.333],"y":[0,0]},"n":["0p667_1_0p333_0","0p667_1_0p333_0"],"t":12.5,"s":[0,100],"e":[100,100]},{"t":17.5}],"ix":3},"r":{"a":0,"k":0,"ix":6},"o":{"a":0,"k":100,"ix":7},"sk":{"a":0,"k":0,"ix":4},"sa":{"a":0,"k":0,"ix":5},"nm":"Transform"}],"nm":"Group 2","np":2,"cix":2,"ix":3,"mn":"ADBE Vector Group","hd":false},{"ty":"gr","it":[{"ind":0,"ty":"sh","ix":1,"ks":{"a":0,"k":{"i":[[-0.707,0],[0,0],[0,-0.707],[0,0],[0.707,0],[0,0],[0,0.707],[0,0]],"o":[[0,0],[0.707,0],[0,0],[0,0.707],[0,0],[-0.707,0],[0,0],[0,-0.707]],"v":[[-13.39,-2.65],[13.39,-2.65],[14.67,-1.37],[14.67,1.37],[13.39,2.65],[-13.39,2.65],[-14.67,1.37],[-14.67,-1.37]],"c":true},"ix":2},"nm":"Path 1","mn":"ADBE Vector Shape - Group","hd":false},{"ty":"fl","c":{"a":0,"k":[0.913999968884,0.929000016755,0.952999997606,1],"ix":4},"o":{"a":0,"k":100,"ix":5},"r":1,"nm":"Fill 1","mn":"ADBE Vector Graphic - Fill","hd":false},{"ty":"tr","p":{"a":0,"k":[16.331,108.576],"ix":2},"a":{"a":0,"k":[-15.148,0.386],"ix":1},"s":{"a":1,"k":[{"i":{"x":[0.833,0.833],"y":[0.833,0.833]},"o":{"x":[0.167,0.167],"y":[0.167,0.167]},"n":["0p833_0p833_0p167_0p167","0p833_0p833_0p167_0p167"],"t":15,"s":[0,100],"e":[100,100]},{"t":19.58349609375}],"ix":3},"r":{"a":0,"k":0,"ix":6},"o":{"a":0,"k":100,"ix":7},"sk":{"a":0,"k":0,"ix":4},"sa":{"a":0,"k":0,"ix":5},"nm":"Transform"}],"nm":"Group 3","np":2,"cix":2,"ix":4,"mn":"ADBE Vector Group","hd":false},{"ty":"gr","it":[{"ind":0,"ty":"sh","ix":1,"ks":{"a":0,"k":{"i":[[-0.707,0],[0,0],[0,-0.707],[0,0],[0.707,0],[0,0],[0,0.707],[0,0]],"o":[[0,0],[0.707,0],[0,0],[0,0.707],[0,0],[-0.707,0],[0,0],[0,-0.707]],"v":[[-20.795,-2.65],[20.795,-2.65],[22.075,-1.37],[22.075,1.37],[20.795,2.65],[-20.795,2.65],[-22.075,1.37],[-22.075,-1.37]],"c":true},"ix":2},"nm":"Path 1","mn":"ADBE Vector Shape - Group","hd":false},{"ty":"fl","c":{"a":0,"k":[0.913999968884,0.929000016755,0.952999997606,1],"ix":4},"o":{"a":0,"k":100,"ix":5},"r":1,"nm":"Fill 1","mn":"ADBE Vector Graphic - Fill","hd":false},{"ty":"tr","p":{"a":0,"k":[16.689,62.302],"ix":2},"a":{"a":0,"k":[-22.196,0.282],"ix":1},"s":{"a":1,"k":[{"i":{"x":[0.667,0.667],"y":[1,1]},"o":{"x":[0.333,0.333],"y":[0,0]},"n":["0p667_1_0p333_0","0p667_1_0p333_0"],"t":11.25,"s":[0,100],"e":[100,100]},{"t":16.25}],"ix":3},"r":{"a":0,"k":0,"ix":6},"o":{"a":0,"k":100,"ix":7},"sk":{"a":0,"k":0,"ix":4},"sa":{"a":0,"k":0,"ix":5},"nm":"Transform"}],"nm":"Group 4","np":2,"cix":2,"ix":5,"mn":"ADBE Vector Group","hd":false},{"ty":"gr","it":[{"ind":0,"ty":"sh","ix":1,"ks":{"a":0,"k":{"i":[[-0.735,0],[0,0],[0,-0.734],[0,0],[0.734,0],[0,0],[0,0.735],[0,0]],"o":[[0,0],[0.734,0],[0,0],[0,0.735],[0,0],[-0.735,0],[0,0],[0,-0.734]],"v":[[-25.49,-2.76],[25.49,-2.76],[26.82,-1.43],[26.82,1.43],[25.49,2.76],[-25.49,2.76],[-26.82,1.43],[-26.82,-1.43]],"c":true},"ix":2},"nm":"Path 1","mn":"ADBE Vector Shape - Group","hd":false},{"ty":"fl","c":{"a":0,"k":[0.913999968884,0.929000016755,0.952999997606,1],"ix":4},"o":{"a":0,"k":100,"ix":5},"r":1,"nm":"Fill 1","mn":"ADBE Vector Graphic - Fill","hd":false},{"ty":"tr","p":{"a":0,"k":[16.656,51.199],"ix":2},"a":{"a":0,"k":[-26.974,0.379],"ix":1},"s":{"a":1,"k":[{"i":{"x":[0.667,0.667],"y":[1,1]},"o":{"x":[0.333,0.333],"y":[0,0]},"n":["0p667_1_0p333_0","0p667_1_0p333_0"],"t":10,"s":[0,100],"e":[100,100]},{"t":15}],"ix":3},"r":{"a":0,"k":0,"ix":6},"o":{"a":0,"k":100,"ix":7},"sk":{"a":0,"k":0,"ix":4},"sa":{"a":0,"k":0,"ix":5},"nm":"Transform"}],"nm":"Group 5","np":2,"cix":2,"ix":6,"mn":"ADBE Vector Group","hd":false},{"ty":"gr","it":[{"ind":0,"ty":"sh","ix":1,"ks":{"a":0,"k":{"i":[[0,0],[0.13,0.91],[0.74,-0.98],[0.89,-1.78],[0.051,-0.266],[-0.264,0.331],[0,0],[-1.15,1.48],[-0.263,0.614],[0,0],[0,0],[0,0],[0.1,-0.19],[-0.2,0.14],[-0.051,0.092],[-0.2,-0.36],[-0.18,-0.19],[-0.252,0.153],[0,0],[0,0],[0.06,-0.05],[0.043,-0.163],[-0.012,-0.029],[-0.07,0],[-0.18,-0.06],[-0.024,-0.03],[-0.39,0.35],[-0.314,0.32],[0.31,-0.04],[0.06,-0.09],[0.219,-0.51],[-0.85,0.75],[0,0],[-0.09,-0.07],[-0.31,0.21],[-0.11,-0.19],[0.18,-0.09]],"o":[[0,0],[-0.78,0.94],[-1.257,1.543],[-0.128,0.238],[0.315,-0.282],[0,0],[1.25,-1.4],[0.451,-0.492],[0,0],[0,0],[0,0],[-0.11,0.18],[-0.1,0.19],[0.081,-0.066],[0.13,-0.19],[0.2,0.36],[0.216,0.2],[0,0],[0,0],[0.06,0],[-0.114,0.126],[-0.012,0.029],[0,0.06],[0.07,0],[0.035,0.016],[0.53,0.57],[0.352,-0.28],[0.07,-0.09],[-0.14,0],[-0.274,0.483],[0,0],[0,0],[0.22,-0.24],[0.37,0.28],[0.13,-0.09],[0.11,0.19],[0,0]],"v":[[-0.915,-2.715],[0.085,-4.305],[-2.185,-1.415],[-5.415,3.585],[-5.685,4.345],[-4.815,3.425],[-3.175,1.615],[0.475,-2.675],[1.555,-4.345],[-0.535,-1.025],[-1.945,1.215],[-2.655,2.335],[-2.995,2.875],[-2.795,3.055],[-2.595,2.815],[-1.875,2.345],[-1.695,3.105],[-0.905,3.185],[-0.385,2.865],[-0.335,2.865],[-0.335,3.005],[-0.575,3.445],[-0.575,3.535],[-0.375,3.535],[0.425,3.065],[0.515,3.135],[2.235,2.355],[3.235,1.455],[3.385,0.795],[3.025,1.255],[2.285,2.745],[2.775,3.275],[3.495,2.485],[3.725,2.965],[4.975,2.695],[5.575,2.695],[5.035,3.355]],"c":false},"ix":2},"nm":"Path 1","mn":"ADBE Vector Shape - Group","hd":false},{"ty":"st","c":{"a":0,"k":[0.404000016755,0.455000005984,0.620000023935,1],"ix":3},"o":{"a":0,"k":100,"ix":4},"w":{"a":0,"k":0.25,"ix":5},"lc":2,"lj":2,"nm":"Stroke 1","mn":"ADBE Vector Graphic - Stroke","hd":false},{"ty":"tr","p":{"a":0,"k":[23.675,95.985],"ix":2},"a":{"a":0,"k":[0,0],"ix":1},"s":{"a":0,"k":[100,100],"ix":3},"r":{"a":0,"k":0,"ix":6},"o":{"a":1,"k":[{"i":{"x":[0.833],"y":[0.833]},"o":{"x":[0.167],"y":[0.167]},"n":["0p833_0p833_0p167_0p167"],"t":10,"s":[0],"e":[100]},{"t":15}],"ix":7},"sk":{"a":0,"k":0,"ix":4},"sa":{"a":0,"k":0,"ix":5},"nm":"Transform"}],"nm":"Group 6","np":2,"cix":2,"ix":7,"mn":"ADBE Vector Group","hd":false},{"ty":"gr","it":[{"ind":0,"ty":"sh","ix":1,"ks":{"a":0,"k":{"i":[[7.622,0.011],[0,-7.627],[-7.627,0],[0,7.627]],"o":[[-7.627,0],[0,7.627],[7.627,0],[-0.011,-7.622]],"v":[[0,-13.81],[-13.81,0],[0,13.81],[13.81,0]],"c":true},"ix":2},"nm":"Path 1","mn":"ADBE Vector Shape - Group","hd":false},{"ind":1,"ty":"sh","ix":2,"ks":{"a":0,"k":{"i":[[7.87,0],[0,7.87],[-7.87,0],[0,-7.87]],"o":[[-7.87,0],[0,-7.87],[7.87,0],[0,7.87]],"v":[[0,14.25],[-14.25,0],[0,-14.25],[14.25,0]],"c":true},"ix":2},"nm":"Path 2","mn":"ADBE Vector Shape - Group","hd":false},{"ty":"fl","c":{"a":0,"k":[0.913999968884,0.929000016755,0.952999997606,1],"ix":4},"o":{"a":0,"k":100,"ix":5},"r":1,"nm":"Fill 1","mn":"ADBE Vector Graphic - Fill","hd":false},{"ty":"tr","p":{"a":0,"k":[137.14,32.4],"ix":2},"a":{"a":0,"k":[0,0],"ix":1},"s":{"a":0,"k":[100,100],"ix":3},"r":{"a":0,"k":0,"ix":6},"o":{"a":0,"k":100,"ix":7},"sk":{"a":0,"k":0,"ix":4},"sa":{"a":0,"k":0,"ix":5},"nm":"Transform"}],"nm":"Group 7","np":3,"cix":2,"ix":8,"mn":"ADBE Vector Group","hd":false},{"ty":"gr","it":[{"ind":0,"ty":"sh","ix":1,"ks":{"a":0,"k":{"i":[[9.5,0],[0,8.73],[0,0],[0,0],[0,0],[-9.24,0],[0,8.5],[0,0],[0,0],[0,0]],"o":[[-9.48,0],[0,0],[0,0],[0,0],[0,8.49],[9.24,0],[0,0],[0,0],[0,0],[0,8.74]],"v":[[0,22.28],[-17.2,6.45],[-17.2,-22.28],[-16.76,-22.28],[-16.76,6.43],[0,21.82],[16.76,6.43],[16.76,-22.28],[17.2,-22.28],[17.2,6.43]],"c":true},"ix":2},"nm":"Path 1","mn":"ADBE Vector Shape - Group","hd":false},{"ty":"fl","c":{"a":0,"k":[0.913999968884,0.929000016755,0.952999997606,1],"ix":4},"o":{"a":0,"k":100,"ix":5},"r":1,"nm":"Fill 1","mn":"ADBE Vector Graphic - Fill","hd":false},{"ty":"tr","p":{"a":0,"k":[137.14,27.69],"ix":2},"a":{"a":0,"k":[0,0],"ix":1},"s":{"a":0,"k":[100,100],"ix":3},"r":{"a":0,"k":0,"ix":6},"o":{"a":0,"k":100,"ix":7},"sk":{"a":0,"k":0,"ix":4},"sa":{"a":0,"k":0,"ix":5},"nm":"Transform"}],"nm":"Group 8","np":2,"cix":2,"ix":9,"mn":"ADBE Vector Group","hd":false},{"ty":"gr","it":[{"ind":0,"ty":"sh","ix":1,"ks":{"a":0,"k":{"i":[[0.35,0.83],[-0.203,1.06],[-0.09,-0.012],[0,0],[-0.569,-0.918],[0.079,-0.48],[0.348,-0.152],[0.144,-0.002]],"o":[[-0.256,-1.048],[0.016,-0.09],[0,0],[0.9,0.597],[0.209,0.439],[-0.071,0.374],[-0.133,0.058],[-0.62,0.02]],"v":[[-3.912,-7.526],[-3.992,-10.726],[-3.803,-10.866],[-3.723,-10.866],[-1.492,-8.566],[-1.292,-7.156],[-1.962,-6.316],[-2.382,-6.226]],"c":true},"ix":2},"nm":"Path 1","mn":"ADBE Vector Shape - Group","hd":false},{"ind":1,"ty":"sh","ix":2,"ks":{"a":0,"k":{"i":[[-4.94,4.94],[0.105,0.149],[0.149,-0.105],[0,0],[-6.93,-6.93],[-0.157,0.186],[0.138,0.164]],"o":[[0.149,-0.105],[-0.105,-0.149],[0,0],[-5.19,5.2],[0.186,0.157],[0.138,-0.163],[-6.59,-6.59]],"v":[[2.898,-11.426],[2.978,-11.886],[2.518,-11.966],[2.438,-11.886],[3.438,11.914],[4.058,11.861],[4.058,11.294]],"c":true},"ix":2},"nm":"Path 2","mn":"ADBE Vector Shape - Group","hd":false},{"ty":"fl","c":{"a":0,"k":[0.913999968884,0.929000016755,0.952999997606,1],"ix":4},"o":{"a":0,"k":100,"ix":5},"r":1,"nm":"Fill 1","mn":"ADBE Vector Graphic - Fill","hd":false},{"ty":"tr","p":{"a":0,"k":[122.472,95.236],"ix":2},"a":{"a":0,"k":[0,0],"ix":1},"s":{"a":0,"k":[100,100],"ix":3},"r":{"a":0,"k":0,"ix":6},"o":{"a":1,"k":[{"i":{"x":[0.833],"y":[0.833]},"o":{"x":[0.167],"y":[0.167]},"n":["0p833_0p833_0p167_0p167"],"t":10,"s":[0],"e":[100]},{"t":15}],"ix":7},"sk":{"a":0,"k":0,"ix":4},"sa":{"a":0,"k":0,"ix":5},"nm":"Transform"}],"nm":"Group 15","np":3,"cix":2,"ix":10,"mn":"ADBE Vector Group","hd":false},{"ty":"gr","it":[{"ind":0,"ty":"sh","ix":1,"ks":{"a":0,"k":{"i":[[-1.08,0.73],[-1.078,0.007],[-0.003,-0.094],[0.011,-0.023],[0.794,-0.747],[0.474,-0.025],[0.225,0.328]],"o":[[0.978,-0.455],[0.094,-0.003],[0.001,0.026],[-0.405,1.012],[-0.381,0.282],[-0.398,0.018],[-0.35,-0.58]],"v":[[-9.525,-4.078],[-6.405,-4.778],[-6.23,-4.613],[-6.245,-4.538],[-8.064,-1.868],[-9.375,-1.398],[-10.375,-1.898]],"c":true},"ix":2},"nm":"Path 1","mn":"ADBE Vector Shape - Group","hd":false},{"ind":1,"ty":"sh","ix":2,"ks":{"a":0,"k":{"i":[[-0.028,0.049],[-0.06,0],[-0.983,-0.443],[-0.201,-0.442],[0.572,-0.25],[0.173,0.009],[0.381,0.272],[0.422,0.993]],"o":[[0.033,-0.05],[1.079,-0.008],[0.417,0.248],[0.249,0.572],[-0.159,0.069],[-0.467,-0.022],[-0.797,-0.727],[-0.022,-0.052]],"v":[[-16.865,-4.748],[-16.715,-4.828],[-13.585,-4.168],[-12.635,-3.108],[-13.22,-1.62],[-13.725,-1.528],[-15.025,-1.978],[-16.875,-4.588]],"c":true},"ix":2},"nm":"Path 2","mn":"ADBE Vector Shape - Group","hd":false},{"ind":2,"ty":"sh","ix":3,"ks":{"a":0,"k":{"i":[[0.296,-0.217],[0.221,0.001],[0.319,0.561],[0.006,1.078],[-0.099,-0.005],[0,0],[0,0],[-0.735,-0.789],[-0.015,-0.488]],"o":[[-0.183,0.124],[-0.641,-0.067],[-0.455,-0.977],[0.005,-0.099],[0,0],[0,0],[0.998,0.41],[0.291,0.391],[0,0.367]],"v":[[-12.835,-5.028],[-13.454,-4.838],[-14.985,-5.838],[-15.685,-8.958],[-15.495,-9.128],[-15.495,-9.128],[-15.465,-9.128],[-12.835,-7.308],[-12.365,-5.958]],"c":true},"ix":2},"nm":"Path 3","mn":"ADBE Vector Shape - Group","hd":false},{"ind":3,"ty":"sh","ix":4,"ks":{"a":0,"k":{"i":[[-1.2,0.51],[-0.506,-0.022],[-0.565,-0.094],[-0.023,-0.053],[0.029,-0.053],[0.918,-0.569],[0.346,-0.016],[0.213,0.468]],"o":[[0.478,-0.167],[0.573,0.006],[0.058,0.009],[0.029,0.053],[-0.597,0.9],[-0.315,0.143],[-0.513,0.042],[-0.31,-0.62]],"v":[[-8.845,-7.638],[-7.355,-7.858],[-5.645,-7.708],[-5.515,-7.608],[-5.515,-7.438],[-7.814,-5.208],[-8.814,-4.968],[-10.025,-5.678]],"c":true},"ix":2},"nm":"Path 4","mn":"ADBE Vector Shape - Group","hd":false},{"ind":4,"ty":"sh","ix":5,"ks":{"a":0,"k":{"i":[[-1.3,0.38],[-0.283,-0.006],[-0.766,-0.213],[-0.017,-0.058],[0.027,-0.05],[0.975,-0.476],[0.285,-0.002],[0.2,0.561]],"o":[[0.274,-0.073],[0.795,0.026],[0.058,0.018],[0.027,0.05],[-0.685,0.841],[-0.272,0.084],[-0.592,0.062],[-0.25,-0.64]],"v":[[-7.465,-11.108],[-6.625,-11.208],[-4.275,-10.848],[-4.155,-10.728],[-4.155,-10.568],[-6.674,-8.568],[-7.515,-8.438],[-8.865,-9.288]],"c":true},"ix":2},"nm":"Path 5","mn":"ADBE Vector Shape - Group","hd":false},{"ind":5,"ty":"sh","ix":6,"ks":{"a":0,"k":{"i":[[0.155,-0.489],[0.366,-0.114],[0.106,0.015],[0.27,0.93],[-0.315,1.032],[-0.057,0.018],[-0.05,-0.027],[-0.477,-0.975]],"o":[[-0.109,0.367],[-0.106,0.015],[-0.65,0],[-0.144,-1.07],[0.017,-0.057],[0.05,-0.027],[0.841,0.686],[0.168,0.485]],"v":[[-10.235,-12.518],[-10.995,-11.748],[-11.314,-11.748],[-12.795,-13.228],[-12.535,-16.418],[-12.415,-16.538],[-12.255,-16.538],[-10.255,-14.018]],"c":true},"ix":2},"nm":"Path 6","mn":"ADBE Vector Shape - Group","hd":false},{"ind":6,"ty":"sh","ix":7,"ks":{"a":0,"k":{"i":[[1.07,-0.172],[0.411,0.262],[0.002,0.384],[-1.3,0],[-0.904,-0.599],[0.046,-0.08],[0,0]],"o":[[-0.487,0.021],[-0.322,-0.209],[0,-0.65],[1.072,0.165],[0.079,0.048],[0,0],[-0.9,0.606]],"v":[[-4.905,-11.678],[-6.285,-12.048],[-6.805,-12.998],[-4.915,-14.308],[-1.915,-13.148],[-1.855,-12.918],[-1.915,-12.858]],"c":true},"ix":2},"nm":"Path 7","mn":"ADBE Vector Shape - Group","hd":false},{"ind":7,"ty":"sh","ix":8,"ks":{"a":0,"k":{"i":[[0.378,-0.005],[0,1.3],[-0.599,0.904],[-0.08,-0.046],[0,0],[-0.168,-1.073],[0.262,-0.411]],"o":[[-0.65,0],[0.165,-1.072],[0.048,-0.079],[0,0],[0.603,0.904],[0.021,0.487],[-0.21,0.314]],"v":[[-9.115,-14.228],[-10.424,-16.118],[-9.265,-19.118],[-9.035,-19.178],[-8.975,-19.118],[-7.805,-16.118],[-8.174,-14.738]],"c":true},"ix":2},"nm":"Path 8","mn":"ADBE Vector Shape - Group","hd":false},{"ind":8,"ty":"sh","ix":9,"ks":{"a":0,"k":{"i":[[0.617,-0.054],[0.201,0.17],[-0.84,1],[-1.036,0.302],[-0.029,-0.096],[0.002,-0.023],[0.543,-0.918]],"o":[[-0.263,0.003],[-0.5,-0.42],[0.816,-0.706],[0.095,-0.028],[0.006,0.022],[-0.116,1.06],[-0.352,0.51]],"v":[[-5.995,-14.708],[-6.715,-14.968],[-6.505,-17.258],[-3.695,-18.788],[-3.471,-18.666],[-3.465,-18.598],[-4.465,-15.598]],"c":true},"ix":2},"nm":"Path 9","mn":"ADBE Vector Shape - Group","hd":false},{"ind":9,"ty":"sh","ix":10,"ks":{"a":0,"k":{"i":[[0,0],[0,0],[-1.569,0.104],[0.549,-0.719]],"o":[[0,0],[1.121,-1.103],[-0.773,0.47],[0,0]],"v":[[1.765,17.292],[-0.325,17.292],[3.845,15.422],[1.845,17.222]],"c":true},"ix":2},"nm":"Path 10","mn":"ADBE Vector Shape - Group","hd":false},{"ind":10,"ty":"sh","ix":11,"ks":{"a":0,"k":{"i":[[0,0],[0.029,2.077],[0,0],[-1.351,-2.72],[0.486,1.112]],"o":[[-0.893,-1.876],[0,0],[-0.037,3.037],[-0.981,-0.715],[0,0]],"v":[[-1.235,7.292],[-2.635,1.292],[-0.915,1.292],[1.085,10.052],[-1.155,7.262]],"c":true},"ix":2},"nm":"Path 11","mn":"ADBE Vector Shape - Group","hd":false},{"ind":11,"ty":"sh","ix":12,"ks":{"a":0,"k":{"i":[[0,0],[0,0],[-0.002,-0.027],[-1.597,-2.515],[0.279,3.478]],"o":[[0,0],[-0.002,0.027],[-0.099,2.978],[-2.914,-1.918],[0,0]],"v":[[-6.465,0.442],[-3.655,0.442],[-3.655,0.522],[-1.355,8.952],[-6.415,0.402]],"c":true},"ix":2},"nm":"Path 12","mn":"ADBE Vector Shape - Group","hd":false},{"ind":12,"ty":"sh","ix":13,"ks":{"a":0,"k":{"i":[[0,0],[0,0],[0,0],[0,0]],"o":[[0,0],[0,0],[0,0],[0,0]],"v":[[-2.605,-1.938],[-0.875,-1.938],[-0.875,-0.228],[-2.605,-0.228]],"c":true},"ix":2},"nm":"Path 13","mn":"ADBE Vector Shape - Group","hd":false},{"ind":13,"ty":"sh","ix":14,"ks":{"a":0,"k":{"i":[[0,0],[0.003,0.027],[0,0],[2.753,-1.921],[0.088,2.923]],"o":[[0.003,-0.027],[0,0],[-0.289,3.345],[1.562,-2.473],[0,0]],"v":[[12.535,0.532],[12.535,0.452],[15.125,0.452],[10.326,8.762],[12.585,0.482]],"c":true},"ix":2},"nm":"Path 14","mn":"ADBE Vector Shape - Group","hd":false},{"ind":14,"ty":"sh","ix":15,"ks":{"a":0,"k":{"i":[[0.011,6.243],[0.481,0],[0,0],[0,0],[0.144,0.459],[0.38,0],[0,0],[0,-0.481],[-0.362,-0.114],[0,0],[0,0],[0,-0.481],[-6.22,-0.845],[1.015,-0.741],[0.787,-0.901],[0,0],[-0.052,-0.484],[-0.412,-0.044],[0,0],[-0.052,0.483],[0.484,0.052],[0.062,-0.006],[0,0],[1.045,0.581],[-0.066,1.255]],"o":[[0,-0.481],[0,0],[0,0],[0.459,-0.144],[-0.113,-0.362],[0,0],[-0.48,0.001],[0,0.38],[0,0],[0,0],[-0.481,0],[0.008,6.278],[0.066,1.255],[-1.045,0.581],[0,0],[-0.483,0.052],[0.044,0.412],[0,0],[0.483,0.052],[0.051,-0.484],[-0.062,-0.006],[0,0],[-0.787,-0.9],[-1.015,-0.741],[6.176,-0.904]],"v":[[16.885,-0.468],[16.016,-1.338],[12.535,-1.338],[12.535,-1.868],[13.104,-2.959],[12.275,-3.568],[-3.325,-3.568],[-4.194,-2.697],[-3.585,-1.868],[-3.585,-1.318],[-7.314,-1.318],[-8.185,-0.448],[2.686,11.982],[1.165,15.182],[-1.605,17.422],[-1.704,17.422],[-2.486,18.391],[-1.704,19.172],[10.605,19.172],[11.574,18.391],[10.792,17.422],[10.605,17.422],[10.436,17.422],[7.665,15.182],[6.145,11.982]],"c":true},"ix":2},"nm":"Path 15","mn":"ADBE Vector Shape - Group","hd":false},{"ty":"fl","c":{"a":0,"k":[0.913999968884,0.929000016755,0.952999997606,1],"ix":4},"o":{"a":0,"k":100,"ix":5},"r":1,"nm":"Fill 1","mn":"ADBE Vector Graphic - Fill","hd":false},{"ty":"tr","p":{"a":0,"k":[132.754,97.348],"ix":2},"a":{"a":0,"k":[0,0],"ix":1},"s":{"a":0,"k":[100,100],"ix":3},"r":{"a":0,"k":0,"ix":6},"o":{"a":1,"k":[{"i":{"x":[0.833],"y":[0.833]},"o":{"x":[0.167],"y":[0.167]},"n":["0p833_0p833_0p167_0p167"],"t":10,"s":[0],"e":[100]},{"t":15}],"ix":7},"sk":{"a":0,"k":0,"ix":4},"sa":{"a":0,"k":0,"ix":5},"nm":"Transform"}],"nm":"Group 16","np":16,"cix":2,"ix":11,"mn":"ADBE Vector Group","hd":false},{"ty":"gr","it":[{"ind":0,"ty":"sh","ix":1,"ks":{"a":0,"k":{"i":[[0,0],[0,0],[-0.241,-0.037],[-0.081,0.04],[0,0],[0,0],[-0.107,0.218],[0.013,0.089],[0,0],[0,0],[0.169,0.174],[0.094,0.014],[0,0],[0,0],[0.216,-0.113],[0.042,-0.08],[0,0],[0,0],[-0.037,-0.24],[-0.068,-0.067]],"o":[[0,0],[-0.036,0.24],[0.088,0.013],[0,0],[0,0],[0.218,0.107],[0.04,-0.08],[0,0],[0,0],[0.174,-0.17],[-0.067,-0.069],[0,0],[0,0],[-0.112,-0.215],[-0.079,0.041],[0,0],[0,0],[-0.24,0.037],[0.015,0.094],[0,0]],"v":[[-9.669,-7.898],[-9.939,-6.298],[-9.57,-5.797],[-9.31,-5.838],[-7.88,-6.588],[-6.45,-5.838],[-5.861,-6.038],[-5.82,-6.298],[-6.09,-7.898],[-4.93,-9.028],[-4.922,-9.65],[-5.169,-9.778],[-6.77,-10.008],[-7.48,-11.458],[-8.074,-11.644],[-8.26,-11.458],[-8.98,-10.008],[-10.579,-9.778],[-10.948,-9.276],[-10.82,-9.028]],"c":true},"ix":2},"nm":"Path 1","mn":"ADBE Vector Shape - Group","hd":false},{"ind":1,"ty":"sh","ix":2,"ks":{"a":0,"k":{"i":[[-0.35,0.83],[0.204,1.06],[0.091,-0.012],[0,0],[0.569,-0.918],[-0.079,-0.48],[-0.35,-0.15],[-0.148,0]],"o":[[0.256,-1.049],[-0.015,-0.09],[0,0],[-0.9,0.597],[-0.209,0.439],[0.07,0.374],[0.136,0.059],[0.61,0.02]],"v":[[10.701,-7.578],[10.781,-10.778],[10.59,-10.918],[10.51,-10.918],[8.281,-8.618],[8.081,-7.208],[8.751,-6.368],[9.18,-6.278]],"c":true},"ix":2},"nm":"Path 2","mn":"ADBE Vector Shape - Group","hd":false},{"ind":2,"ty":"sh","ix":3,"ks":{"a":0,"k":{"i":[[4.94,4.94],[-0.149,0.105],[-0.114,-0.081],[6.93,-6.93],[0.157,0.186],[-0.138,0.164]],"o":[[-0.105,-0.149],[0.114,-0.081],[5.19,5.2],[-0.186,0.157],[-0.138,-0.164],[6.6,-6.59]],"v":[[3.891,-11.478],[3.969,-11.938],[4.35,-11.938],[3.35,11.862],[2.73,11.809],[2.73,11.242]],"c":true},"ix":2},"nm":"Path 3","mn":"ADBE Vector Shape - Group","hd":false},{"ty":"fl","c":{"a":0,"k":[0.913999968884,0.929000016755,0.952999997606,1],"ix":4},"o":{"a":0,"k":100,"ix":5},"r":1,"nm":"Fill 1","mn":"ADBE Vector Graphic - Fill","hd":false},{"ty":"tr","p":{"a":0,"k":[145.02,95.288],"ix":2},"a":{"a":0,"k":[0,0],"ix":1},"s":{"a":0,"k":[100,100],"ix":3},"r":{"a":0,"k":0,"ix":6},"o":{"a":1,"k":[{"i":{"x":[0.833],"y":[0.833]},"o":{"x":[0.167],"y":[0.167]},"n":["0p833_0p833_0p167_0p167"],"t":10,"s":[0],"e":[100]},{"t":15}],"ix":7},"sk":{"a":0,"k":0,"ix":4},"sa":{"a":0,"k":0,"ix":5},"nm":"Transform"}],"nm":"Group 17","np":4,"cix":2,"ix":12,"mn":"ADBE Vector Group","hd":false},{"ty":"gr","it":[{"ind":0,"ty":"sh","ix":1,"ks":{"a":0,"k":{"i":[[1.08,0.73],[1.078,0.007],[0.003,-0.094],[-0.011,-0.023],[-0.793,-0.747],[-0.473,-0.025],[-0.224,0.328]],"o":[[-0.978,-0.455],[-0.093,-0.003],[0,0.026],[0.405,1.012],[0.381,0.282],[0.398,0.018],[0.39,-0.58]],"v":[[-1.028,2.219],[-4.148,1.519],[-4.323,1.684],[-4.308,1.759],[-2.488,4.429],[-1.178,4.899],[-0.178,4.399]],"c":true},"ix":2},"nm":"Path 1","mn":"ADBE Vector Shape - Group","hd":false},{"ind":1,"ty":"sh","ix":2,"ks":{"a":0,"k":{"i":[[0.035,0.031],[0.05,0.023],[0.984,-0.442],[0.201,-0.442],[-0.572,-0.249],[-0.173,0.009],[-0.381,0.272],[-0.422,0.993]],"o":[[-0.013,-0.053],[-1.078,-0.007],[-0.417,0.248],[-0.249,0.572],[0.159,0.07],[0.468,-0.022],[0.797,-0.727],[-0.004,-0.046]],"v":[[6.312,1.549],[6.212,1.429],[3.082,2.089],[2.132,3.149],[2.717,4.636],[3.222,4.729],[4.522,4.279],[6.372,1.669]],"c":true},"ix":2},"nm":"Path 2","mn":"ADBE Vector Shape - Group","hd":false},{"ind":2,"ty":"sh","ix":3,"ks":{"a":0,"k":{"i":[[-0.308,-0.214],[-0.221,0.001],[-0.319,0.561],[-0.006,1.078],[0.094,0.006],[0,0],[0,0],[0.736,-0.789],[0.015,-0.487]],"o":[[0.183,0.124],[0.642,-0.067],[0.456,-0.977],[0.006,-0.094],[0,0],[0,0],[-0.997,0.411],[-0.291,0.391],[-0.001,0.375]],"v":[[2.282,1.269],[2.902,1.459],[4.432,0.459],[5.132,-2.661],[4.973,-2.841],[4.972,-2.841],[4.892,-2.841],[2.262,-1.021],[1.792,0.329]],"c":true},"ix":2},"nm":"Path 3","mn":"ADBE Vector Shape - Group","hd":false},{"ind":3,"ty":"sh","ix":4,"ks":{"a":0,"k":{"i":[[1.2,0.51],[0.506,-0.022],[0.566,-0.094],[0.024,-0.053],[-0.028,-0.053],[-0.918,-0.569],[-0.345,-0.016],[-0.215,0.466]],"o":[[-0.478,-0.167],[-0.573,0.006],[-0.058,0.009],[-0.028,0.053],[0.598,0.9],[0.315,0.143],[0.512,0.039],[0.31,-0.62]],"v":[[-1.708,-1.341],[-3.198,-1.561],[-4.908,-1.411],[-5.038,-1.311],[-5.038,-1.141],[-2.738,1.089],[-1.738,1.329],[-0.528,0.619]],"c":true},"ix":2},"nm":"Path 4","mn":"ADBE Vector Shape - Group","hd":false},{"ind":4,"ty":"sh","ix":5,"ks":{"a":0,"k":{"i":[[1.25,0.38],[0.284,-0.006],[0.766,-0.213],[-0.025,-0.09],[-0.019,-0.02],[-0.974,-0.476],[-0.285,-0.002],[-0.2,0.561]],"o":[[-0.274,-0.073],[-0.795,0.026],[-0.091,0.024],[0.007,0.027],[0.686,0.841],[0.272,0.084],[0.592,0.062],[0.16,-0.64]],"v":[[-3.038,-4.811],[-3.878,-4.911],[-6.228,-4.551],[-6.347,-4.343],[-6.308,-4.271],[-3.788,-2.271],[-2.948,-2.141],[-1.598,-2.991]],"c":true},"ix":2},"nm":"Path 5","mn":"ADBE Vector Shape - Group","hd":false},{"ty":"fl","c":{"a":0,"k":[0.913999968884,0.929000016755,0.952999997606,1],"ix":4},"o":{"a":0,"k":100,"ix":5},"r":1,"nm":"Fill 1","mn":"ADBE Vector Graphic - Fill","hd":false},{"ty":"tr","p":{"a":0,"k":[152.078,91.051],"ix":2},"a":{"a":0,"k":[0,0],"ix":1},"s":{"a":0,"k":[100,100],"ix":3},"r":{"a":0,"k":0,"ix":6},"o":{"a":1,"k":[{"i":{"x":[0.833],"y":[0.833]},"o":{"x":[0.167],"y":[0.167]},"n":["0p833_0p833_0p167_0p167"],"t":10,"s":[0],"e":[100]},{"t":15}],"ix":7},"sk":{"a":0,"k":0,"ix":4},"sa":{"a":0,"k":0,"ix":5},"nm":"Transform"}],"nm":"Group 18","np":6,"cix":2,"ix":13,"mn":"ADBE Vector Group","hd":false},{"ty":"gr","it":[{"ind":0,"ty":"sh","ix":1,"ks":{"a":0,"k":{"i":[[-0.155,-0.489],[-0.366,-0.114],[-0.106,0.015],[-0.27,0.93],[0.315,1.032],[0.091,-0.024],[0,0],[0,0],[0.477,-0.975]],"o":[[0.11,0.367],[0.106,0.015],[0.65,0],[0.144,-1.07],[-0.024,-0.091],[-0.001,0],[0,0],[-0.841,0.686],[-0.168,0.485]],"v":[[2.091,-7.883],[2.851,-7.113],[3.171,-7.113],[4.651,-8.594],[4.391,-11.783],[4.183,-11.904],[4.181,-11.904],[4.111,-11.904],[2.111,-9.383]],"c":true},"ix":2},"nm":"Path 1","mn":"ADBE Vector Shape - Group","hd":false},{"ind":1,"ty":"sh","ix":2,"ks":{"a":0,"k":{"i":[[-1.07,-0.172],[-0.411,0.262],[-0.003,0.384],[1.3,0],[0.904,-0.599],[-0.046,-0.08],[0,0]],"o":[[0.487,0.021],[0.322,-0.209],[0,-0.65],[-1.072,0.165],[-0.079,0.047],[0,0],[0.899,0.606]],"v":[[-3.239,-7.044],[-1.859,-7.413],[-1.339,-8.363],[-3.229,-9.673],[-6.229,-8.514],[-6.289,-8.283],[-6.229,-8.223]],"c":true},"ix":2},"nm":"Path 2","mn":"ADBE Vector Shape - Group","hd":false},{"ind":2,"ty":"sh","ix":3,"ks":{"a":0,"k":{"i":[[-0.384,-0.012],[0,1.3],[0.603,0.903],[0.063,0.007],[0.033,-0.05],[0.165,-1.072],[-0.262,-0.411]],"o":[[0.65,0],[-0.168,-1.073],[-0.022,-0.06],[-0.061,0],[-0.599,0.904],[-0.02,0.487],[0.204,0.326]],"v":[[0.971,-9.594],[2.281,-11.484],[1.111,-14.484],[0.971,-14.594],[0.821,-14.514],[-0.339,-11.514],[0.031,-10.133]],"c":true},"ix":2},"nm":"Path 3","mn":"ADBE Vector Shape - Group","hd":false},{"ind":3,"ty":"sh","ix":4,"ks":{"a":0,"k":{"i":[[-0.617,-0.054],[-0.201,0.17],[0.84,1],[1.036,0.302],[0.028,-0.096],[-0.002,-0.023],[-0.542,-0.918]],"o":[[0.263,0.002],[0.5,-0.42],[-0.816,-0.706],[-0.096,-0.028],[-0.006,0.022],[0.116,1.059],[0.352,0.51]],"v":[[-2.149,-10.074],[-1.429,-10.333],[-1.639,-12.624],[-4.449,-14.154],[-4.673,-14.031],[-4.679,-13.964],[-3.679,-10.964]],"c":true},"ix":2},"nm":"Path 4","mn":"ADBE Vector Shape - Group","hd":false},{"ind":4,"ty":"sh","ix":5,"ks":{"a":0,"k":{"i":[[-0.35,0.83],[0.204,1.06],[0.09,-0.012],[0,0],[0.569,-0.918],[-0.079,-0.479],[-0.35,-0.15],[-0.148,0]],"o":[[0.256,-1.048],[-0.016,-0.09],[0,0],[-0.9,0.597],[-0.209,0.439],[0.07,0.374],[0.136,0.059],[0.61,0.02]],"v":[[6.051,-5.003],[6.131,-8.204],[5.941,-8.344],[5.861,-8.344],[3.631,-6.044],[3.431,-4.633],[4.101,-3.794],[4.531,-3.704]],"c":true},"ix":2},"nm":"Path 5","mn":"ADBE Vector Shape - Group","hd":false},{"ind":5,"ty":"sh","ix":6,"ks":{"a":0,"k":{"i":[[4.94,4.94],[-0.149,0.105],[-0.114,-0.081],[6.93,-6.93],[0.156,0.186],[-0.138,0.164]],"o":[[-0.106,-0.149],[0.114,-0.081],[5.19,5.2],[-0.186,0.157],[-0.138,-0.163],[6.6,-6.59]],"v":[[-0.759,-8.904],[-0.68,-9.363],[-0.299,-9.363],[-1.299,14.437],[-1.919,14.383],[-1.919,13.816]],"c":true},"ix":2},"nm":"Path 6","mn":"ADBE Vector Shape - Group","hd":false},{"ty":"fl","c":{"a":0,"k":[0.913999968884,0.929000016755,0.952999997606,1],"ix":4},"o":{"a":0,"k":100,"ix":5},"r":1,"nm":"Fill 1","mn":"ADBE Vector Graphic - Fill","hd":false},{"ty":"tr","p":{"a":0,"k":[149.669,92.714],"ix":2},"a":{"a":0,"k":[0,0],"ix":1},"s":{"a":0,"k":[100,100],"ix":3},"r":{"a":0,"k":0,"ix":6},"o":{"a":1,"k":[{"i":{"x":[0.833],"y":[0.833]},"o":{"x":[0.167],"y":[0.167]},"n":["0p833_0p833_0p167_0p167"],"t":10,"s":[0],"e":[100]},{"t":15}],"ix":7},"sk":{"a":0,"k":0,"ix":4},"sa":{"a":0,"k":0,"ix":5},"nm":"Transform"}],"nm":"Group 19","np":7,"cix":2,"ix":14,"mn":"ADBE Vector Group","hd":false},{"ty":"gr","it":[{"ind":0,"ty":"sh","ix":1,"ks":{"a":0,"k":{"i":[[0,0],[0,0],[0,0],[0,0]],"o":[[0,0],[0,0],[0,0],[0,0]],"v":[[81.025,63.05],[82.815,63.05],[82.815,61.26],[80.995,61.26]],"c":true},"ix":2},"nm":"Path 1","mn":"ADBE Vector Shape - Group","hd":false},{"ind":1,"ty":"sh","ix":2,"ks":{"a":0,"k":{"i":[[0,0],[0,0],[0,0],[0,0]],"o":[[0,0],[0,0],[0,0],[0,0]],"v":[[83.255,63.49],[80.585,63.49],[80.585,60.82],[83.255,60.82]],"c":true},"ix":2},"nm":"Path 2","mn":"ADBE Vector Shape - Group","hd":false},{"ind":2,"ty":"sh","ix":3,"ks":{"a":0,"k":{"i":[[0,0],[0,0],[0,0],[0,0]],"o":[[0,0],[0,0],[0,0],[0,0]],"v":[[-82.815,63.05],[-81.005,63.05],[-81.005,61.26],[-82.815,61.26]],"c":true},"ix":2},"nm":"Path 3","mn":"ADBE Vector Shape - Group","hd":false},{"ind":3,"ty":"sh","ix":4,"ks":{"a":0,"k":{"i":[[0,0],[0,0],[0,0],[0,0]],"o":[[0,0],[0,0],[0,0],[0,0]],"v":[[-80.585,63.49],[-83.255,63.49],[-83.255,60.82],[-80.585,60.82]],"c":true},"ix":2},"nm":"Path 4","mn":"ADBE Vector Shape - Group","hd":false},{"ind":4,"ty":"sh","ix":5,"ks":{"a":0,"k":{"i":[[0,0],[0,0],[0,0],[0,0]],"o":[[0,0],[0,0],[0,0],[0,0]],"v":[[80.995,-61.26],[82.785,-61.26],[82.785,-63.03],[80.995,-63.03]],"c":true},"ix":2},"nm":"Path 5","mn":"ADBE Vector Shape - Group","hd":false},{"ind":5,"ty":"sh","ix":6,"ks":{"a":0,"k":{"i":[[0,0],[0,0],[0,0],[0,0]],"o":[[0,0],[0,0],[0,0],[0,0]],"v":[[83.255,-60.82],[80.585,-60.82],[80.585,-63.49],[83.255,-63.49]],"c":true},"ix":2},"nm":"Path 6","mn":"ADBE Vector Shape - Group","hd":false},{"ind":6,"ty":"sh","ix":7,"ks":{"a":0,"k":{"i":[[0,0],[0,0],[0,0],[0,0]],"o":[[0,0],[0,0],[0,0],[0,0]],"v":[[-82.815,-61.26],[-81.005,-61.26],[-81.005,-63.03],[-82.815,-63.03]],"c":true},"ix":2},"nm":"Path 7","mn":"ADBE Vector Shape - Group","hd":false},{"ind":7,"ty":"sh","ix":8,"ks":{"a":0,"k":{"i":[[0,0],[0,0],[0,0],[0,0]],"o":[[0,0],[0,0],[0,0],[0,0]],"v":[[-80.585,-60.82],[-83.255,-60.82],[-83.255,-63.49],[-80.585,-63.49]],"c":true},"ix":2},"nm":"Path 8","mn":"ADBE Vector Shape - Group","hd":false},{"ty":"fl","c":{"a":0,"k":[0.246999987434,0.560999971278,0.936999990426,1],"ix":4},"o":{"a":0,"k":100,"ix":5},"r":1,"nm":"Fill 1","mn":"ADBE Vector Graphic - Fill","hd":false},{"ty":"tr","p":{"a":0,"k":[87.295,68.15],"ix":2},"a":{"a":0,"k":[0,0],"ix":1},"s":{"a":0,"k":[100,100],"ix":3},"r":{"a":0,"k":0,"ix":6},"o":{"a":0,"k":100,"ix":7},"sk":{"a":0,"k":0,"ix":4},"sa":{"a":0,"k":0,"ix":5},"nm":"Transform"}],"nm":"Group 20","np":9,"cix":2,"ix":15,"mn":"ADBE Vector Group","hd":false},{"ty":"gr","it":[{"ind":0,"ty":"sh","ix":1,"ks":{"a":0,"k":{"i":[[0,0],[0,0],[0,0],[0,0],[0,0],[0,0],[0,0],[0,0],[0,0],[0,0],[0,0],[0,0]],"o":[[0,0],[0,0],[0,0],[0,0],[0,0],[0,0],[0,0],[0,0],[0,0],[0,0],[0,0],[0,0]],"v":[[-78.86,62.78],[78.85,62.78],[78.85,59.42],[82.21,59.42],[82.21,-58.75],[78.85,-58.75],[78.85,-62.75],[-78.89,-62.75],[-78.89,-58.75],[-82.25,-58.75],[-82.25,59.42],[-78.89,59.42]],"c":true},"ix":2},"nm":"Path 1","mn":"ADBE Vector Shape - Group","hd":false},{"ind":1,"ty":"sh","ix":2,"ks":{"a":0,"k":{"i":[[0,0],[0,0],[0,0],[0,0],[0,0],[0,0],[0,0],[0,0],[0,0],[0,0],[0,0],[0,0]],"o":[[0,0],[0,0],[0,0],[0,0],[0,0],[0,0],[0,0],[0,0],[0,0],[0,0],[0,0],[0,0]],"v":[[79.32,63.22],[-79.33,63.22],[-79.33,59.89],[-82.68,59.89],[-82.68,-59.22],[-79.32,-59.22],[-79.32,-63.22],[79.32,-63.22],[79.32,-59.22],[82.68,-59.22],[82.68,59.9],[79.32,59.9]],"c":true},"ix":2},"nm":"Path 2","mn":"ADBE Vector Shape - Group","hd":false},{"ty":"fl","c":{"a":0,"k":[0.246999987434,0.560999971278,0.936999990426,1],"ix":4},"o":{"a":0,"k":100,"ix":5},"r":1,"nm":"Fill 1","mn":"ADBE Vector Graphic - Fill","hd":false},{"ty":"tr","p":{"a":0,"k":[87.32,67.7],"ix":2},"a":{"a":0,"k":[0,0],"ix":1},"s":{"a":0,"k":[100,100],"ix":3},"r":{"a":0,"k":0,"ix":6},"o":{"a":0,"k":100,"ix":7},"sk":{"a":0,"k":0,"ix":4},"sa":{"a":0,"k":0,"ix":5},"nm":"Transform"}],"nm":"Group 21","np":3,"cix":2,"ix":16,"mn":"ADBE Vector Group","hd":false},{"ty":"gr","it":[{"ind":0,"ty":"sh","ix":1,"ks":{"a":0,"k":{"i":[[0,0],[0,0],[0,0],[0,0]],"o":[[0,0],[0,0],[0,0],[0,0]],"v":[[-85.465,-65.83],[85.465,-65.83],[85.465,65.83],[-85.465,65.83]],"c":true},"ix":2},"nm":"Path 1","mn":"ADBE Vector Shape - Group","hd":false},{"ty":"fl","c":{"a":0,"k":[1,1,1,1],"ix":4},"o":{"a":0,"k":100,"ix":5},"r":1,"nm":"Fill 1","mn":"ADBE Vector Graphic - Fill","hd":false},{"ty":"tr","p":{"a":0,"k":[87.356,67.805],"ix":2},"a":{"a":0,"k":[0,0],"ix":1},"s":{"a":0,"k":[100,100],"ix":3},"r":{"a":0,"k":0,"ix":6},"o":{"a":0,"k":100,"ix":7},"sk":{"a":0,"k":0,"ix":4},"sa":{"a":0,"k":0,"ix":5},"nm":"Transform"}],"nm":"Group 22","np":2,"cix":2,"ix":17,"mn":"ADBE Vector Group","hd":false},{"ty":"gr","it":[{"ind":0,"ty":"sh","ix":1,"ks":{"a":0,"k":{"i":[[0,0],[0,0],[0,0],[0,0]],"o":[[0,0],[0,0],[0,0],[0,0]],"v":[[-87.3,67.705],[87.3,67.705],[87.3,-67.705],[-87.3,-67.705]],"c":true},"ix":2},"nm":"Path 1","mn":"ADBE Vector Shape - Group","hd":false},{"ty":"fl","c":{"a":0,"k":[0.322000002394,0.663000009574,1,1],"ix":4},"o":{"a":0,"k":100,"ix":5},"r":1,"nm":"Fill 1","mn":"ADBE Vector Graphic - Fill","hd":false},{"ty":"tr","p":{"a":0,"k":[87.3,67.705],"ix":2},"a":{"a":0,"k":[0,0],"ix":1},"s":{"a":0,"k":[100,100],"ix":3},"r":{"a":0,"k":0,"ix":6},"o":{"a":0,"k":100,"ix":7},"sk":{"a":0,"k":0,"ix":4},"sa":{"a":0,"k":0,"ix":5},"nm":"Transform"}],"nm":"Group 23","np":2,"cix":2,"ix":18,"mn":"ADBE Vector Group","hd":false}],"ip":0,"op":1200,"st":0,"bm":0}],"markers":[]}