{"v":"5.5.7","fr":30,"ip":70,"op":91,"w":18,"h":19,"nm":"home-nightmode","ddd":0,"assets":[],"layers":[{"ddd":0,"ind":1,"ty":4,"nm":"Shape Layer 1","td":1,"sr":1,"ks":{"o":{"a":0,"k":100,"ix":11},"r":{"a":0,"k":0,"ix":10},"p":{"a":0,"k":[9.02,9.5,0],"ix":2},"a":{"a":0,"k":[0,0,0],"ix":1},"s":{"a":0,"k":[60.952,189.583,100],"ix":6}},"ao":0,"shapes":[{"ty":"gr","it":[{"ty":"rc","d":1,"s":{"a":0,"k":[5.006,8.749],"ix":2},"p":{"a":0,"k":[0,0],"ix":3},"r":{"a":0,"k":0,"ix":4},"nm":"Rectangle Path 1","mn":"ADBE Vector Shape - Rect","hd":false},{"ty":"fl","c":{"a":0,"k":[0,0,0,1],"ix":4},"o":{"a":0,"k":100,"ix":5},"r":1,"bm":0,"nm":"Fill 1","mn":"ADBE Vector Graphic - Fill","hd":false},{"ty":"tr","p":{"a":0,"k":[0.128,5.874],"ix":2},"a":{"a":0,"k":[0,0],"ix":1},"s":{"a":0,"k":[100,100],"ix":3},"r":{"a":0,"k":0,"ix":6},"o":{"a":0,"k":100,"ix":7},"sk":{"a":0,"k":0,"ix":4},"sa":{"a":0,"k":0,"ix":5},"nm":"Transform"}],"nm":"Rectangle 1","np":3,"cix":2,"bm":0,"ix":1,"mn":"ADBE Vector Group","hd":false}],"ip":0,"op":1800,"st":0,"bm":0},{"ddd":0,"ind":2,"ty":4,"nm":"fill 2","tt":2,"sr":1,"ks":{"o":{"a":0,"k":100,"ix":11},"r":{"a":0,"k":0,"ix":10},"p":{"a":1,"k":[{"i":{"x":0.23,"y":1},"o":{"x":0.113,"y":0},"t":30,"s":[9.143,28.5,0],"to":[-0.024,-3.104,0],"ti":[0.024,3.104,0]},{"i":{"x":0.283,"y":0.283},"o":{"x":0.333,"y":0.333},"t":50,"s":[9.001,9.876,0],"to":[0,0,0],"ti":[0,0,0]},{"i":{"x":0.661,"y":1},"o":{"x":0.333,"y":0},"t":70,"s":[9.001,9.876,0],"to":[0.024,3.104,0],"ti":[-0.024,-3.104,0]},{"t":90,"s":[9.143,28.5,0]}],"ix":2},"a":{"a":0,"k":[0,0,0],"ix":1},"s":{"a":0,"k":[100,100,100],"ix":6}},"ao":0,"shapes":[{"ty":"gr","it":[{"ind":0,"ty":"sh","ix":1,"ks":{"a":0,"k":{"i":[[0,0],[0,0],[0.16,0.14],[0,0],[0.21,-0.19],[0,0],[0,-0.2],[0,0],[-0.12,-0.12],[-0.17,-0.01],[0,0],[0.01,0.34],[0,0],[-1.4,0.08],[0.09,-1.35],[0,0],[-0.12,-0.12],[-0.18,-0.01],[0,0],[0,0],[0.01,0.17],[0,0]],"o":[[0,0],[0,-0.2],[0,0],[-0.21,-0.19],[0,0],[-0.16,0.14],[0,0],[-0.01,0.17],[0.11,0.13],[0,0],[0.35,-0.03],[0,0],[-0.09,-1.36],[1.39,0.1],[0,0],[-0.01,0.17],[0.11,0.13],[0,0],[0.17,-0.01],[0,0],[0,0],[0,0]],"v":[[7.225,0.33],[7.225,-2.3],[6.985,-2.83],[0.375,-8.36],[-0.385,-8.36],[-6.985,-2.83],[-7.225,-2.3],[-7.225,7.371],[-7.055,7.821],[-6.615,8.031],[-2.965,8.031],[-2.375,7.371],[-2.375,4.26],[0.005,1.65],[2.345,4.26],[2.345,7.371],[2.515,7.821],[2.965,8.031],[6.605,8.031],[7.028,7.977],[7.215,7.371],[7.215,2.87]],"c":true},"ix":2},"nm":"Path 1","mn":"ADBE Vector Shape - Group","hd":false},{"ty":"st","c":{"a":0,"k":[1,1,1,1],"ix":3},"o":{"a":0,"k":100,"ix":4},"w":{"a":0,"k":2.086,"ix":5},"lc":2,"lj":2,"bm":0,"nm":"Stroke 1","mn":"ADBE Vector Graphic - Stroke","hd":false},{"ty":"fl","c":{"a":0,"k":[1,1,1,1],"ix":4},"o":{"a":0,"k":100,"ix":5},"r":1,"bm":0,"nm":"Fill 1","mn":"ADBE Vector Graphic - Fill","hd":false},{"ty":"tr","p":{"a":0,"k":[0,0],"ix":2},"a":{"a":0,"k":[0,0],"ix":1},"s":{"a":0,"k":[100,100],"ix":3},"r":{"a":0,"k":0,"ix":6},"o":{"a":0,"k":100,"ix":7},"sk":{"a":0,"k":0,"ix":4},"sa":{"a":0,"k":0,"ix":5},"nm":"Transform"}],"nm":"home","np":3,"cix":2,"bm":0,"ix":1,"mn":"ADBE Vector Group","hd":false}],"ip":0,"op":1800,"st":0,"bm":0},{"ddd":0,"ind":3,"ty":4,"nm":"outline","td":1,"sr":1,"ks":{"o":{"a":0,"k":100,"ix":11},"r":{"a":0,"k":0,"ix":10},"p":{"a":0,"k":[9.001,9.438,0],"ix":2},"a":{"a":0,"k":[0,0,0],"ix":1},"s":{"a":0,"k":[100,100,100],"ix":6}},"ao":0,"shapes":[{"ty":"gr","it":[{"ind":0,"ty":"sh","ix":1,"ks":{"a":0,"k":{"i":[[0,0],[0,0],[0.16,0.14],[0,0],[0.21,-0.19],[0,0],[0,-0.2],[0,0],[-0.12,-0.12],[-0.17,-0.01],[0,0],[0.01,0.34],[0,0],[-1.4,0.08],[0.09,-1.35],[0,0],[-0.12,-0.12],[-0.18,-0.01],[0,0],[-0.11,0.13],[0.01,0.17],[0,0]],"o":[[0,0],[0,-0.2],[0,0],[-0.21,-0.19],[0,0],[-0.16,0.14],[0,0],[-0.01,0.17],[0.11,0.13],[0,0],[0.35,-0.03],[0,0],[-0.09,-1.36],[1.39,0.1],[0,0],[-0.01,0.17],[0.11,0.13],[0,0],[0.17,-0.01],[0.12,-0.12],[0,0],[0,0]],"v":[[7.225,0.33],[7.225,-2.3],[6.985,-2.83],[0.375,-8.36],[-0.385,-8.36],[-6.985,-2.83],[-7.225,-2.3],[-7.225,7.84],[-7.055,8.29],[-6.615,8.5],[-2.965,8.5],[-2.375,7.84],[-2.375,4.26],[0.005,1.65],[2.345,4.26],[2.345,7.84],[2.515,8.29],[2.965,8.5],[6.605,8.5],[7.045,8.29],[7.215,7.84],[7.215,2.87]],"c":true},"ix":2},"nm":"Path 1","mn":"ADBE Vector Shape - Group","hd":false},{"ty":"st","c":{"a":0,"k":[0.537254989147,0.541176021099,0.611765027046,1],"ix":3},"o":{"a":0,"k":100,"ix":4},"w":{"a":0,"k":2.086,"ix":5},"lc":2,"lj":2,"bm":0,"nm":"Stroke 1","mn":"ADBE Vector Graphic - Stroke","hd":false},{"ty":"tr","p":{"a":0,"k":[0,0],"ix":2},"a":{"a":0,"k":[0,0],"ix":1},"s":{"a":0,"k":[100,100],"ix":3},"r":{"a":0,"k":0,"ix":6},"o":{"a":0,"k":100,"ix":7},"sk":{"a":0,"k":0,"ix":4},"sa":{"a":0,"k":0,"ix":5},"nm":"Transform"}],"nm":"home","np":2,"cix":2,"bm":0,"ix":1,"mn":"ADBE Vector Group","hd":false}],"ip":0,"op":1800,"st":0,"bm":0},{"ddd":0,"ind":4,"ty":4,"nm":"fill","tt":1,"sr":1,"ks":{"o":{"a":0,"k":100,"ix":11},"r":{"a":0,"k":0,"ix":10},"p":{"a":1,"k":[{"i":{"x":0.288,"y":1},"o":{"x":0.113,"y":0},"t":30,"s":[9.143,27.875,0],"to":[-0.024,-3.073,0],"ti":[0.024,3.073,0]},{"i":{"x":0.195,"y":0.195},"o":{"x":0.333,"y":0.333},"t":50,"s":[9.001,9.439,0],"to":[0,0,0],"ti":[0,0,0]},{"i":{"x":0.573,"y":0.995},"o":{"x":0.333,"y":0},"t":70,"s":[9.001,9.439,0],"to":[0.024,3.073,0],"ti":[-0.024,-3.073,0]},{"t":90,"s":[9.143,27.875,0]}],"ix":2},"a":{"a":0,"k":[0,0,0],"ix":1},"s":{"a":0,"k":[100,100,100],"ix":6}},"ao":0,"shapes":[{"ty":"gr","it":[{"ind":0,"ty":"sh","ix":1,"ks":{"a":0,"k":{"i":[[0,0],[0,0],[0.16,0.14],[0,0],[0.21,-0.19],[0,0],[0,-0.2],[0,0],[-0.12,-0.12],[-0.17,-0.01],[0,0],[0.01,0.34],[0,0],[-1.4,0.08],[0.09,-1.35],[0,0],[-0.12,-0.12],[-0.18,-0.01],[0,0],[-0.11,0.13],[0.01,0.17],[0,0]],"o":[[0,0],[0,-0.2],[0,0],[-0.21,-0.19],[0,0],[-0.16,0.14],[0,0],[-0.01,0.17],[0.11,0.13],[0,0],[0.35,-0.03],[0,0],[-0.09,-1.36],[1.39,0.1],[0,0],[-0.01,0.17],[0.11,0.13],[0,0],[0.17,-0.01],[0.12,-0.12],[0,0],[0,0]],"v":[[7.225,0.33],[7.225,-2.3],[6.985,-2.83],[0.375,-8.36],[-0.385,-8.36],[-6.985,-2.83],[-7.225,-2.3],[-7.225,7.84],[-7.055,8.29],[-6.615,8.5],[-2.965,8.5],[-2.375,7.84],[-2.375,4.26],[0.005,1.65],[2.345,4.26],[2.345,7.84],[2.515,8.29],[2.965,8.5],[6.605,8.5],[7.045,8.29],[7.215,7.84],[7.215,2.87]],"c":true},"ix":2},"nm":"Path 1","mn":"ADBE Vector Shape - Group","hd":false},{"ty":"st","c":{"a":0,"k":[1,1,1,1],"ix":3},"o":{"a":0,"k":100,"ix":4},"w":{"a":0,"k":2.086,"ix":5},"lc":2,"lj":2,"bm":0,"nm":"Stroke 1","mn":"ADBE Vector Graphic - Stroke","hd":false},{"ty":"fl","c":{"a":0,"k":[1,1,1,1],"ix":4},"o":{"a":0,"k":100,"ix":5},"r":1,"bm":0,"nm":"Fill 1","mn":"ADBE Vector Graphic - Fill","hd":false},{"ty":"tr","p":{"a":0,"k":[0,0],"ix":2},"a":{"a":0,"k":[0,0],"ix":1},"s":{"a":0,"k":[100,100],"ix":3},"r":{"a":0,"k":0,"ix":6},"o":{"a":0,"k":100,"ix":7},"sk":{"a":0,"k":0,"ix":4},"sa":{"a":0,"k":0,"ix":5},"nm":"Transform"}],"nm":"home","np":3,"cix":2,"bm":0,"ix":1,"mn":"ADBE Vector Group","hd":false}],"ip":0,"op":1800,"st":0,"bm":0},{"ddd":0,"ind":5,"ty":4,"nm":"outline","sr":1,"ks":{"o":{"a":0,"k":100,"ix":11},"r":{"a":0,"k":0,"ix":10},"p":{"a":0,"k":[9.001,9.5,0],"ix":2},"a":{"a":0,"k":[0,0,0],"ix":1},"s":{"a":0,"k":[100,100,100],"ix":6}},"ao":0,"shapes":[{"ty":"gr","it":[{"ind":0,"ty":"sh","ix":1,"ks":{"a":0,"k":{"i":[[0,0],[0,0],[0.16,0.14],[0,0],[0.21,-0.19],[0,0],[0,-0.2],[0,0],[-0.12,-0.12],[-0.17,-0.01],[0,0],[0.01,0.34],[0,0],[-1.4,0.08],[0.09,-1.35],[0,0],[-0.12,-0.12],[-0.18,-0.01],[0,0],[-0.11,0.13],[0.01,0.17],[0,0]],"o":[[0,0],[0,-0.2],[0,0],[-0.21,-0.19],[0,0],[-0.16,0.14],[0,0],[-0.01,0.17],[0.11,0.13],[0,0],[0.35,-0.03],[0,0],[-0.09,-1.36],[1.39,0.1],[0,0],[-0.01,0.17],[0.11,0.13],[0,0],[0.17,-0.01],[0.12,-0.12],[0,0],[0,0]],"v":[[7.225,0.33],[7.225,-2.3],[6.985,-2.83],[0.375,-8.36],[-0.385,-8.36],[-6.985,-2.83],[-7.225,-2.3],[-7.225,7.84],[-7.055,8.29],[-6.615,8.5],[-2.965,8.5],[-2.375,7.84],[-2.375,4.26],[0.005,1.65],[2.345,4.26],[2.345,7.84],[2.515,8.29],[2.965,8.5],[6.605,8.5],[7.045,8.29],[7.215,7.84],[7.215,2.87]],"c":true},"ix":2},"nm":"Path 1","mn":"ADBE Vector Shape - Group","hd":false},{"ty":"st","c":{"a":0,"k":[0.537254989147,0.541176021099,0.611765027046,1],"ix":3},"o":{"a":0,"k":100,"ix":4},"w":{"a":0,"k":2.086,"ix":5},"lc":2,"lj":2,"bm":0,"nm":"Stroke 1","mn":"ADBE Vector Graphic - Stroke","hd":false},{"ty":"tr","p":{"a":0,"k":[0,0],"ix":2},"a":{"a":0,"k":[0,0],"ix":1},"s":{"a":0,"k":[100,100],"ix":3},"r":{"a":0,"k":0,"ix":6},"o":{"a":0,"k":100,"ix":7},"sk":{"a":0,"k":0,"ix":4},"sa":{"a":0,"k":0,"ix":5},"nm":"Transform"}],"nm":"home","np":2,"cix":2,"bm":0,"ix":1,"mn":"ADBE Vector Group","hd":false}],"ip":0,"op":1800,"st":0,"bm":0}],"markers":[]}