{"v":"5.0.6","fr":24,"ip":0,"op":24,"w":296,"h":351,"nm":"PH_Icons","ddd":0,"assets":[],"layers":[{"ddd":0,"ind":1,"ty":4,"nm":"Artwork 858 Outlines 2","td":1,"sr":1,"ks":{"o":{"a":0,"k":100,"ix":11},"r":{"a":0,"k":0,"ix":10},"p":{"a":0,"k":[156,183.5,0],"ix":2},"a":{"a":0,"k":[8.5,10,0],"ix":1},"s":{"a":0,"k":[1835,1835,100],"ix":6}},"ao":0,"shapes":[{"ty":"gr","it":[{"ind":0,"ty":"sh","ix":1,"ks":{"a":0,"k":{"i":[[0,0],[0,0],[0.149,0.133],[0,0],[0.21,-0.19],[0,0],[-0.002,-0.199],[0,0],[-0.346,-0.019],[0,0],[0.019,0.335],[0,0],[-1.358,0.087],[0.091,-1.349],[0,0],[-0.347,-0.018],[0,0],[0.016,0.345],[0,0],[0,0]],"o":[[0,0],[0.002,-0.199],[0,0],[-0.21,-0.19],[0,0],[-0.148,0.133],[0,0],[-0.018,0.346],[0,0],[0.334,-0.035],[0,0],[-0.084,-1.358],[1.349,0.097],[0,0],[-0.017,0.346],[0,0],[0.345,-0.016],[0,0],[0,0],[0,0]],"v":[[7.006,0.357],[7.006,-2.279],[6.776,-2.801],[0.371,-8.333],[-0.369,-8.333],[-6.764,-2.801],[-6.994,-2.279],[-6.994,7.863],[-6.399,8.523],[-2.862,8.523],[-2.299,7.863],[-2.299,4.288],[0.006,1.674],[2.28,4.288],[2.28,7.865],[2.875,8.523],[6.401,8.523],[6.996,7.87],[6.996,7.865],[6.996,2.898]],"c":true},"ix":2},"nm":"Path 1","mn":"ADBE Vector Shape - Group","hd":false},{"ty":"st","c":{"a":0,"k":[0.122000002394,0.128999986836,0.169000004787,1],"ix":3},"o":{"a":0,"k":100,"ix":4},"w":{"a":0,"k":2.086,"ix":5},"lc":2,"lj":2,"nm":"Stroke 1","mn":"ADBE Vector Graphic - Stroke","hd":false},{"ty":"fl","c":{"a":0,"k":[0.122000002394,0.128999986836,0.169000004787,1],"ix":4},"o":{"a":0,"k":100,"ix":5},"r":1,"nm":"Fill 1","mn":"ADBE Vector Graphic - Fill","hd":false},{"ty":"tr","p":{"a":0,"k":[8.038,9.519],"ix":2},"a":{"a":0,"k":[0,0],"ix":1},"s":{"a":0,"k":[100,100],"ix":3},"r":{"a":0,"k":0,"ix":6},"o":{"a":0,"k":100,"ix":7},"sk":{"a":0,"k":0,"ix":4},"sa":{"a":0,"k":0,"ix":5},"nm":"Transform"}],"nm":"Group 1","np":3,"cix":2,"ix":1,"mn":"ADBE Vector Group","hd":false}],"ip":0,"op":2880,"st":0,"bm":0},{"ddd":0,"ind":2,"ty":4,"nm":"Artwork 858 Outlines","tt":1,"sr":1,"ks":{"o":{"a":0,"k":100,"ix":11},"r":{"a":0,"k":0,"ix":10},"p":{"a":1,"k":[{"i":{"x":0.833,"y":1},"o":{"x":0.167,"y":0},"n":"0p833_1_0p167_0","t":0,"s":[156,186.5,0],"e":[161,529.5,0],"to":[0.83333331346512,57.1666679382324,0],"ti":[-0.83333331346512,-57.1666679382324,0]},{"t":19}],"ix":2},"a":{"a":0,"k":[8.5,10,0],"ix":1},"s":{"a":0,"k":[1835,1835,100],"ix":6}},"ao":0,"shapes":[{"ty":"gr","it":[{"ind":0,"ty":"sh","ix":1,"ks":{"a":0,"k":{"i":[[0,0],[0,0],[0.149,0.133],[0,0],[0.21,-0.19],[0,0],[-0.002,-0.199],[0,0],[-0.346,-0.019],[0,0],[0.019,0.335],[0,0],[-1.358,0.087],[0.091,-1.349],[0,0],[-0.347,-0.018],[0,0],[0.016,0.345],[0,0],[0,0]],"o":[[0,0],[0.002,-0.199],[0,0],[-0.21,-0.19],[0,0],[-0.148,0.133],[0,0],[-0.018,0.346],[0,0],[0.334,-0.035],[0,0],[-0.084,-1.358],[1.349,0.097],[0,0],[-0.017,0.346],[0,0],[0.345,-0.016],[0,0],[0,0],[0,0]],"v":[[7.006,0.357],[7.006,-2.279],[6.776,-2.801],[0.371,-8.333],[-0.369,-8.333],[-6.764,-2.801],[-6.994,-2.279],[-6.994,7.863],[-6.399,8.523],[-2.862,8.523],[-2.299,7.863],[-2.299,4.288],[0.006,1.674],[2.28,4.288],[2.28,7.865],[2.875,8.523],[6.401,8.523],[6.996,7.87],[6.996,7.865],[6.996,2.898]],"c":true},"ix":2},"nm":"Path 1","mn":"ADBE Vector Shape - Group","hd":false},{"ty":"st","c":{"a":0,"k":[0.122000002394,0.128999986836,0.169000004787,1],"ix":3},"o":{"a":0,"k":100,"ix":4},"w":{"a":0,"k":2.086,"ix":5},"lc":2,"lj":2,"nm":"Stroke 1","mn":"ADBE Vector Graphic - Stroke","hd":false},{"ty":"fl","c":{"a":0,"k":[0.122000002394,0.128999986836,0.169000004787,1],"ix":4},"o":{"a":0,"k":100,"ix":5},"r":1,"nm":"Fill 1","mn":"ADBE Vector Graphic - Fill","hd":false},{"ty":"tr","p":{"a":0,"k":[8.038,9.519],"ix":2},"a":{"a":0,"k":[0,0],"ix":1},"s":{"a":0,"k":[100,100],"ix":3},"r":{"a":0,"k":0,"ix":6},"o":{"a":0,"k":100,"ix":7},"sk":{"a":0,"k":0,"ix":4},"sa":{"a":0,"k":0,"ix":5},"nm":"Transform"}],"nm":"Group 1","np":3,"cix":2,"ix":1,"mn":"ADBE Vector Group","hd":false}],"ip":0,"op":2880,"st":0,"bm":0},{"ddd":0,"ind":3,"ty":4,"nm":"Artwork 859 Outlines","sr":1,"ks":{"o":{"a":0,"k":100,"ix":11},"r":{"a":0,"k":0,"ix":10},"p":{"a":0,"k":[156,183.5,0],"ix":2},"a":{"a":0,"k":[8.5,10,0],"ix":1},"s":{"a":0,"k":[1835,1835,100],"ix":6}},"ao":0,"shapes":[{"ty":"gr","it":[{"ind":0,"ty":"sh","ix":1,"ks":{"a":0,"k":{"i":[[0,0],[0,0],[0.149,0.133],[0,0],[0.21,-0.19],[0,0],[-0.002,-0.199],[0,0],[-0.346,-0.019],[0,0],[0.019,0.335],[0,0],[-1.358,0.087],[0.091,-1.349],[0,0],[-0.347,-0.018],[0,0],[0.016,0.345],[0,0],[0,0]],"o":[[0,0],[0.002,-0.199],[0,0],[-0.21,-0.19],[0,0],[-0.148,0.133],[0,0],[-0.018,0.346],[0,0],[0.334,-0.035],[0,0],[-0.084,-1.358],[1.349,0.097],[0,0],[-0.017,0.346],[0,0],[0.345,-0.016],[0,0],[0,0],[0,0]],"v":[[7.006,0.357],[7.006,-2.279],[6.776,-2.801],[0.371,-8.333],[-0.369,-8.333],[-6.764,-2.801],[-6.994,-2.279],[-6.994,7.863],[-6.399,8.523],[-2.862,8.523],[-2.299,7.863],[-2.299,4.288],[0.006,1.674],[2.28,4.288],[2.28,7.865],[2.875,8.523],[6.401,8.523],[6.996,7.87],[6.996,7.865],[6.996,2.898]],"c":true},"ix":2},"nm":"Path 1","mn":"ADBE Vector Shape - Group","hd":false},{"ty":"st","c":{"a":0,"k":[0.121568627451,0.129411764706,0.16862745098,1],"ix":3},"o":{"a":0,"k":100,"ix":4},"w":{"a":0,"k":2.086,"ix":5},"lc":2,"lj":2,"nm":"Stroke 1","mn":"ADBE Vector Graphic - Stroke","hd":false},{"ty":"tr","p":{"a":0,"k":[8.038,9.519],"ix":2},"a":{"a":0,"k":[0,0],"ix":1},"s":{"a":0,"k":[100,100],"ix":3},"r":{"a":0,"k":0,"ix":6},"o":{"a":0,"k":100,"ix":7},"sk":{"a":0,"k":0,"ix":4},"sa":{"a":0,"k":0,"ix":5},"nm":"Transform"}],"nm":"Group 1","np":2,"cix":2,"ix":1,"mn":"ADBE Vector Group","hd":false}],"ip":0,"op":2880,"st":0,"bm":0}],"markers":[]}