{"v":"5.0.6","fr":24,"ip":0,"op":24,"w":296,"h":345,"nm":"Learn","ddd":0,"assets":[],"layers":[{"ddd":0,"ind":1,"ty":4,"nm":"fill 2","td":1,"sr":1,"ks":{"o":{"a":0,"k":100,"ix":11},"r":{"a":0,"k":0,"ix":10},"p":{"a":0,"k":[155,174,0],"ix":2},"a":{"a":0,"k":[8.5,9.5,0],"ix":1},"s":{"a":0,"k":[1777,1777,100],"ix":6}},"ao":0,"shapes":[{"ty":"gr","it":[{"ind":0,"ty":"sh","ix":1,"ks":{"a":0,"k":{"i":[[0,0],[0,0],[0.049,1.185],[-1.186,-0.039],[0,0]],"o":[[0,0],[-1.186,0.039],[0.049,-1.186],[0,0],[0,0]],"v":[[7.515,2.07],[-5.285,2.07],[-7.515,0.001],[-5.285,-2.07],[7.515,-2.07]],"c":false},"ix":2},"nm":"Path 1","mn":"ADBE Vector Shape - Group","hd":false},{"ty":"st","c":{"a":0,"k":[0.121568627451,0.129411764706,0.16862745098,1],"ix":3},"o":{"a":0,"k":100,"ix":4},"w":{"a":0,"k":1,"ix":5},"lc":2,"lj":2,"nm":"Stroke 1","mn":"ADBE Vector Graphic - Stroke","hd":false},{"ty":"tr","p":{"a":0,"k":[8.015,16.35],"ix":2},"a":{"a":0,"k":[0,0],"ix":1},"s":{"a":0,"k":[100,100],"ix":3},"r":{"a":0,"k":0,"ix":6},"o":{"a":0,"k":100,"ix":7},"sk":{"a":0,"k":0,"ix":4},"sa":{"a":0,"k":0,"ix":5},"nm":"Transform"}],"nm":"Group 1","np":2,"cix":2,"ix":1,"mn":"ADBE Vector Group","hd":false},{"ty":"gr","it":[{"ind":0,"ty":"sh","ix":1,"ks":{"a":0,"k":{"i":[[-0.036,-0.007],[0,0],[0,0],[0.259,0.017],[0.014,0],[0,0],[0,0],[0,0],[0,0],[0,0],[0.005,-1.301],[0,0],[-1.193,-0.162]],"o":[[0,0],[0,0],[0.016,-0.259],[-0.013,0],[0,0],[0,0],[0,0],[0,0],[0,0],[-1.301,0.005],[0,0],[0.162,-1.194],[0.036,0.005]],"v":[[-5.013,5.95],[7.557,5.95],[7.557,-7.3],[7.118,-7.8],[7.077,-7.8],[-1.433,-7.8],[-1.433,-1.18],[-3.323,-3.071],[-5.213,-1.18],[-5.213,-7.8],[-7.573,-5.44],[-7.573,7.8],[-5.12,5.932]],"c":true},"ix":2},"nm":"Path 1","mn":"ADBE Vector Shape - Group","hd":false},{"ty":"st","c":{"a":0,"k":[0.121568627451,0.129411764706,0.16862745098,1],"ix":3},"o":{"a":0,"k":100,"ix":4},"w":{"a":0,"k":1,"ix":5},"lc":2,"lj":2,"nm":"Stroke 1","mn":"ADBE Vector Graphic - Stroke","hd":false},{"ty":"fl","c":{"a":0,"k":[0.121568627451,0.129411764706,0.16862745098,1],"ix":4},"o":{"a":0,"k":100,"ix":5},"r":1,"nm":"Fill 1","mn":"ADBE Vector Graphic - Fill","hd":false},{"ty":"tr","p":{"a":0,"k":[8.073,8.3],"ix":2},"a":{"a":0,"k":[0,0],"ix":1},"s":{"a":0,"k":[100,100],"ix":3},"r":{"a":0,"k":0,"ix":6},"o":{"a":0,"k":100,"ix":7},"sk":{"a":0,"k":0,"ix":4},"sa":{"a":0,"k":0,"ix":5},"nm":"Transform"}],"nm":"Group 2","np":3,"cix":2,"ix":2,"mn":"ADBE Vector Group","hd":false}],"ip":0,"op":2880,"st":0,"bm":0},{"ddd":0,"ind":2,"ty":4,"nm":"fill","tt":1,"sr":1,"ks":{"o":{"a":0,"k":100,"ix":11},"r":{"a":0,"k":0,"ix":10},"p":{"a":1,"k":[{"i":{"x":0.833,"y":1},"o":{"x":0.167,"y":0},"n":"0p833_1_0p167_0","t":0,"s":[160,172,0],"e":[160,422,0],"to":[0,41.6666679382324,0],"ti":[0,-41.6666679382324,0]},{"t":19}],"ix":2},"a":{"a":0,"k":[8.5,9.5,0],"ix":1},"s":{"a":0,"k":[1777,1777,100],"ix":6}},"ao":0,"shapes":[{"ty":"gr","it":[{"ind":0,"ty":"sh","ix":1,"ks":{"a":0,"k":{"i":[[0,0],[0,0],[0.049,1.185],[-1.186,-0.039],[0,0]],"o":[[0,0],[-1.186,0.039],[0.049,-1.186],[0,0],[0,0]],"v":[[7.515,2.07],[-5.285,2.07],[-7.515,0.001],[-5.285,-2.07],[7.515,-2.07]],"c":false},"ix":2},"nm":"Path 1","mn":"ADBE Vector Shape - Group","hd":false},{"ty":"st","c":{"a":0,"k":[0.121568627451,0.129411764706,0.16862745098,1],"ix":3},"o":{"a":0,"k":100,"ix":4},"w":{"a":0,"k":1,"ix":5},"lc":2,"lj":2,"nm":"Stroke 1","mn":"ADBE Vector Graphic - Stroke","hd":false},{"ty":"tr","p":{"a":0,"k":[8.015,16.35],"ix":2},"a":{"a":0,"k":[0,0],"ix":1},"s":{"a":0,"k":[100,100],"ix":3},"r":{"a":0,"k":0,"ix":6},"o":{"a":0,"k":100,"ix":7},"sk":{"a":0,"k":0,"ix":4},"sa":{"a":0,"k":0,"ix":5},"nm":"Transform"}],"nm":"Group 1","np":2,"cix":2,"ix":1,"mn":"ADBE Vector Group","hd":false},{"ty":"gr","it":[{"ind":0,"ty":"sh","ix":1,"ks":{"a":0,"k":{"i":[[-0.036,-0.007],[0,0],[0,0],[0.259,0.017],[0.014,0],[0,0],[0,0],[0,0],[0,0],[0,0],[0.005,-1.301],[0,0],[-1.193,-0.162]],"o":[[0,0],[0,0],[0.016,-0.259],[-0.013,0],[0,0],[0,0],[0,0],[0,0],[0,0],[-1.301,0.005],[0,0],[0.162,-1.194],[0.036,0.005]],"v":[[-5.013,5.95],[7.557,5.95],[7.557,-7.3],[7.118,-7.8],[7.077,-7.8],[-1.433,-7.8],[-1.433,-1.18],[-3.323,-3.071],[-5.213,-1.18],[-5.213,-7.8],[-7.573,-5.44],[-7.573,7.8],[-5.12,5.932]],"c":true},"ix":2},"nm":"Path 1","mn":"ADBE Vector Shape - Group","hd":false},{"ty":"st","c":{"a":0,"k":[0.121568627451,0.129411764706,0.16862745098,1],"ix":3},"o":{"a":0,"k":100,"ix":4},"w":{"a":0,"k":1,"ix":5},"lc":2,"lj":2,"nm":"Stroke 1","mn":"ADBE Vector Graphic - Stroke","hd":false},{"ty":"fl","c":{"a":0,"k":[0.121568627451,0.129411764706,0.16862745098,1],"ix":4},"o":{"a":0,"k":100,"ix":5},"r":1,"nm":"Fill 1","mn":"ADBE Vector Graphic - Fill","hd":false},{"ty":"tr","p":{"a":0,"k":[8.073,8.3],"ix":2},"a":{"a":0,"k":[0,0],"ix":1},"s":{"a":0,"k":[100,100],"ix":3},"r":{"a":0,"k":0,"ix":6},"o":{"a":0,"k":100,"ix":7},"sk":{"a":0,"k":0,"ix":4},"sa":{"a":0,"k":0,"ix":5},"nm":"Transform"}],"nm":"Group 2","np":3,"cix":2,"ix":2,"mn":"ADBE Vector Group","hd":false}],"ip":0,"op":2880,"st":0,"bm":0},{"ddd":0,"ind":3,"ty":4,"nm":"border","sr":1,"ks":{"o":{"a":0,"k":100,"ix":11},"r":{"a":0,"k":0,"ix":10},"p":{"a":0,"k":[151,178,0],"ix":2},"a":{"a":0,"k":[8.5,10,0],"ix":1},"s":{"a":0,"k":[1777,1777,100],"ix":6}},"ao":0,"shapes":[{"ty":"gr","it":[{"ind":0,"ty":"sh","ix":1,"ks":{"a":0,"k":{"i":[[0,0],[0,0],[0.049,1.185],[-1.186,-0.039],[0,0]],"o":[[0,0],[-1.186,0.039],[0.049,-1.186],[0,0],[0,0]],"v":[[7.515,2.07],[-5.285,2.07],[-7.515,0.001],[-5.285,-2.07],[7.515,-2.07]],"c":false},"ix":2},"nm":"Path 1","mn":"ADBE Vector Shape - Group","hd":false},{"ty":"st","c":{"a":0,"k":[0.121568627451,0.129411764706,0.16862745098,1],"ix":3},"o":{"a":0,"k":100,"ix":4},"w":{"a":0,"k":1.5,"ix":5},"lc":2,"lj":2,"nm":"Stroke 1","mn":"ADBE Vector Graphic - Stroke","hd":false},{"ty":"tr","p":{"a":0,"k":[8.265,16.6],"ix":2},"a":{"a":0,"k":[0,0],"ix":1},"s":{"a":0,"k":[100,100],"ix":3},"r":{"a":0,"k":0,"ix":6},"o":{"a":0,"k":100,"ix":7},"sk":{"a":0,"k":0,"ix":4},"sa":{"a":0,"k":0,"ix":5},"nm":"Transform"}],"nm":"Group 1","np":2,"cix":2,"ix":1,"mn":"ADBE Vector Group","hd":false},{"ty":"gr","it":[{"ind":0,"ty":"sh","ix":1,"ks":{"a":0,"k":{"i":[[-0.036,-0.007],[0,0],[0,0],[0.259,0.017],[0.014,0],[0,0],[0,0],[0,0],[0,0],[0,0],[0.005,-1.301],[0,0],[-1.193,-0.162]],"o":[[0,0],[0,0],[0.016,-0.259],[-0.013,0],[0,0],[0,0],[0,0],[0,0],[0,0],[-1.301,0.005],[0,0],[0.162,-1.194],[0.036,0.005]],"v":[[-5.013,5.95],[7.557,5.95],[7.557,-7.3],[7.118,-7.8],[7.077,-7.8],[-1.433,-7.8],[-1.433,-1.18],[-3.323,-3.071],[-5.213,-1.18],[-5.213,-7.8],[-7.573,-5.44],[-7.573,7.8],[-5.12,5.932]],"c":true},"ix":2},"nm":"Path 1","mn":"ADBE Vector Shape - Group","hd":false},{"ty":"st","c":{"a":0,"k":[0.121568627451,0.129411764706,0.16862745098,1],"ix":3},"o":{"a":0,"k":100,"ix":4},"w":{"a":0,"k":1.5,"ix":5},"lc":2,"lj":2,"nm":"Stroke 1","mn":"ADBE Vector Graphic - Stroke","hd":false},{"ty":"tr","p":{"a":0,"k":[8.323,8.55],"ix":2},"a":{"a":0,"k":[0,0],"ix":1},"s":{"a":0,"k":[100,100],"ix":3},"r":{"a":0,"k":0,"ix":6},"o":{"a":0,"k":100,"ix":7},"sk":{"a":0,"k":0,"ix":4},"sa":{"a":0,"k":0,"ix":5},"nm":"Transform"}],"nm":"Group 2","np":2,"cix":2,"ix":2,"mn":"ADBE Vector Group","hd":false}],"ip":0,"op":2880,"st":0,"bm":0}],"markers":[]}