{"v":"5.0.6","fr":24,"ip":48,"op":276,"w":360,"h":210,"nm":"Preview","ddd":0,"assets":[],"layers":[{"ddd":0,"ind":1,"ty":4,"nm":"Triangle","sr":1,"ks":{"o":{"a":0,"k":30,"ix":11},"r":{"a":1,"k":[{"i":{"x":[0.833],"y":[0.833]},"o":{"x":[0.167],"y":[0.167]},"n":["0p833_0p833_0p167_0p167"],"t":48,"s":[0],"e":[360]},{"t":276}],"ix":10},"p":{"a":0,"k":[347.228,5.575,0],"ix":2},"a":{"a":0,"k":[68,71,0],"ix":1},"s":{"a":0,"k":[100,100,100],"ix":6}},"ao":0,"shapes":[{"ty":"gr","it":[{"ty":"gr","it":[{"ind":0,"ty":"sh","ix":1,"ks":{"a":0,"k":{"i":[[2.038,2.81],[0,0],[1.343,-3.599],[0,0],[-3.726,0.814],[0,0]],"o":[[0,0],[-2.255,-3.11],[0,0],[-1.334,3.572],[0,0],[3.393,-0.741]],"v":[[34.848,16.512],[-2.725,-35.299],[-11.133,-34.158],[-35.553,31.206],[-30.012,37.596],[31.979,24.044]],"c":true},"ix":2},"nm":"Path 4","mn":"ADBE Vector Shape - Group","hd":false},{"ty":"tr","p":{"a":0,"k":[0,0],"ix":2},"a":{"a":0,"k":[0,0],"ix":1},"s":{"a":0,"k":[100,100],"ix":3},"r":{"a":0,"k":0,"ix":6},"o":{"a":0,"k":100,"ix":7},"sk":{"a":0,"k":0,"ix":4},"sa":{"a":0,"k":0,"ix":5},"nm":"Transform"}],"nm":"Group 1","np":1,"cix":2,"ix":1,"mn":"ADBE Vector Group","hd":false},{"ty":"gf","o":{"a":0,"k":100,"ix":10},"r":1,"g":{"p":3,"k":{"a":0,"k":[0.002,1,1,1,0.501,1,1,1,1,1,1,1,0,0,0.5,0.2,1,0.4],"ix":9}},"s":{"a":0,"k":[-0.501,-25.333],"ix":5},"e":{"a":0,"k":[-26.624,63.154],"ix":6},"t":1,"nm":"Gradient Fill 1","mn":"ADBE Vector Graphic - G-Fill","hd":false},{"ty":"tr","p":{"a":0,"k":[66.45,76.296],"ix":2},"a":{"a":0,"k":[0,0],"ix":1},"s":{"a":0,"k":[100,100],"ix":3},"r":{"a":0,"k":0,"ix":6},"o":{"a":0,"k":100,"ix":7},"sk":{"a":0,"k":0,"ix":4},"sa":{"a":0,"k":0,"ix":5},"nm":"Transform"}],"nm":"Group 1","np":2,"cix":2,"ix":1,"mn":"ADBE Vector Group","hd":false},{"ty":"gr","it":[{"ty":"gr","it":[{"ind":0,"ty":"sh","ix":1,"ks":{"a":0,"k":{"i":[[3.843,5.301],[0,0],[2.535,-6.787],[0,0],[-7.024,1.536],[0,0]],"o":[[0,0],[-4.253,-5.865],[0,0],[-2.516,6.736],[0,0],[6.397,-1.398]],"v":[[65.811,30.742],[-5.049,-66.969],[-20.908,-64.816],[-66.958,58.452],[-56.512,70.503],[60.398,44.945]],"c":true},"ix":2},"nm":"Path 4","mn":"ADBE Vector Shape - Group","hd":false},{"ty":"tr","p":{"a":0,"k":[0,0],"ix":2},"a":{"a":0,"k":[0,0],"ix":1},"s":{"a":0,"k":[100,100],"ix":3},"r":{"a":0,"k":0,"ix":6},"o":{"a":0,"k":100,"ix":7},"sk":{"a":0,"k":0,"ix":4},"sa":{"a":0,"k":0,"ix":5},"nm":"Transform"}],"nm":"Group 1","np":1,"cix":2,"ix":1,"mn":"ADBE Vector Group","hd":false},{"ty":"gf","o":{"a":0,"k":100,"ix":10},"r":1,"g":{"p":3,"k":{"a":0,"k":[0.002,1,1,1,0.501,1,1,1,1,1,1,1,0,0,0.5,0.2,1,0.4],"ix":9}},"s":{"a":0,"k":[-12.883,-56.842],"ix":5},"e":{"a":0,"k":[-43.519,73.172],"ix":6},"t":1,"nm":"Gradient Fill 1","mn":"ADBE Vector Graphic - G-Fill","hd":false},{"ty":"tr","p":{"a":0,"k":[67.547,70.72],"ix":2},"a":{"a":0,"k":[0,0],"ix":1},"s":{"a":0,"k":[100,100],"ix":3},"r":{"a":0,"k":0,"ix":6},"o":{"a":0,"k":100,"ix":7},"sk":{"a":0,"k":0,"ix":4},"sa":{"a":0,"k":0,"ix":5},"nm":"Transform"}],"nm":"Group 2","np":2,"cix":2,"ix":2,"mn":"ADBE Vector Group","hd":false}],"ip":0,"op":2880,"st":0,"bm":0},{"ddd":0,"ind":2,"ty":4,"nm":"Wave","sr":1,"ks":{"o":{"a":0,"k":100,"ix":11},"r":{"a":0,"k":0,"ix":10},"p":{"a":0,"k":[180,103.908,0],"ix":2},"a":{"a":0,"k":[180,104,0],"ix":1},"s":{"a":0,"k":[100,100,100],"ix":6}},"ao":0,"shapes":[{"ty":"gr","it":[{"ty":"gr","it":[{"ind":0,"ty":"sh","ix":1,"ks":{"a":1,"k":[{"i":{"x":0.833,"y":0.833},"o":{"x":0.167,"y":0.167},"n":"0p833_0p833_0p167_0p167","t":48,"s":[{"i":[[0,0],[0,0],[-127.62,51.162],[-67.5,-14.262],[0,0]],"o":[[0,0],[0,0],[0,0],[0,0],[0,0]],"v":[[-180,-103.516],[-180,79.822],[37.12,76.322],[180,64.745],[180,-103.516]],"c":true}],"e":[{"i":[[0,0],[0,0],[-142.62,30.662],[-44.5,-5.762],[0,0]],"o":[[0,0],[0,0],[0,0],[0,0],[0,0]],"v":[[-180,-103.516],[-180,74.322],[37.12,83.322],[180,64.245],[180,-103.516]],"c":true}]},{"i":{"x":0.833,"y":0.833},"o":{"x":0.167,"y":0.167},"n":"0p833_0p833_0p167_0p167","t":60,"s":[{"i":[[0,0],[0,0],[-142.62,30.662],[-44.5,-5.762],[0,0]],"o":[[0,0],[0,0],[0,0],[0,0],[0,0]],"v":[[-180,-103.516],[-180,74.322],[37.12,83.322],[180,64.245],[180,-103.516]],"c":true}],"e":[{"i":[[0,0],[0,0],[-150.12,24.662],[-59,-5.762],[0,0]],"o":[[0,0],[0,0],[0,0],[0,0],[0,0]],"v":[[-180,-103.516],[-180,79.322],[37.12,79.822],[180,70.245],[180,-103.516]],"c":true}]},{"i":{"x":0.833,"y":0.833},"o":{"x":0.167,"y":0.167},"n":"0p833_0p833_0p167_0p167","t":72,"s":[{"i":[[0,0],[0,0],[-150.12,24.662],[-59,-5.762],[0,0]],"o":[[0,0],[0,0],[0,0],[0,0],[0,0]],"v":[[-180,-103.516],[-180,79.322],[37.12,79.822],[180,70.245],[180,-103.516]],"c":true}],"e":[{"i":[[0,0],[0,0],[-167.74,44.162],[-80,-13.762],[0,0]],"o":[[0,0],[0,0],[0,0],[0,0],[0,0]],"v":[[-180,-103.516],[-180,83.822],[37.24,73.322],[180,70.245],[180,-103.516]],"c":true}]},{"i":{"x":0.833,"y":0.833},"o":{"x":0.167,"y":0.167},"n":"0p833_0p833_0p167_0p167","t":84,"s":[{"i":[[0,0],[0,0],[-167.74,44.162],[-80,-13.762],[0,0]],"o":[[0,0],[0,0],[0,0],[0,0],[0,0]],"v":[[-180,-103.516],[-180,83.822],[37.24,73.322],[180,70.245],[180,-103.516]],"c":true}],"e":[{"i":[[0,0],[0,0],[-127.62,51.162],[-67.5,-14.262],[0,0]],"o":[[0,0],[0,0],[0,0],[0,0],[0,0]],"v":[[-180,-103.516],[-180,79.822],[37.12,76.322],[180,64.745],[180,-103.516]],"c":true}]},{"i":{"x":0.833,"y":0.833},"o":{"x":0.167,"y":0.167},"n":"0p833_0p833_0p167_0p167","t":96,"s":[{"i":[[0,0],[0,0],[-127.62,51.162],[-67.5,-14.262],[0,0]],"o":[[0,0],[0,0],[0,0],[0,0],[0,0]],"v":[[-180,-103.516],[-180,79.822],[37.12,76.322],[180,64.745],[180,-103.516]],"c":true}],"e":[{"i":[[0,0],[0,0],[-142.62,30.662],[-44.5,-5.762],[0,0]],"o":[[0,0],[0,0],[0,0],[0,0],[0,0]],"v":[[-180,-103.516],[-180,74.322],[37.12,83.322],[180,64.245],[180,-103.516]],"c":true}]},{"i":{"x":0.833,"y":0.833},"o":{"x":0.167,"y":0.167},"n":"0p833_0p833_0p167_0p167","t":108,"s":[{"i":[[0,0],[0,0],[-142.62,30.662],[-44.5,-5.762],[0,0]],"o":[[0,0],[0,0],[0,0],[0,0],[0,0]],"v":[[-180,-103.516],[-180,74.322],[37.12,83.322],[180,64.245],[180,-103.516]],"c":true}],"e":[{"i":[[0,0],[0,0],[-150.12,24.662],[-59,-5.762],[0,0]],"o":[[0,0],[0,0],[0,0],[0,0],[0,0]],"v":[[-180,-103.516],[-180,79.322],[37.12,79.822],[180,70.245],[180,-103.516]],"c":true}]},{"i":{"x":0.833,"y":0.833},"o":{"x":0.167,"y":0.167},"n":"0p833_0p833_0p167_0p167","t":120,"s":[{"i":[[0,0],[0,0],[-150.12,24.662],[-59,-5.762],[0,0]],"o":[[0,0],[0,0],[0,0],[0,0],[0,0]],"v":[[-180,-103.516],[-180,79.322],[37.12,79.822],[180,70.245],[180,-103.516]],"c":true}],"e":[{"i":[[0,0],[0,0],[-167.74,44.162],[-80,-13.762],[0,0]],"o":[[0,0],[0,0],[0,0],[0,0],[0,0]],"v":[[-180,-103.516],[-180,83.822],[37.24,73.322],[180,70.245],[180,-103.516]],"c":true}]},{"i":{"x":0.833,"y":0.833},"o":{"x":0.167,"y":0.167},"n":"0p833_0p833_0p167_0p167","t":132,"s":[{"i":[[0,0],[0,0],[-167.74,44.162],[-80,-13.762],[0,0]],"o":[[0,0],[0,0],[0,0],[0,0],[0,0]],"v":[[-180,-103.516],[-180,83.822],[37.24,73.322],[180,70.245],[180,-103.516]],"c":true}],"e":[{"i":[[0,0],[0,0],[-127.62,51.162],[-67.5,-14.262],[0,0]],"o":[[0,0],[0,0],[0,0],[0,0],[0,0]],"v":[[-180,-103.516],[-180,79.822],[37.12,76.322],[180,64.745],[180,-103.516]],"c":true}]},{"i":{"x":0.833,"y":0.833},"o":{"x":0.167,"y":0.167},"n":"0p833_0p833_0p167_0p167","t":144,"s":[{"i":[[0,0],[0,0],[-127.62,51.162],[-67.5,-14.262],[0,0]],"o":[[0,0],[0,0],[0,0],[0,0],[0,0]],"v":[[-180,-103.516],[-180,79.822],[37.12,76.322],[180,64.745],[180,-103.516]],"c":true}],"e":[{"i":[[0,0],[0,0],[-142.62,30.662],[-44.5,-5.762],[0,0]],"o":[[0,0],[0,0],[0,0],[0,0],[0,0]],"v":[[-180,-103.516],[-180,74.322],[37.12,83.322],[180,64.245],[180,-103.516]],"c":true}]},{"i":{"x":0.833,"y":0.833},"o":{"x":0.167,"y":0.167},"n":"0p833_0p833_0p167_0p167","t":156,"s":[{"i":[[0,0],[0,0],[-142.62,30.662],[-44.5,-5.762],[0,0]],"o":[[0,0],[0,0],[0,0],[0,0],[0,0]],"v":[[-180,-103.516],[-180,74.322],[37.12,83.322],[180,64.245],[180,-103.516]],"c":true}],"e":[{"i":[[0,0],[0,0],[-150.12,24.662],[-59,-5.762],[0,0]],"o":[[0,0],[0,0],[0,0],[0,0],[0,0]],"v":[[-180,-103.516],[-180,79.322],[37.12,79.822],[180,70.245],[180,-103.516]],"c":true}]},{"i":{"x":0.833,"y":0.833},"o":{"x":0.167,"y":0.167},"n":"0p833_0p833_0p167_0p167","t":168,"s":[{"i":[[0,0],[0,0],[-150.12,24.662],[-59,-5.762],[0,0]],"o":[[0,0],[0,0],[0,0],[0,0],[0,0]],"v":[[-180,-103.516],[-180,79.322],[37.12,79.822],[180,70.245],[180,-103.516]],"c":true}],"e":[{"i":[[0,0],[0,0],[-167.74,44.162],[-80,-13.762],[0,0]],"o":[[0,0],[0,0],[0,0],[0,0],[0,0]],"v":[[-180,-103.516],[-180,83.822],[37.24,73.322],[180,70.245],[180,-103.516]],"c":true}]},{"i":{"x":0.833,"y":0.833},"o":{"x":0.167,"y":0.167},"n":"0p833_0p833_0p167_0p167","t":180,"s":[{"i":[[0,0],[0,0],[-167.74,44.162],[-80,-13.762],[0,0]],"o":[[0,0],[0,0],[0,0],[0,0],[0,0]],"v":[[-180,-103.516],[-180,83.822],[37.24,73.322],[180,70.245],[180,-103.516]],"c":true}],"e":[{"i":[[0,0],[0,0],[-127.62,51.162],[-67.5,-14.262],[0,0]],"o":[[0,0],[0,0],[0,0],[0,0],[0,0]],"v":[[-180,-103.516],[-180,79.822],[37.12,76.322],[180,64.745],[180,-103.516]],"c":true}]},{"i":{"x":0.833,"y":0.833},"o":{"x":0.167,"y":0.167},"n":"0p833_0p833_0p167_0p167","t":192,"s":[{"i":[[0,0],[0,0],[-127.62,51.162],[-67.5,-14.262],[0,0]],"o":[[0,0],[0,0],[0,0],[0,0],[0,0]],"v":[[-180,-103.516],[-180,79.822],[37.12,76.322],[180,64.745],[180,-103.516]],"c":true}],"e":[{"i":[[0,0],[0,0],[-142.62,30.662],[-44.5,-5.762],[0,0]],"o":[[0,0],[0,0],[0,0],[0,0],[0,0]],"v":[[-180,-103.516],[-180,74.322],[37.12,83.322],[180,64.245],[180,-103.516]],"c":true}]},{"i":{"x":0.833,"y":0.833},"o":{"x":0.167,"y":0.167},"n":"0p833_0p833_0p167_0p167","t":204,"s":[{"i":[[0,0],[0,0],[-142.62,30.662],[-44.5,-5.762],[0,0]],"o":[[0,0],[0,0],[0,0],[0,0],[0,0]],"v":[[-180,-103.516],[-180,74.322],[37.12,83.322],[180,64.245],[180,-103.516]],"c":true}],"e":[{"i":[[0,0],[0,0],[-150.12,24.662],[-59,-5.762],[0,0]],"o":[[0,0],[0,0],[0,0],[0,0],[0,0]],"v":[[-180,-103.516],[-180,79.322],[37.12,79.822],[180,70.245],[180,-103.516]],"c":true}]},{"i":{"x":0.833,"y":0.833},"o":{"x":0.167,"y":0.167},"n":"0p833_0p833_0p167_0p167","t":216,"s":[{"i":[[0,0],[0,0],[-150.12,24.662],[-59,-5.762],[0,0]],"o":[[0,0],[0,0],[0,0],[0,0],[0,0]],"v":[[-180,-103.516],[-180,79.322],[37.12,79.822],[180,70.245],[180,-103.516]],"c":true}],"e":[{"i":[[0,0],[0,0],[-167.74,44.162],[-80,-13.762],[0,0]],"o":[[0,0],[0,0],[0,0],[0,0],[0,0]],"v":[[-180,-103.516],[-180,83.822],[37.24,73.322],[180,70.245],[180,-103.516]],"c":true}]},{"i":{"x":0.833,"y":0.833},"o":{"x":0.167,"y":0.167},"n":"0p833_0p833_0p167_0p167","t":228,"s":[{"i":[[0,0],[0,0],[-167.74,44.162],[-80,-13.762],[0,0]],"o":[[0,0],[0,0],[0,0],[0,0],[0,0]],"v":[[-180,-103.516],[-180,83.822],[37.24,73.322],[180,70.245],[180,-103.516]],"c":true}],"e":[{"i":[[0,0],[0,0],[-142.62,30.662],[-44.5,-5.762],[0,0]],"o":[[0,0],[0,0],[0,0],[0,0],[0,0]],"v":[[-180,-103.516],[-180,74.322],[37.12,83.322],[180,64.245],[180,-103.516]],"c":true}]},{"i":{"x":0.833,"y":0.833},"o":{"x":0.167,"y":0.167},"n":"0p833_0p833_0p167_0p167","t":240,"s":[{"i":[[0,0],[0,0],[-142.62,30.662],[-44.5,-5.762],[0,0]],"o":[[0,0],[0,0],[0,0],[0,0],[0,0]],"v":[[-180,-103.516],[-180,74.322],[37.12,83.322],[180,64.245],[180,-103.516]],"c":true}],"e":[{"i":[[0,0],[0,0],[-150.12,24.662],[-59,-5.762],[0,0]],"o":[[0,0],[0,0],[0,0],[0,0],[0,0]],"v":[[-180,-103.516],[-180,79.322],[37.12,79.822],[180,70.245],[180,-103.516]],"c":true}]},{"i":{"x":0.833,"y":0.833},"o":{"x":0.167,"y":0.167},"n":"0p833_0p833_0p167_0p167","t":252,"s":[{"i":[[0,0],[0,0],[-150.12,24.662],[-59,-5.762],[0,0]],"o":[[0,0],[0,0],[0,0],[0,0],[0,0]],"v":[[-180,-103.516],[-180,79.322],[37.12,79.822],[180,70.245],[180,-103.516]],"c":true}],"e":[{"i":[[0,0],[0,0],[-167.74,44.162],[-80,-13.762],[0,0]],"o":[[0,0],[0,0],[0,0],[0,0],[0,0]],"v":[[-180,-103.516],[-180,83.822],[37.24,73.322],[180,70.245],[180,-103.516]],"c":true}]},{"i":{"x":0.833,"y":0.833},"o":{"x":0.167,"y":0.167},"n":"0p833_0p833_0p167_0p167","t":264,"s":[{"i":[[0,0],[0,0],[-167.74,44.162],[-80,-13.762],[0,0]],"o":[[0,0],[0,0],[0,0],[0,0],[0,0]],"v":[[-180,-103.516],[-180,83.822],[37.24,73.322],[180,70.245],[180,-103.516]],"c":true}],"e":[{"i":[[0,0],[0,0],[-127.62,51.162],[-67.5,-14.262],[0,0]],"o":[[0,0],[0,0],[0,0],[0,0],[0,0]],"v":[[-180,-103.516],[-180,79.822],[37.12,76.322],[180,64.745],[180,-103.516]],"c":true}]},{"t":276}],"ix":2},"nm":"Path 2","mn":"ADBE Vector Shape - Group","hd":false},{"ty":"tr","p":{"a":0,"k":[0,0],"ix":2},"a":{"a":0,"k":[0,0],"ix":1},"s":{"a":0,"k":[100,100],"ix":3},"r":{"a":0,"k":0,"ix":6},"o":{"a":0,"k":100,"ix":7},"sk":{"a":0,"k":0,"ix":4},"sa":{"a":0,"k":0,"ix":5},"nm":"Transform"}],"nm":"Group 1","np":1,"cix":2,"ix":1,"mn":"ADBE Vector Group","hd":false},{"ty":"gf","o":{"a":0,"k":100,"ix":10},"r":1,"g":{"p":3,"k":{"a":0,"k":[0.002,1,1,1,0.501,1,1,1,1,1,1,1,0,0,0.5,0.05,1,0.1],"ix":9}},"s":{"a":0,"k":[176.09,-133.949],"ix":5},"e":{"a":0,"k":[-38.637,81.652],"ix":6},"t":1,"nm":"Gradient Fill 1","mn":"ADBE Vector Graphic - G-Fill","hd":false},{"ty":"tr","p":{"a":0,"k":[180,103.516],"ix":2},"a":{"a":0,"k":[0,0],"ix":1},"s":{"a":0,"k":[100,100],"ix":3},"r":{"a":0,"k":0,"ix":6},"o":{"a":0,"k":100,"ix":7},"sk":{"a":0,"k":0,"ix":4},"sa":{"a":0,"k":0,"ix":5},"nm":"Transform"}],"nm":"Group 1","np":2,"cix":2,"ix":1,"mn":"ADBE Vector Group","hd":false}],"ip":0,"op":2880,"st":0,"bm":0}],"markers":[]}