{"v":"5.0.6","fr":10,"ip":20,"op":40,"w":360,"h":456,"nm":"PH_Onboarding_v2_Main","ddd":0,"assets":[{"id":"comp_0","layers":[{"ddd":0,"ind":1,"ty":4,"nm":"Face expressions Outlines","parent":2,"sr":1,"ks":{"o":{"a":0,"k":100,"ix":11},"r":{"a":0,"k":0,"ix":10},"p":{"a":0,"k":[78.257,73.55,0],"ix":2},"a":{"a":0,"k":[15.5,15.5,0],"ix":1},"s":{"a":0,"k":[99.01,99.01,100],"ix":6}},"ao":0,"shapes":[{"ty":"gr","it":[{"ind":0,"ty":"sh","ix":1,"ks":{"a":0,"k":{"i":[[0,0],[4.938,0],[0,4.937]],"o":[[0,4.937],[-4.939,0],[0,0]],"v":[[8.941,-4.471],[0.001,4.471],[-8.941,-4.471]],"c":false},"ix":2},"nm":"Path 1","mn":"ADBE Vector Shape - Group","hd":false},{"ty":"fl","c":{"a":0,"k":[0.952999997606,0.961000031116,0.980000035903,1],"ix":4},"o":{"a":0,"k":100,"ix":5},"r":1,"nm":"Fill 1","mn":"ADBE Vector Graphic - Fill","hd":false},{"ty":"tr","p":{"a":0,"k":[16.633,26.369],"ix":2},"a":{"a":0,"k":[0,0],"ix":1},"s":{"a":0,"k":[100,100],"ix":3},"r":{"a":0,"k":0,"ix":6},"o":{"a":0,"k":100,"ix":7},"sk":{"a":0,"k":0,"ix":4},"sa":{"a":0,"k":0,"ix":5},"nm":"Transform"}],"nm":"Group 3","np":2,"cix":2,"ix":1,"mn":"ADBE Vector Group","hd":false},{"ty":"gr","it":[{"ind":0,"ty":"sh","ix":1,"ks":{"a":0,"k":{"i":[[0,0],[3.667,-4.833]],"o":[[0,0],[0,0]],"v":[[4.5,2.417],[-4.5,2.417]],"c":false},"ix":2},"nm":"Path 1","mn":"ADBE Vector Shape - Group","hd":false},{"ty":"st","c":{"a":0,"k":[0.536999990426,0.286000001197,0.286000001197,1],"ix":3},"o":{"a":0,"k":100,"ix":4},"w":{"a":0,"k":1.5,"ix":5},"lc":2,"lj":1,"ml":10,"nm":"Stroke 1","mn":"ADBE Vector Graphic - Stroke","hd":false},{"ty":"tr","p":{"a":0,"k":[25.333,0.482],"ix":2},"a":{"a":0,"k":[0,0],"ix":1},"s":{"a":0,"k":[100,100],"ix":3},"r":{"a":0,"k":0,"ix":6},"o":{"a":0,"k":100,"ix":7},"sk":{"a":0,"k":0,"ix":4},"sa":{"a":0,"k":0,"ix":5},"nm":"Transform"}],"nm":"Group 4","np":2,"cix":2,"ix":2,"mn":"ADBE Vector Group","hd":false},{"ty":"gr","it":[{"ind":0,"ty":"sh","ix":1,"ks":{"a":0,"k":{"i":[[0,0],[-3.667,-4.833]],"o":[[0,0],[0,0]],"v":[[-4.5,2.417],[4.5,2.417]],"c":false},"ix":2},"nm":"Path 1","mn":"ADBE Vector Shape - Group","hd":false},{"ty":"st","c":{"a":0,"k":[0.536999990426,0.286000001197,0.286000001197,1],"ix":3},"o":{"a":0,"k":100,"ix":4},"w":{"a":0,"k":1.5,"ix":5},"lc":2,"lj":1,"ml":10,"nm":"Stroke 1","mn":"ADBE Vector Graphic - Stroke","hd":false},{"ty":"tr","p":{"a":0,"k":[5.25,0.482],"ix":2},"a":{"a":0,"k":[0,0],"ix":1},"s":{"a":0,"k":[100,100],"ix":3},"r":{"a":0,"k":0,"ix":6},"o":{"a":0,"k":100,"ix":7},"sk":{"a":0,"k":0,"ix":4},"sa":{"a":0,"k":0,"ix":5},"nm":"Transform"}],"nm":"Group 5","np":2,"cix":2,"ix":3,"mn":"ADBE Vector Group","hd":false}],"ip":0,"op":1200,"st":0,"bm":0},{"ddd":0,"ind":2,"ty":4,"nm":"Person 3","sr":1,"ks":{"o":{"a":0,"k":100,"ix":11},"r":{"a":0,"k":0,"ix":10},"p":{"a":1,"k":[{"i":{"x":0.667,"y":1},"o":{"x":0.333,"y":0},"n":"0p667_1_0p333_0","t":50,"s":[185,226,0],"e":[180,266,0],"to":[-0.83333331346512,6.66666650772095,0],"ti":[0.83333331346512,-6.66666650772095,0]},{"i":{"x":0.667,"y":0.667},"o":{"x":0.333,"y":0.333},"n":"0p667_0p667_0p333_0p333","t":55,"s":[180,266,0],"e":[180,266,0],"to":[0,0,0],"ti":[0,0,0]},{"i":{"x":0.667,"y":1},"o":{"x":0.333,"y":0},"n":"0p667_1_0p333_0","t":90,"s":[180,266,0],"e":[93.5,205.5,0],"to":[-14.4166669845581,-10.0833330154419,0],"ti":[14.4166669845581,10.0833330154419,0]},{"t":93.33349609375}],"ix":2},"a":{"a":0,"k":[79,203.5,0],"ix":1},"s":{"a":1,"k":[{"i":{"x":[0.667,0.667,0.667],"y":[1,1,1]},"o":{"x":[0.333,0.333,0.333],"y":[0,0,0]},"n":["0p667_1_0p333_0","0p667_1_0p333_0","0p667_1_0p333_0"],"t":50,"s":[42,42,100],"e":[101,101,100]},{"i":{"x":[0.833,0.833,0.833],"y":[1,1,1]},"o":{"x":[0.333,0.333,0.333],"y":[0,0,0]},"n":["0p833_1_0p333_0","0p833_1_0p333_0","0p833_1_0p333_0"],"t":55,"s":[101,101,100],"e":[101,101,100]},{"i":{"x":[0.833,0.833,0.833],"y":[1,1,1]},"o":{"x":[0.167,0.167,0.167],"y":[0,0,0]},"n":["0p833_1_0p167_0","0p833_1_0p167_0","0p833_1_0p167_0"],"t":90,"s":[101,101,100],"e":[90,90,100]},{"t":93.33349609375}],"ix":6}},"ao":0,"shapes":[{"ty":"gr","it":[{"ind":0,"ty":"sh","ix":1,"ks":{"a":0,"k":{"i":[[0.183,2.039],[0.958,4.778],[-0.209,3.704],[2.162,2.583],[3.388,0.495],[3.292,-0.566],[3.666,-0.156],[5.393,-1.511],[2.943,-3.172],[0.8,-4.565],[-1.08,-4.81],[-1.069,-4.859],[-2.593,-4.187],[-0.213,-0.128],[-0.284,0.482],[-0.04,1.651],[-0.779,2.709],[0.799,3.865],[-0.868,1.322],[-1.186,-0.298],[-1.061,-0.655],[-2.628,-0.84],[-4.929,0.528],[-2.259,0.976],[-2.243,0.299],[-0.021,-2.298],[0.331,-1.36],[-0.422,-6.657],[-0.193,-0.233],[-0.49,0.325],[-0.694,1.113],[-1.414,1.916],[-0.275,4.248]],"o":[[-0.437,-4.868],[-0.732,-3.646],[0.17,-3.019],[-2.345,-2.799],[-3.302,-0.481],[-3.594,0.619],[-5.479,0.232],[-4.174,1.17],[-3.055,3.293],[-0.843,4.802],[1.09,4.853],[1.049,4.775],[0.131,0.211],[0.48,0.288],[0.868,-1.471],[0.07,-2.897],[1.088,-3.78],[-0.336,-1.624],[0.783,-0.923],[1.209,0.304],[2.347,1.454],[4.669,1.494],[2.439,-0.262],[2.008,-0.87],[2.563,-0.342],[0.014,1.401],[-1.573,6.483],[0.019,0.303],[0.373,0.455],[1.092,-0.726],[1.258,-2.021],[2.527,-3.425],[0.133,-2.059]],"v":[[35.157,6.223],[32.613,-8.238],[31.982,-19.327],[31.419,-29.051],[20.63,-33.116],[10.648,-33.079],[0.252,-29.521],[-16.012,-29.312],[-26.665,-22.325],[-33.908,-10.666],[-34.316,4.224],[-30.624,18.666],[-25.499,32.647],[-25.014,33.202],[-23.589,32.711],[-23.837,26.786],[-21.801,18.843],[-21.357,7.107],[-20.812,2.625],[-17.637,1.797],[-14.622,3.132],[-7.118,6.573],[7.176,8.533],[14.4,6.739],[20.303,3.559],[24.529,8.119],[23.812,12.247],[22.604,32.146],[22.844,33.006],[24.45,32.983],[26.798,29.873],[31.277,24.317],[35.264,12.369]],"c":true},"ix":2},"nm":"Path 1","mn":"ADBE Vector Shape - Group","hd":false},{"ty":"fl","c":{"a":0,"k":[0.224000010771,0.250999989229,0.375999989229,1],"ix":4},"o":{"a":0,"k":100,"ix":5},"r":1,"nm":"Fill 1","mn":"ADBE Vector Graphic - Fill","hd":false},{"ty":"tr","p":{"a":0,"k":[77.097,33.49],"ix":2},"a":{"a":0,"k":[0,0],"ix":1},"s":{"a":0,"k":[100,100],"ix":3},"r":{"a":0,"k":0,"ix":6},"o":{"a":0,"k":100,"ix":7},"sk":{"a":0,"k":0,"ix":4},"sa":{"a":0,"k":0,"ix":5},"nm":"Transform"}],"nm":"Group 1","np":2,"cix":2,"ix":1,"mn":"ADBE Vector Group","hd":false},{"ty":"gr","it":[{"ind":0,"ty":"sh","ix":1,"ks":{"a":1,"k":[{"i":{"x":0.667,"y":1},"o":{"x":0.333,"y":0},"n":"0p667_1_0p333_0","t":90,"s":[{"i":[[2.722,10.777],[0,0],[0,0],[-0.029,-1.717],[0,0],[-0.852,-0.924],[-0.445,-9.216],[-2.48,-1.958],[-3.334,3.667],[0.261,2.709]],"o":[[1.858,-1.78],[1.167,-6.052],[-6.584,-0.218],[0.009,0.516],[0.5,2.24],[-0.703,6.006],[0,0],[0,0],[0,0],[-2.087,-21.653]],"v":[[-0.528,-66.693],[2.805,-71.421],[-2.607,-77.628],[-9.861,-72.443],[-9.778,-71.589],[-6.09,-66.63],[-13.778,65.911],[-1.112,77.911],[14.223,67.911],[13.817,63.688]],"c":true}],"e":[{"i":[[2.056,14.116],[0,0],[0,0],[2.278,0.089],[0,0],[-0.559,-11.936],[9.841,-7.03],[-6.655,0.613],[-9.257,1.853],[0.624,7.194]],"o":[[0.515,-9.451],[0.482,-6.41],[-6.978,3.85],[-1.961,-0.554],[0.468,3.965],[-0.703,6.006],[-0.714,0.595],[0,0],[0,0],[-2.093,-23.249]],"v":[[4.334,-33.394],[5.236,-66.803],[6.734,-78.713],[-10.104,-76.775],[-14.938,-79.286],[-9.909,-51.492],[-16.999,108.259],[0.523,110.793],[19.353,109.54],[12.89,80.798]],"c":true}]},{"i":{"x":0.667,"y":1},"o":{"x":0.333,"y":0},"n":"0p667_1_0p333_0","t":91.667,"s":[{"i":[[2.056,14.116],[0,0],[0,0],[2.278,0.089],[0,0],[-0.559,-11.936],[9.841,-7.03],[-6.655,0.613],[-9.257,1.853],[0.624,7.194]],"o":[[0.515,-9.451],[0.482,-6.41],[-6.978,3.85],[-1.961,-0.554],[0.468,3.965],[-0.703,6.006],[-0.714,0.595],[0,0],[0,0],[-2.093,-23.249]],"v":[[4.334,-33.394],[5.236,-66.803],[6.734,-78.713],[-10.104,-76.775],[-14.938,-79.286],[-9.909,-51.492],[-16.999,108.259],[0.523,110.793],[19.353,109.54],[12.89,80.798]],"c":true}],"e":[{"i":[[1.39,17.455],[0,0],[0,0],[4.585,1.896],[0,0],[-0.266,-22.949],[24.505,6.732],[-8.022,0.843],[-13.356,1.815],[0.986,11.678]],"o":[[-0.828,-17.123],[-0.203,-6.769],[-3.755,10.674],[-3.93,-1.625],[0.436,5.69],[-0.703,6.006],[0,0],[0,0],[0,0],[-2.098,-24.846]],"v":[[9.195,-0.095],[7.667,-62.185],[9.268,-83.462],[-14.274,-78.489],[-18.528,-84.366],[-13.728,-36.353],[-16.555,109.245],[1.111,110.689],[24.223,109.023],[11.964,97.909]],"c":true}]},{"t":93.33349609375}],"ix":2},"nm":"Path 1","mn":"ADBE Vector Shape - Group","hd":false},{"ty":"fl","c":{"a":1,"k":[{"i":{"x":[0.667],"y":[1]},"o":{"x":[0.333],"y":[0]},"n":["0p667_1_0p333_0"],"t":90,"s":[1,0.430999995213,0.430999995213,1],"e":[0.807843148708,0.850980401039,0.937254905701,1]},{"t":93.33349609375}],"ix":4},"o":{"a":0,"k":100,"ix":5},"r":1,"nm":"Fill 1","mn":"ADBE Vector Graphic - Fill","hd":false},{"ty":"tr","p":{"a":0,"k":[86.05,198.913],"ix":2},"a":{"a":0,"k":[0,0],"ix":1},"s":{"a":0,"k":[100,100],"ix":3},"r":{"a":0,"k":0,"ix":6},"o":{"a":0,"k":100,"ix":7},"sk":{"a":0,"k":0,"ix":4},"sa":{"a":0,"k":0,"ix":5},"nm":"Transform"}],"nm":"Group 2","np":2,"cix":2,"ix":2,"mn":"ADBE Vector Group","hd":false},{"ty":"gr","it":[{"ind":0,"ty":"sh","ix":1,"ks":{"a":0,"k":{"i":[[0,0],[-10.926,7.284],[19.666,1.822]],"o":[[0,0],[0,0],[0,0]],"v":[[-9.768,-4.432],[10.494,-5.44],[-10.493,5.258]],"c":true},"ix":2},"nm":"Path 1","mn":"ADBE Vector Shape - Group","hd":false},{"ty":"fl","c":{"a":0,"k":[0.224000010771,0.250999989229,0.375999989229,1],"ix":4},"o":{"a":0,"k":100,"ix":5},"r":1,"nm":"Fill 1","mn":"ADBE Vector Graphic - Fill","hd":false},{"ty":"tr","p":{"a":0,"k":[80.327,102.913],"ix":2},"a":{"a":0,"k":[0,0],"ix":1},"s":{"a":0,"k":[100,100],"ix":3},"r":{"a":0,"k":0,"ix":6},"o":{"a":0,"k":15,"ix":7},"sk":{"a":0,"k":0,"ix":4},"sa":{"a":0,"k":0,"ix":5},"nm":"Transform"}],"nm":"Group 3","np":2,"cix":2,"ix":3,"mn":"ADBE Vector Group","hd":false},{"ty":"gr","it":[{"ind":0,"ty":"sh","ix":1,"ks":{"a":0,"k":{"i":[[10.565,0.146],[0,0],[0,0],[0,0],[-0.68,-8.926],[-0.786,-7.166],[-7.166,-0.821],[-2.218,1.036],[-0.559,-1.128],[-7.994,-3.812],[0,0],[0,0],[-4.501,6.961],[1.074,3.986],[0.008,2.902],[-2.757,8.331],[-2.415,8.398]],"o":[[0,0],[0,0],[0,0],[0,0],[-0.328,-0.033],[0,0],[0,0],[0.626,1.305],[3.838,7.756],[-0.039,0.007],[0.48,7.304],[-3.878,10.859],[2.674,-4.135],[-0.175,-0.651],[6.468,-4.659],[1.486,0.391],[0,0]],"v":[[28.968,-18.965],[31.064,-41.445],[-8.506,-50.521],[-33.909,-40.333],[-32.417,-20.766],[-38.747,-14.242],[-32.217,1.031],[-28.419,0.634],[-26.6,4.32],[-9.197,23.452],[-9.257,23.462],[-11.224,37.62],[14.388,43.56],[11.781,30.298],[11.145,22.212],[24.942,0.728],[34.043,-6.581]],"c":true},"ix":2},"nm":"Path 1","mn":"ADBE Vector Shape - Group","hd":false},{"ty":"fl","c":{"a":0,"k":[1,0.816000007181,0.611999990426,1],"ix":4},"o":{"a":0,"k":100,"ix":5},"r":1,"nm":"Fill 1","mn":"ADBE Vector Graphic - Fill","hd":false},{"ty":"tr","p":{"a":0,"k":[79.815,75.02],"ix":2},"a":{"a":0,"k":[0,0],"ix":1},"s":{"a":0,"k":[100,100],"ix":3},"r":{"a":0,"k":0,"ix":6},"o":{"a":0,"k":100,"ix":7},"sk":{"a":0,"k":0,"ix":4},"sa":{"a":0,"k":0,"ix":5},"nm":"Transform"}],"nm":"Group 4","np":2,"cix":2,"ix":4,"mn":"ADBE Vector Group","hd":false},{"ty":"gr","it":[{"ind":0,"ty":"sh","ix":1,"ks":{"a":1,"k":[{"i":{"x":0.833,"y":0.833},"o":{"x":0.167,"y":0.167},"n":"0p833_0p833_0p167_0p167","t":90,"s":[{"i":[[0,0],[9.952,-3.388],[4.658,-7.622],[0,0],[-2.964,-2.964],[-9.528,-0.847],[-2.169,2.466],[0,0],[-0.423,-5.505],[0,0],[0,0],[-8.258,-3.599],[-6.291,-2.238],[-16.899,1.077],[-13.927,7.274],[3.388,7.834],[0,0],[-0.211,8.469],[0,0],[-1.646,-3.846],[0,0],[0.81,-1.013],[-2.259,1.447],[-2.406,24.969],[19.843,28.954],[6.775,6.775],[7.835,-0.212],[0,0]],"o":[[0,0],[0,0],[0,0],[0,0],[0,0],[0,0],[0,0],[0,0],[0,0],[0,0],[0,0],[0,0],[8.831,3.141],[12.029,-0.767],[0,0],[0,0],[0,0],[0,0],[0,0],[0,0],[0.46,1.212],[-10.995,13.746],[0,0],[0,0],[0,0],[0,0],[0,0],[0,0]],"v":[[-8.173,-104.598],[-40.992,-96.128],[-54.516,-88.082],[-69.435,-34.373],[-68.588,-28.656],[-44.715,-21.966],[-39.807,-23.295],[-35.996,-27.953],[-46.921,-34.725],[-39.51,16.516],[-38.663,70.508],[-33.581,81.095],[-23.688,85.362],[16.17,90.978],[55.56,79.825],[58.524,69.874],[51.749,34.09],[50.266,14.187],[51.537,-39.594],[48.764,-39.259],[49.016,-31.633],[50.383,-27.679],[62.449,10.099],[87.551,-2.018],[74.267,-51.22],[55.324,-92.31],[40.738,-99.304],[9.613,-104.598]],"c":true}],"e":[{"i":[[0,0],[9.952,-3.388],[4.658,-7.622],[0,0],[-2.964,-2.964],[-9.528,-0.847],[-2.169,2.466],[0,0],[-0.423,-5.505],[0,0],[0,0],[-8.258,-3.599],[-12.91,3.306],[-14.307,-3.361],[-8.76,4.575],[3.388,7.834],[0,0],[-0.211,8.469],[0,0],[-1.646,-3.846],[0,0],[0.81,-1.013],[-2.259,1.447],[-2.406,24.969],[19.843,28.954],[6.775,6.775],[7.835,-0.212],[0,0]],"o":[[0,0],[0,0],[0,0],[0,0],[0,0],[0,0],[0,0],[0,0],[0,0],[0,0],[0,0],[0,0],[3.458,-0.885],[9.713,2.282],[0,0],[0,0],[0,0],[0,0],[0,0],[0,0],[0.46,1.212],[-10.995,13.746],[0,0],[0,0],[0,0],[0,0],[0,0],[0,0]],"v":[[-8.173,-104.598],[-40.992,-96.128],[-54.516,-88.082],[-69.435,-34.373],[-68.588,-28.656],[-44.715,-21.966],[-39.807,-23.295],[-35.996,-27.953],[-46.921,-34.725],[-39.51,16.516],[-38.663,70.508],[-33.581,81.095],[-9.507,89.845],[31.759,89.341],[55.56,79.825],[58.524,69.874],[51.749,34.09],[50.266,14.187],[51.537,-39.594],[48.764,-39.259],[49.016,-31.633],[50.383,-27.679],[62.449,10.099],[93.739,-2.513],[74.267,-51.22],[55.324,-92.31],[40.738,-99.304],[9.613,-104.598]],"c":true}]},{"t":93.33349609375}],"ix":2},"nm":"Path 1","mn":"ADBE Vector Shape - Group","hd":false},{"ty":"fl","c":{"a":0,"k":[0.952999997606,0.961000031116,0.980000035903,1],"ix":4},"o":{"a":0,"k":100,"ix":5},"r":1,"nm":"Fill 1","mn":"ADBE Vector Graphic - Fill","hd":false},{"ty":"tr","p":{"a":0,"k":[78.779,218.822],"ix":2},"a":{"a":0,"k":[0,0],"ix":1},"s":{"a":0,"k":[100,100],"ix":3},"r":{"a":0,"k":0,"ix":6},"o":{"a":0,"k":100,"ix":7},"sk":{"a":0,"k":0,"ix":4},"sa":{"a":0,"k":0,"ix":5},"nm":"Transform"}],"nm":"Group 5","np":2,"cix":2,"ix":5,"mn":"ADBE Vector Group","hd":false},{"ty":"gr","it":[{"ind":0,"ty":"sh","ix":1,"ks":{"a":1,"k":[{"i":{"x":0.667,"y":1},"o":{"x":0.333,"y":0},"n":"0p667_1_0p333_0","t":90,"s":[{"i":[[0,0],[0,0],[-5.099,-0.637],[0.638,-21.038],[0,0],[0,0],[0,0],[0,0],[0,0],[0.638,-34.425],[0,0]],"o":[[0,0],[0,0],[0,0],[0,0],[0,0],[0,0],[0,0],[0,0],[0,0],[0,0],[0,0]],"v":[[-7.386,153.847],[-2.765,-5.75],[1.06,-15.312],[4.885,3.176],[8.094,153.847],[45.016,153.847],[45.685,-3.837],[45.048,-51.649],[-42.927,-54.837],[-45.477,26.125],[-45.685,153.847]],"c":true}],"e":[{"i":[[0,0],[0,0],[-5.099,-0.637],[0.638,-21.038],[0,0],[0,0],[0,0],[0,0],[0,0],[0.638,-34.425],[0,0]],"o":[[0,0],[0,0],[0,0],[0,0],[0,0],[0,0],[0,0],[0,0],[0,0],[0,0],[0,0]],"v":[[-7.386,153.847],[-2.765,-5.75],[1.06,-15.312],[4.885,3.176],[8.094,153.847],[45.016,153.847],[45.685,-3.837],[45.048,-51.649],[-42.927,-54.837],[-45.477,26.125],[-45.685,153.847]],"c":true}]},{"t":93.33349609375}],"ix":2},"nm":"Path 1","mn":"ADBE Vector Shape - Group","hd":false},{"ty":"fl","c":{"a":0,"k":[0.224000010771,0.250999989229,0.375999989229,1],"ix":4},"o":{"a":0,"k":100,"ix":5},"r":1,"nm":"Fill 1","mn":"ADBE Vector Graphic - Fill","hd":false},{"ty":"tr","p":{"a":0,"k":[84.656,351.713],"ix":2},"a":{"a":0,"k":[0,0],"ix":1},"s":{"a":0,"k":[100,100],"ix":3},"r":{"a":0,"k":0,"ix":6},"o":{"a":0,"k":100,"ix":7},"sk":{"a":0,"k":0,"ix":4},"sa":{"a":0,"k":0,"ix":5},"nm":"Transform"}],"nm":"Group 6","np":2,"cix":2,"ix":6,"mn":"ADBE Vector Group","hd":false}],"ip":0,"op":1200,"st":0,"bm":0},{"ddd":0,"ind":3,"ty":4,"nm":"Person 3 Hexa","sr":1,"ks":{"o":{"a":0,"k":100,"ix":11},"r":{"a":0,"k":0,"ix":10},"p":{"a":0,"k":[185.681,168.829,0],"ix":2},"a":{"a":0,"k":[37.681,41.329,0],"ix":1},"s":{"a":1,"k":[{"i":{"x":[0.667,0.667,0.667],"y":[1,1,1]},"o":{"x":[0.333,0.333,0.333],"y":[0,0,0]},"n":["0p667_1_0p333_0","0p667_1_0p333_0","0p667_1_0p333_0"],"t":21.667,"s":[0,0,100],"e":[100,100,100]},{"i":{"x":[0.667,0.667,0.667],"y":[1,1,1]},"o":{"x":[0.333,0.333,0.333],"y":[0,0,0]},"n":["0p667_1_0p333_0","0p667_1_0p333_0","0p667_1_0p333_0"],"t":26.667,"s":[100,100,100],"e":[90,90,100]},{"i":{"x":[0.667,0.667,0.667],"y":[1,1,1]},"o":{"x":[0.333,0.333,0.333],"y":[0,0,0]},"n":["0p667_1_0p333_0","0p667_1_0p333_0","0p667_1_0p333_0"],"t":30,"s":[90,90,100],"e":[95,95,100]},{"i":{"x":[0.833,0.833,0.833],"y":[1,1,1]},"o":{"x":[0.167,0.167,0.167],"y":[0,0,0]},"n":["0p833_1_0p167_0","0p833_1_0p167_0","0p833_1_0p167_0"],"t":31.667,"s":[95,95,100],"e":[95,95,100]},{"i":{"x":[0.833,0.833,0.833],"y":[1,1,1]},"o":{"x":[0.167,0.167,0.167],"y":[0,0,0]},"n":["0p833_1_0p167_0","0p833_1_0p167_0","0p833_1_0p167_0"],"t":50,"s":[95,95,100],"e":[924,924,100]},{"t":57.08349609375}],"ix":6}},"ao":0,"shapes":[{"ty":"gr","it":[{"ty":"gr","it":[{"ind":0,"ty":"sh","ix":1,"ks":{"a":0,"k":{"i":[[0,0],[2.147,-1.24],[0,0],[0,-5.036],[0,0],[-4.363,-2.519],[0,0],[-4.362,2.518],[0,0],[0,5.037],[0,0],[4.362,2.519],[0,0],[2.396,0.019]],"o":[[-2.397,0.019],[0,0],[-4.363,2.519],[0,0],[0,5.037],[0,0],[4.362,2.518],[0,0],[4.362,-2.519],[0,0],[0,-5.036],[0,0],[-2.148,-1.24],[0,0]],"v":[[-0.111,-41.537],[-7.049,-39.648],[-30.631,-26.033],[-37.68,-13.824],[-37.68,13.407],[-30.631,25.617],[-7.049,39.232],[7.049,39.232],[30.632,25.617],[37.68,13.407],[37.68,-13.824],[30.632,-26.033],[7.049,-39.648],[0.113,-41.537]],"c":true},"ix":2},"nm":"Path 2","mn":"ADBE Vector Shape - Group","hd":false},{"ty":"tr","p":{"a":0,"k":[0,0],"ix":2},"a":{"a":0,"k":[0,0],"ix":1},"s":{"a":0,"k":[100,100],"ix":3},"r":{"a":0,"k":0,"ix":6},"o":{"a":0,"k":100,"ix":7},"sk":{"a":0,"k":0,"ix":4},"sa":{"a":0,"k":0,"ix":5},"nm":"Transform"}],"nm":"Group 1","np":1,"cix":2,"ix":1,"mn":"ADBE Vector Group","hd":false},{"ty":"gf","o":{"a":0,"k":100,"ix":10},"r":1,"g":{"p":3,"k":{"a":0,"k":[0,0.314,0.624,0.925,0.5,0.267,0.761,0.853,1,0.22,0.898,0.78],"ix":9}},"s":{"a":0,"k":[32.9,-32.191],"ix":5},"e":{"a":0,"k":[-33.545,34.768],"ix":6},"t":1,"nm":"Gradient Fill 1","mn":"ADBE Vector Graphic - G-Fill","hd":false},{"ty":"tr","p":{"a":0,"k":[37.681,41.537],"ix":2},"a":{"a":0,"k":[0,0],"ix":1},"s":{"a":0,"k":[100,100],"ix":3},"r":{"a":0,"k":0,"ix":6},"o":{"a":1,"k":[{"i":{"x":[0.833],"y":[0.833]},"o":{"x":[0.167],"y":[0.167]},"n":["0p833_0p833_0p167_0p167"],"t":50,"s":[100],"e":[0]},{"t":52.08349609375}],"ix":7},"sk":{"a":0,"k":0,"ix":4},"sa":{"a":0,"k":0,"ix":5},"nm":"Transform"}],"nm":"Group 5","np":2,"cix":2,"ix":1,"mn":"ADBE Vector Group","hd":false}],"ip":0,"op":1200,"st":0,"bm":0}]},{"id":"comp_1","layers":[{"ddd":0,"ind":1,"ty":4,"nm":"Artwork 793 Outlines","sr":1,"ks":{"o":{"a":0,"k":100,"ix":11},"r":{"a":0,"k":0,"ix":10},"p":{"a":0,"k":[183.375,286.375,0],"ix":2},"a":{"a":0,"k":[6,6,0],"ix":1},"s":{"a":0,"k":[100,100,100],"ix":6}},"ao":0,"shapes":[{"ty":"gr","it":[{"ind":0,"ty":"sh","ix":1,"ks":{"a":0,"k":{"i":[[0.111,0],[0,0],[0,0.111],[-0.111,0],[0,0],[0,-0.111]],"o":[[0,0],[-0.111,0],[0,-0.111],[0,0],[0.111,0],[0,0.111]],"v":[[0.208,0.203],[-0.207,0.203],[-0.41,0],[-0.207,-0.203],[0.208,-0.203],[0.411,0]],"c":true},"ix":2},"nm":"Path 1","mn":"ADBE Vector Shape - Group","hd":false},{"ty":"fl","c":{"a":0,"k":[0.224000010771,0.250999989229,0.375999989229,1],"ix":4},"o":{"a":0,"k":100,"ix":5},"r":1,"nm":"Fill 1","mn":"ADBE Vector Graphic - Fill","hd":false},{"ty":"tr","p":{"a":0,"k":[6.343,11.686],"ix":2},"a":{"a":0,"k":[0,0],"ix":1},"s":{"a":0,"k":[100,100],"ix":3},"r":{"a":0,"k":0,"ix":6},"o":{"a":0,"k":15,"ix":7},"sk":{"a":0,"k":0,"ix":4},"sa":{"a":0,"k":0,"ix":5},"nm":"Transform"}],"nm":"Group 1","np":2,"cix":2,"ix":1,"mn":"ADBE Vector Group","hd":false},{"ty":"gr","it":[{"ind":0,"ty":"sh","ix":1,"ks":{"a":0,"k":{"i":[[0,0],[1.54,-2.155]],"o":[[0,0],[0,0]],"v":[[1.643,1.077],[-1.643,1.077]],"c":false},"ix":2},"nm":"Path 1","mn":"ADBE Vector Shape - Group","hd":false},{"ty":"st","c":{"a":0,"k":[0.536999990426,0.286000001197,0.286000001197,1],"ix":3},"o":{"a":0,"k":100,"ix":4},"w":{"a":0,"k":0.75,"ix":5},"lc":2,"lj":1,"ml":10,"nm":"Stroke 1","mn":"ADBE Vector Graphic - Stroke","hd":false},{"ty":"tr","p":{"a":0,"k":[9.971,0.256],"ix":2},"a":{"a":0,"k":[0,0],"ix":1},"s":{"a":0,"k":[100,100],"ix":3},"r":{"a":0,"k":0,"ix":6},"o":{"a":0,"k":100,"ix":7},"sk":{"a":0,"k":0,"ix":4},"sa":{"a":0,"k":0,"ix":5},"nm":"Transform"}],"nm":"Group 4","np":2,"cix":2,"ix":2,"mn":"ADBE Vector Group","hd":false},{"ty":"gr","it":[{"ind":0,"ty":"sh","ix":1,"ks":{"a":0,"k":{"i":[[0,0],[-1.539,-2.155]],"o":[[0,0],[0,0]],"v":[[-1.642,1.077],[1.642,1.077]],"c":false},"ix":2},"nm":"Path 1","mn":"ADBE Vector Shape - Group","hd":false},{"ty":"st","c":{"a":0,"k":[0.536999990426,0.286000001197,0.286000001197,1],"ix":3},"o":{"a":0,"k":100,"ix":4},"w":{"a":0,"k":0.75,"ix":5},"lc":2,"lj":1,"ml":10,"nm":"Stroke 1","mn":"ADBE Vector Graphic - Stroke","hd":false},{"ty":"tr","p":{"a":0,"k":[2.017,0.256],"ix":2},"a":{"a":0,"k":[0,0],"ix":1},"s":{"a":0,"k":[100,100],"ix":3},"r":{"a":0,"k":0,"ix":6},"o":{"a":0,"k":100,"ix":7},"sk":{"a":0,"k":0,"ix":4},"sa":{"a":0,"k":0,"ix":5},"nm":"Transform"}],"nm":"Group 5","np":2,"cix":2,"ix":3,"mn":"ADBE Vector Group","hd":false},{"ty":"gr","it":[{"ind":0,"ty":"sh","ix":1,"ks":{"a":0,"k":{"i":[[0.824,0.322],[-0.019,-0.165],[-1.551,0],[-0.186,1.499],[0.159,-0.068]],"o":[[-0.155,-0.061],[0.184,1.501],[1.549,0],[0.021,-0.17],[-2.32,0.99]],"v":[[-2.706,-1.417],[-3.014,-1.187],[-0.001,1.478],[3.012,-1.182],[2.689,-1.398]],"c":true},"ix":2},"nm":"Path 1","mn":"ADBE Vector Shape - Group","hd":false},{"ty":"fl","c":{"a":0,"k":[0.987999949736,0.980000035903,0.969000004787,1],"ix":4},"o":{"a":0,"k":100,"ix":5},"r":1,"nm":"Fill 1","mn":"ADBE Vector Graphic - Fill","hd":false},{"ty":"tr","p":{"a":0,"k":[6.317,9.299],"ix":2},"a":{"a":0,"k":[0,0],"ix":1},"s":{"a":0,"k":[100,100],"ix":3},"r":{"a":0,"k":0,"ix":6},"o":{"a":0,"k":100,"ix":7},"sk":{"a":0,"k":0,"ix":4},"sa":{"a":0,"k":0,"ix":5},"nm":"Transform"}],"nm":"Group 6","np":2,"cix":2,"ix":4,"mn":"ADBE Vector Group","hd":false}],"ip":24.5833333333333,"op":1200,"st":0,"bm":0},{"ddd":0,"ind":2,"ty":4,"nm":"Artwork 792 Outlines","sr":1,"ks":{"o":{"a":0,"k":100,"ix":11},"r":{"a":0,"k":0,"ix":10},"p":{"a":0,"k":[288.5,221.688,0],"ix":2},"a":{"a":0,"k":[5.5,5.5,0],"ix":1},"s":{"a":0,"k":[100,100,100],"ix":6}},"ao":0,"shapes":[{"ty":"gr","it":[{"ind":0,"ty":"sh","ix":1,"ks":{"a":0,"k":{"i":[[0.1,0],[0,0],[0,0.1],[0,0],[-0.1,0],[0,0],[0,-0.101],[0,0]],"o":[[0,0],[-0.1,0],[0,0],[0,-0.101],[0,0],[0.1,0],[0,0],[0,0.1]],"v":[[0.192,0.185],[-0.192,0.185],[-0.374,0.003],[-0.374,-0.002],[-0.192,-0.185],[0.192,-0.185],[0.374,-0.002],[0.374,0.003]],"c":true},"ix":2},"nm":"Path 1","mn":"ADBE Vector Shape - Group","hd":false},{"ty":"fl","c":{"a":0,"k":[0.224000010771,0.250999989229,0.375999989229,1],"ix":4},"o":{"a":0,"k":100,"ix":5},"r":1,"nm":"Fill 1","mn":"ADBE Vector Graphic - Fill","hd":false},{"ty":"tr","p":{"a":0,"k":[5.812,10.68],"ix":2},"a":{"a":0,"k":[0,0],"ix":1},"s":{"a":0,"k":[100,100],"ix":3},"r":{"a":0,"k":0,"ix":6},"o":{"a":0,"k":15,"ix":7},"sk":{"a":0,"k":0,"ix":4},"sa":{"a":0,"k":0,"ix":5},"nm":"Transform"}],"nm":"Group 1","np":2,"cix":2,"ix":1,"mn":"ADBE Vector Group","hd":false},{"ty":"gr","it":[{"ind":0,"ty":"sh","ix":1,"ks":{"a":0,"k":{"i":[[0,0],[1.403,-1.964]],"o":[[0,0],[0,0]],"v":[[1.497,0.982],[-1.497,0.982]],"c":false},"ix":2},"nm":"Path 1","mn":"ADBE Vector Shape - Group","hd":false},{"ty":"st","c":{"a":0,"k":[0.536999990426,0.286000001197,0.286000001197,1],"ix":3},"o":{"a":0,"k":100,"ix":4},"w":{"a":0,"k":0.75,"ix":5},"lc":2,"lj":1,"ml":10,"nm":"Stroke 1","mn":"ADBE Vector Graphic - Stroke","hd":false},{"ty":"tr","p":{"a":0,"k":[9.118,0.266],"ix":2},"a":{"a":0,"k":[0,0],"ix":1},"s":{"a":0,"k":[100,100],"ix":3},"r":{"a":0,"k":0,"ix":6},"o":{"a":0,"k":100,"ix":7},"sk":{"a":0,"k":0,"ix":4},"sa":{"a":0,"k":0,"ix":5},"nm":"Transform"}],"nm":"Group 4","np":2,"cix":2,"ix":2,"mn":"ADBE Vector Group","hd":false},{"ty":"gr","it":[{"ind":0,"ty":"sh","ix":1,"ks":{"a":0,"k":{"i":[[0,0],[-1.402,-1.964]],"o":[[0,0],[0,0]],"v":[[-1.496,0.982],[1.496,0.982]],"c":false},"ix":2},"nm":"Path 1","mn":"ADBE Vector Shape - Group","hd":false},{"ty":"st","c":{"a":0,"k":[0.536999990426,0.286000001197,0.286000001197,1],"ix":3},"o":{"a":0,"k":100,"ix":4},"w":{"a":0,"k":0.75,"ix":5},"lc":2,"lj":1,"ml":10,"nm":"Stroke 1","mn":"ADBE Vector Graphic - Stroke","hd":false},{"ty":"tr","p":{"a":0,"k":[1.871,0.266],"ix":2},"a":{"a":0,"k":[0,0],"ix":1},"s":{"a":0,"k":[100,100],"ix":3},"r":{"a":0,"k":0,"ix":6},"o":{"a":0,"k":100,"ix":7},"sk":{"a":0,"k":0,"ix":4},"sa":{"a":0,"k":0,"ix":5},"nm":"Transform"}],"nm":"Group 5","np":2,"cix":2,"ix":3,"mn":"ADBE Vector Group","hd":false},{"ty":"gr","it":[{"ind":0,"ty":"sh","ix":1,"ks":{"a":0,"k":{"i":[[0.752,0.294],[-0.019,-0.15],[-1.413,0],[-0.169,1.365],[0.145,-0.061]],"o":[[-0.141,-0.055],[0.167,1.367],[1.411,0],[0.019,-0.155],[-2.113,0.902]],"v":[[-2.466,-1.292],[-2.745,-1.081],[0,1.346],[2.745,-1.076],[2.451,-1.275]],"c":true},"ix":2},"nm":"Path 1","mn":"ADBE Vector Shape - Group","hd":false},{"ty":"fl","c":{"a":0,"k":[0.987999949736,0.980000035903,0.969000004787,1],"ix":4},"o":{"a":0,"k":100,"ix":5},"r":1,"nm":"Fill 1","mn":"ADBE Vector Graphic - Fill","hd":false},{"ty":"tr","p":{"a":0,"k":[5.788,8.506],"ix":2},"a":{"a":0,"k":[0,0],"ix":1},"s":{"a":0,"k":[100,100],"ix":3},"r":{"a":0,"k":0,"ix":6},"o":{"a":0,"k":100,"ix":7},"sk":{"a":0,"k":0,"ix":4},"sa":{"a":0,"k":0,"ix":5},"nm":"Transform"}],"nm":"Group 6","np":2,"cix":2,"ix":4,"mn":"ADBE Vector Group","hd":false}],"ip":25.8333333333333,"op":1200,"st":0,"bm":0},{"ddd":0,"ind":3,"ty":4,"nm":"Artwork 791 Outlines","sr":1,"ks":{"o":{"a":0,"k":100,"ix":11},"r":{"a":0,"k":0,"ix":10},"p":{"a":0,"k":[72.875,230.875,0],"ix":2},"a":{"a":0,"k":[6.5,6.5,0],"ix":1},"s":{"a":0,"k":[100,100,100],"ix":6}},"ao":0,"shapes":[{"ty":"gr","it":[{"ind":0,"ty":"sh","ix":1,"ks":{"a":0,"k":{"i":[[0.111,0],[0,0],[0,0.111],[0,0],[-0.112,0],[0,0],[0,-0.112],[0,0]],"o":[[0,0],[-0.112,0],[0,0],[0,-0.112],[0,0],[0.111,0],[0,0],[0,0.111]],"v":[[0.191,0.244],[-0.191,0.244],[-0.393,0.041],[-0.393,-0.04],[-0.191,-0.243],[0.191,-0.243],[0.393,-0.04],[0.393,0.041]],"c":true},"ix":2},"nm":"Path 1","mn":"ADBE Vector Shape - Group","hd":false},{"ty":"fl","c":{"a":0,"k":[0.224000010771,0.250999989229,0.375999989229,1],"ix":4},"o":{"a":0,"k":100,"ix":5},"r":1,"nm":"Fill 1","mn":"ADBE Vector Graphic - Fill","hd":false},{"ty":"tr","p":{"a":0,"k":[6.46,11.816],"ix":2},"a":{"a":0,"k":[0,0],"ix":1},"s":{"a":0,"k":[100,100],"ix":3},"r":{"a":0,"k":0,"ix":6},"o":{"a":0,"k":15,"ix":7},"sk":{"a":0,"k":0,"ix":4},"sa":{"a":0,"k":0,"ix":5},"nm":"Transform"}],"nm":"Group 1","np":2,"cix":2,"ix":1,"mn":"ADBE Vector Group","hd":false},{"ty":"gr","it":[{"ind":0,"ty":"sh","ix":1,"ks":{"a":0,"k":{"i":[[0,0],[2.009,-2.016]],"o":[[0,0],[0,0]],"v":[[1.646,1.008],[-1.646,1.008]],"c":false},"ix":2},"nm":"Path 1","mn":"ADBE Vector Shape - Group","hd":false},{"ty":"st","c":{"a":0,"k":[0.536999990426,0.286000001197,0.286000001197,1],"ix":3},"o":{"a":0,"k":100,"ix":4},"w":{"a":0,"k":0.75,"ix":5},"lc":2,"lj":1,"ml":10,"nm":"Stroke 1","mn":"ADBE Vector Graphic - Stroke","hd":false},{"ty":"tr","p":{"a":0,"k":[10.004,0.263],"ix":2},"a":{"a":0,"k":[0,0],"ix":1},"s":{"a":0,"k":[100,100],"ix":3},"r":{"a":0,"k":0,"ix":6},"o":{"a":0,"k":100,"ix":7},"sk":{"a":0,"k":0,"ix":4},"sa":{"a":0,"k":0,"ix":5},"nm":"Transform"}],"nm":"Group 4","np":2,"cix":2,"ix":2,"mn":"ADBE Vector Group","hd":false},{"ty":"gr","it":[{"ind":0,"ty":"sh","ix":1,"ks":{"a":0,"k":{"i":[[0,0],[-2.008,-2.016]],"o":[[0,0],[0,0]],"v":[[-1.645,1.008],[1.645,1.008]],"c":false},"ix":2},"nm":"Path 1","mn":"ADBE Vector Shape - Group","hd":false},{"ty":"st","c":{"a":0,"k":[0.536999990426,0.286000001197,0.286000001197,1],"ix":3},"o":{"a":0,"k":100,"ix":4},"w":{"a":0,"k":0.75,"ix":5},"lc":2,"lj":1,"ml":10,"nm":"Stroke 1","mn":"ADBE Vector Graphic - Stroke","hd":false},{"ty":"tr","p":{"a":0,"k":[2.02,0.263],"ix":2},"a":{"a":0,"k":[0,0],"ix":1},"s":{"a":0,"k":[100,100],"ix":3},"r":{"a":0,"k":0,"ix":6},"o":{"a":0,"k":100,"ix":7},"sk":{"a":0,"k":0,"ix":4},"sa":{"a":0,"k":0,"ix":5},"nm":"Transform"}],"nm":"Group 5","np":2,"cix":2,"ix":3,"mn":"ADBE Vector Group","hd":false},{"ty":"gr","it":[{"ind":0,"ty":"sh","ix":1,"ks":{"a":0,"k":{"i":[[0.824,0.322],[-0.019,-0.165],[-1.551,0],[-0.186,1.499],[0.166,-0.046]],"o":[[-0.155,-0.061],[0.184,1.501],[1.549,0],[0.021,-0.17],[-2.434,0.686]],"v":[[-2.706,-1.417],[-3.014,-1.187],[-0.001,1.477],[3.012,-1.182],[2.689,-1.398]],"c":true},"ix":2},"nm":"Path 1","mn":"ADBE Vector Shape - Group","hd":false},{"ty":"fl","c":{"a":0,"k":[0.987999949736,0.980000035903,0.969000004787,1],"ix":4},"o":{"a":0,"k":100,"ix":5},"r":1,"nm":"Fill 1","mn":"ADBE Vector Graphic - Fill","hd":false},{"ty":"tr","p":{"a":0,"k":[6.395,9.447],"ix":2},"a":{"a":0,"k":[0,0],"ix":1},"s":{"a":0,"k":[100,100],"ix":3},"r":{"a":0,"k":0,"ix":6},"o":{"a":0,"k":100,"ix":7},"sk":{"a":0,"k":0,"ix":4},"sa":{"a":0,"k":0,"ix":5},"nm":"Transform"}],"nm":"Group 6","np":2,"cix":2,"ix":4,"mn":"ADBE Vector Group","hd":false}],"ip":23.75,"op":1200,"st":0,"bm":0},{"ddd":0,"ind":4,"ty":4,"nm":"Google expressions Outlines","sr":1,"ks":{"o":{"a":0,"k":100,"ix":11},"r":{"a":1,"k":[{"i":{"x":[0.667],"y":[1]},"o":{"x":[0.333],"y":[0]},"n":["0p667_1_0p333_0"],"t":91.667,"s":[0],"e":[-9]},{"i":{"x":[0.667],"y":[1]},"o":{"x":[0.333],"y":[0]},"n":["0p667_1_0p333_0"],"t":94.167,"s":[-9],"e":[0]},{"t":97.5}],"ix":10},"p":{"a":0,"k":[284.5,114.625,0],"ix":2},"a":{"a":0,"k":[14.25,26,0],"ix":1},"s":{"a":0,"k":[40,40,100],"ix":6}},"ao":0,"shapes":[{"ty":"gr","it":[{"ind":0,"ty":"sh","ix":1,"ks":{"a":0,"k":{"i":[[0,0],[3.505,-4.598]],"o":[[0,0],[0,0]],"v":[[3.597,2.299],[-3.597,2.299]],"c":false},"ix":2},"nm":"Path 1","mn":"ADBE Vector Shape - Group","hd":false},{"ty":"st","c":{"a":0,"k":[0.536999990426,0.286000001197,0.286000001197,1],"ix":3},"o":{"a":0,"k":100,"ix":4},"w":{"a":0,"k":1.5,"ix":5},"lc":2,"lj":1,"ml":10,"nm":"Stroke 1","mn":"ADBE Vector Graphic - Stroke","hd":false},{"ty":"tr","p":{"a":0,"k":[23.76,0.494],"ix":2},"a":{"a":0,"k":[0,0],"ix":1},"s":{"a":0,"k":[100,100],"ix":3},"r":{"a":0,"k":0,"ix":6},"o":{"a":0,"k":100,"ix":7},"sk":{"a":0,"k":0,"ix":4},"sa":{"a":0,"k":0,"ix":5},"nm":"Transform"}],"nm":"Group 3","np":2,"cix":2,"ix":1,"mn":"ADBE Vector Group","hd":false},{"ty":"gr","it":[{"ind":0,"ty":"sh","ix":1,"ks":{"a":0,"k":{"i":[[0,0],[-3.506,-4.598]],"o":[[0,0],[0,0]],"v":[[-3.598,2.299],[3.598,2.299]],"c":false},"ix":2},"nm":"Path 1","mn":"ADBE Vector Shape - Group","hd":false},{"ty":"st","c":{"a":0,"k":[0.536999990426,0.286000001197,0.286000001197,1],"ix":3},"o":{"a":0,"k":100,"ix":4},"w":{"a":0,"k":1.5,"ix":5},"lc":2,"lj":1,"ml":10,"nm":"Stroke 1","mn":"ADBE Vector Graphic - Stroke","hd":false},{"ty":"tr","p":{"a":0,"k":[4.347,0.494],"ix":2},"a":{"a":0,"k":[0,0],"ix":1},"s":{"a":0,"k":[100,100],"ix":3},"r":{"a":0,"k":0,"ix":6},"o":{"a":0,"k":100,"ix":7},"sk":{"a":0,"k":0,"ix":4},"sa":{"a":0,"k":0,"ix":5},"nm":"Transform"}],"nm":"Group 4","np":2,"cix":2,"ix":2,"mn":"ADBE Vector Group","hd":false}],"ip":22.0833333333333,"op":1200,"st":0,"bm":0},{"ddd":0,"ind":5,"ty":4,"nm":"Artwork 790 Outlines","sr":1,"ks":{"o":{"a":0,"k":100,"ix":11},"r":{"a":0,"k":0,"ix":10},"p":{"a":0,"k":[67.875,108.75,0],"ix":2},"a":{"a":0,"k":[6,6.5,0],"ix":1},"s":{"a":0,"k":[100,100,100],"ix":6}},"ao":0,"shapes":[{"ty":"gr","it":[{"ind":0,"ty":"sh","ix":1,"ks":{"a":0,"k":{"i":[[0.129,-0.006],[0,0],[0.006,0.129],[0,0],[-0.129,0.006],[0,0],[-0.006,-0.129],[0,0]],"o":[[0,0],[-0.129,0.006],[0,0],[-0.005,-0.129],[0,0],[0.128,-0.006],[0,0],[0.006,0.129]],"v":[[0.106,0.239],[-0.084,0.248],[-0.329,0.025],[-0.33,0.005],[-0.106,-0.239],[0.084,-0.247],[0.328,-0.025],[0.329,-0.004]],"c":true},"ix":2},"nm":"Path 1","mn":"ADBE Vector Shape - Group","hd":false},{"ty":"fl","c":{"a":0,"k":[0.224000010771,0.250999989229,0.375999989229,1],"ix":4},"o":{"a":0,"k":100,"ix":5},"r":1,"nm":"Fill 1","mn":"ADBE Vector Graphic - Fill","hd":false},{"ty":"tr","p":{"a":0,"k":[6.953,12.326],"ix":2},"a":{"a":0,"k":[0,0],"ix":1},"s":{"a":0,"k":[100,100],"ix":3},"r":{"a":0,"k":0,"ix":6},"o":{"a":0,"k":15,"ix":7},"sk":{"a":0,"k":0,"ix":4},"sa":{"a":0,"k":0,"ix":5},"nm":"Transform"}],"nm":"Group 3","np":2,"cix":2,"ix":1,"mn":"ADBE Vector Group","hd":false},{"ty":"gr","it":[{"ind":0,"ty":"sh","ix":1,"ks":{"a":0,"k":{"i":[[-0.187,-0.063],[-1.972,1.38],[0.061,-0.183],[3.726,4.985]],"o":[[1.131,0.387],[0.158,-0.11],[-0.544,1.614],[-0.119,-0.159]],"v":[[-2.781,-1.661],[2.766,-2.084],[3.068,-1.852],[-3.01,-1.351]],"c":true},"ix":2},"nm":"Path 1","mn":"ADBE Vector Shape - Group","hd":false},{"ty":"fl","c":{"a":0,"k":[1,1,1,1],"ix":4},"o":{"a":0,"k":100,"ix":5},"r":1,"nm":"Fill 1","mn":"ADBE Vector Graphic - Fill","hd":false},{"ty":"tr","p":{"a":0,"k":[6.611,10.38],"ix":2},"a":{"a":0,"k":[0,0],"ix":1},"s":{"a":0,"k":[100,100],"ix":3},"r":{"a":0,"k":0,"ix":6},"o":{"a":0,"k":100,"ix":7},"sk":{"a":0,"k":0,"ix":4},"sa":{"a":0,"k":0,"ix":5},"nm":"Transform"}],"nm":"Group 4","np":2,"cix":2,"ix":2,"mn":"ADBE Vector Group","hd":false},{"ty":"gr","it":[{"ind":0,"ty":"sh","ix":1,"ks":{"a":0,"k":{"i":[[0,0],[-1.68,-1.934]],"o":[[0,0],[0,0]],"v":[[-1.681,0.967],[1.681,0.967]],"c":false},"ix":2},"nm":"Path 1","mn":"ADBE Vector Shape - Group","hd":false},{"ty":"st","c":{"a":0,"k":[0.536999990426,0.286000001197,0.286000001197,1],"ix":3},"o":{"a":0,"k":100,"ix":4},"w":{"a":0,"k":0.75,"ix":5},"lc":2,"lj":1,"ml":10,"nm":"Stroke 1","mn":"ADBE Vector Graphic - Stroke","hd":false},{"ty":"tr","p":{"a":0,"k":[9.238,0.268],"ix":2},"a":{"a":0,"k":[0,0],"ix":1},"s":{"a":0,"k":[100,100],"ix":3},"r":{"a":0,"k":0,"ix":6},"o":{"a":0,"k":100,"ix":7},"sk":{"a":0,"k":0,"ix":4},"sa":{"a":0,"k":0,"ix":5},"nm":"Transform"}],"nm":"Group 5","np":2,"cix":2,"ix":3,"mn":"ADBE Vector Group","hd":false},{"ty":"gr","it":[{"ind":0,"ty":"sh","ix":1,"ks":{"a":0,"k":{"i":[[0,0],[-1.406,-1.562]],"o":[[0,0],[0,0]],"v":[[-1.405,0.781],[1.405,0.781]],"c":false},"ix":2},"nm":"Path 1","mn":"ADBE Vector Shape - Group","hd":false},{"ty":"st","c":{"a":0,"k":[0.536999990426,0.286000001197,0.286000001197,1],"ix":3},"o":{"a":0,"k":100,"ix":4},"w":{"a":0,"k":0.75,"ix":5},"lc":2,"lj":1,"ml":10,"nm":"Stroke 1","mn":"ADBE Vector Graphic - Stroke","hd":false},{"ty":"tr","p":{"a":0,"k":[1.78,0.676],"ix":2},"a":{"a":0,"k":[0,0],"ix":1},"s":{"a":0,"k":[100,100],"ix":3},"r":{"a":0,"k":0,"ix":6},"o":{"a":0,"k":100,"ix":7},"sk":{"a":0,"k":0,"ix":4},"sa":{"a":0,"k":0,"ix":5},"nm":"Transform"}],"nm":"Group 6","np":2,"cix":2,"ix":4,"mn":"ADBE Vector Group","hd":false}],"ip":21.6666666666667,"op":1200,"st":0,"bm":0},{"ddd":0,"ind":6,"ty":4,"nm":"Person 6 hexa","parent":8,"td":1,"sr":1,"ks":{"o":{"a":0,"k":100,"ix":11},"r":{"a":0,"k":0,"ix":10},"p":{"a":0,"k":[37.675,41.323,0],"ix":2},"a":{"a":0,"k":[37.675,41.323,0],"ix":1},"s":{"a":0,"k":[100,100,100],"ix":6}},"ao":0,"shapes":[{"ty":"gr","it":[{"ty":"gr","it":[{"ind":0,"ty":"sh","ix":1,"ks":{"a":0,"k":{"i":[[0,0],[2.159,-1.246],[0,0],[0,-5.037],[0,0],[-4.363,-2.518],[0,0],[-4.362,2.519],[0,0],[0,5.036],[0,0],[4.362,2.518],[0,0],[2.409,0.013]],"o":[[-2.409,0.013],[0,0],[-4.363,2.518],[0,0],[0,5.036],[0,0],[4.362,2.519],[0,0],[4.362,-2.518],[0,0],[0,-5.037],[0,0],[-2.159,-1.246],[0,0]],"v":[[-0.075,-41.406],[-7.049,-39.517],[-30.626,-25.905],[-37.675,-13.696],[-37.675,13.529],[-30.626,25.738],[-7.049,39.35],[7.049,39.35],[30.626,25.738],[37.676,13.529],[37.676,-13.696],[30.626,-25.905],[7.049,-39.517],[0.075,-41.406]],"c":true},"ix":2},"nm":"Path 2","mn":"ADBE Vector Shape - Group","hd":false},{"ty":"tr","p":{"a":0,"k":[0,0],"ix":2},"a":{"a":0,"k":[0,0],"ix":1},"s":{"a":0,"k":[100,100],"ix":3},"r":{"a":0,"k":0,"ix":6},"o":{"a":0,"k":100,"ix":7},"sk":{"a":0,"k":0,"ix":4},"sa":{"a":0,"k":0,"ix":5},"nm":"Transform"}],"nm":"Group 1","np":1,"cix":2,"ix":1,"mn":"ADBE Vector Group","hd":false},{"ty":"gf","o":{"a":0,"k":100,"ix":10},"r":1,"g":{"p":3,"k":{"a":0,"k":[0,0.314,0.624,0.925,0.5,0.267,0.761,0.853,1,0.22,0.898,0.78],"ix":9}},"s":{"a":0,"k":[30.502,-34.531],"ix":5},"e":{"a":0,"k":[-32.238,35.406],"ix":6},"t":1,"nm":"Gradient Fill 1","mn":"ADBE Vector Graphic - G-Fill","hd":false},{"ty":"tr","p":{"a":0,"k":[37.675,41.406],"ix":2},"a":{"a":0,"k":[0,0],"ix":1},"s":{"a":0,"k":[100,100],"ix":3},"r":{"a":0,"k":0,"ix":6},"o":{"a":0,"k":100,"ix":7},"sk":{"a":0,"k":0,"ix":4},"sa":{"a":0,"k":0,"ix":5},"nm":"Transform"}],"nm":"Group 6","np":2,"cix":2,"ix":1,"mn":"ADBE Vector Group","hd":false}],"ip":0,"op":1200,"st":0,"bm":0},{"ddd":0,"ind":7,"ty":4,"nm":"Person6","tt":1,"sr":1,"ks":{"o":{"a":0,"k":100,"ix":11},"r":{"a":0,"k":0,"ix":10},"p":{"a":0,"k":[288.175,225.156,0],"ix":2},"a":{"a":0,"k":[37.675,41.406,0],"ix":1},"s":{"a":0,"k":[100,100,100],"ix":6}},"ao":0,"shapes":[{"ty":"gr","it":[{"ind":0,"ty":"sh","ix":1,"ks":{"a":0,"k":{"i":[[0,0],[-2.788,-1.256],[-0.449,4.735],[0,0],[6.809,-2.488],[2.24,6.58]],"o":[[0,0],[0,0],[0,0],[0,0],[0,0],[0,0]],"v":[[-5.971,-4.643],[-0.391,2.868],[5.807,-4.4],[7.557,-3.607],[-0.609,4.643],[-7.557,-3.688]],"c":true},"ix":2},"nm":"Path 1","mn":"ADBE Vector Shape - Group","hd":false},{"ty":"fl","c":{"a":0,"k":[0.783999992819,0.830999995213,0.910000011968,1],"ix":4},"o":{"a":0,"k":100,"ix":5},"r":1,"nm":"Fill 1","mn":"ADBE Vector Graphic - Fill","hd":false},{"ty":"tr","p":{"a":0,"k":[38.564,56.72],"ix":2},"a":{"a":0,"k":[0,0],"ix":1},"s":{"a":0,"k":[100,100],"ix":3},"r":{"a":0,"k":0,"ix":6},"o":{"a":0,"k":100,"ix":7},"sk":{"a":0,"k":0,"ix":4},"sa":{"a":0,"k":0,"ix":5},"nm":"Transform"}],"nm":"Group 1","np":2,"cix":2,"ix":1,"mn":"ADBE Vector Group","hd":false},{"ty":"gr","it":[{"ind":0,"ty":"sh","ix":1,"ks":{"a":0,"k":{"i":[[8.278,0.979],[0,0],[-4.385,3.473]],"o":[[0,0],[0,0],[0,0]],"v":[[-3.78,1.894],[-3.69,-1.804],[3.764,-2.023]],"c":true},"ix":2},"nm":"Path 1","mn":"ADBE Vector Shape - Group","hd":false},{"ty":"fl","c":{"a":0,"k":[0.224000010771,0.250999989229,0.375999989229,1],"ix":4},"o":{"a":0,"k":100,"ix":5},"r":1,"nm":"Fill 1","mn":"ADBE Vector Graphic - Fill","hd":false},{"ty":"tr","p":{"a":0,"k":[38.307,45.274],"ix":2},"a":{"a":0,"k":[0,0],"ix":1},"s":{"a":0,"k":[100,100],"ix":3},"r":{"a":0,"k":0,"ix":6},"o":{"a":0,"k":15,"ix":7},"sk":{"a":0,"k":0,"ix":4},"sa":{"a":0,"k":0,"ix":5},"nm":"Transform"}],"nm":"Group 2","np":2,"cix":2,"ix":2,"mn":"ADBE Vector Group","hd":false},{"ty":"gr","it":[{"ind":0,"ty":"sh","ix":1,"ks":{"a":0,"k":{"i":[[-0.793,1.956],[0.128,3.218],[1.654,0.486],[1.381,-1.199],[0,0],[0,0],[0,0],[-1.052,-0.848],[0,0],[2.631,-1.531],[-4.056,-2.95],[-3.229,5.5],[0,0],[0.249,4.017],[0,0],[0,0],[-0.171,0.206]],"o":[[1.152,-2.843],[-0.066,-1.679],[-1.963,-0.576],[-5.919,5.134],[0.438,2.514],[-1.754,3.497],[1.141,1.769],[0,0],[0,0],[0,0],[0,0],[0,0],[0,0],[0,0],[0,0],[0.233,-0.231],[1.356,-1.644]],"v":[[7.057,-6.541],[10.432,-15.418],[7.643,-19.04],[2.594,-16.984],[-7.271,-17.969],[-8.805,-11.631],[-7.381,-3.872],[-3.982,-0.025],[-3.982,5.088],[-6.394,8.804],[-1.769,16.137],[3.794,14.116],[6.251,9.054],[3.691,3.995],[3.471,-0.267],[3.434,-0.265],[4.046,-0.93]],"c":true},"ix":2},"nm":"Path 1","mn":"ADBE Vector Shape - Group","hd":false},{"ty":"fl","c":{"a":0,"k":[1,0.816000007181,0.611999990426,1],"ix":4},"o":{"a":0,"k":100,"ix":5},"r":1,"nm":"Fill 1","mn":"ADBE Vector Graphic - Fill","hd":false},{"ty":"tr","p":{"a":0,"k":[38.599,43.517],"ix":2},"a":{"a":0,"k":[0,0],"ix":1},"s":{"a":0,"k":[100,100],"ix":3},"r":{"a":0,"k":0,"ix":6},"o":{"a":0,"k":100,"ix":7},"sk":{"a":0,"k":0,"ix":4},"sa":{"a":0,"k":0,"ix":5},"nm":"Transform"}],"nm":"Group 3","np":2,"cix":2,"ix":3,"mn":"ADBE Vector Group","hd":false},{"ty":"gr","it":[{"ind":0,"ty":"sh","ix":1,"ks":{"a":0,"k":{"i":[[0,0],[4.476,1.64],[0,0],[0,0],[0,0],[2.473,-6.089],[0,0],[-7.244,0.239],[-7.68,4.05]],"o":[[0,0],[0,0],[0,0],[0,0],[0,0],[0,0],[14.068,7.564],[5.448,-0.181],[0,0]],"v":[[22.329,-5.107],[15.969,-10.611],[4.839,-15.237],[-7.176,-15.12],[-16.893,-10.259],[-23.488,-2.531],[-25.863,3.414],[-0.48,15.229],[25.863,1.343]],"c":true},"ix":2},"nm":"Path 1","mn":"ADBE Vector Shape - Group","hd":false},{"ty":"fl","c":{"a":0,"k":[1,1,1,1],"ix":4},"o":{"a":0,"k":100,"ix":5},"r":1,"nm":"Fill 1","mn":"ADBE Vector Graphic - Fill","hd":false},{"ty":"tr","p":{"a":0,"k":[39.368,67.575],"ix":2},"a":{"a":0,"k":[0,0],"ix":1},"s":{"a":0,"k":[100,100],"ix":3},"r":{"a":0,"k":0,"ix":6},"o":{"a":0,"k":100,"ix":7},"sk":{"a":0,"k":0,"ix":4},"sa":{"a":0,"k":0,"ix":5},"nm":"Transform"}],"nm":"Group 4","np":2,"cix":2,"ix":4,"mn":"ADBE Vector Group","hd":false},{"ty":"gr","it":[{"ind":0,"ty":"sh","ix":1,"ks":{"a":0,"k":{"i":[[0.284,0.125],[0.058,0.035],[0.172,0.374],[0.605,3.878],[1.46,2.301],[-2.669,5.549],[-5.887,0.268],[-3.217,-4.488],[2.737,-4.793],[0.949,-1.878],[-0.891,-1.395],[-1.84,-0.419],[-1.753,-1.036],[-0.592,-1.471],[0.799,-1.516],[1.198,-1.226],[0.551,-0.153],[0.428,0.053],[9.423,1.178]],"o":[[-0.062,-0.026],[-0.351,-0.217],[-1.634,-3.571],[-0.421,-2.69],[-3.307,-5.213],[2.607,-5.417],[5.527,-0.251],[3.216,4.487],[-1.043,1.828],[-0.747,1.478],[1.014,1.588],[1.987,0.453],[1.368,0.807],[0.639,1.59],[-0.798,1.517],[-0.399,0.408],[-0.415,0.116],[-9.422,-1.178],[-0.312,-0.039]],"v":[[-14.198,21.453],[-14.378,21.36],[-15.133,20.402],[-14.437,8.828],[-18.35,1.735],[-19.326,-15.952],[-4.288,-25.048],[10.113,-18.282],[11.111,-2.648],[7.66,2.633],[7.423,7.369],[12.413,9.68],[18.068,11.929],[21.355,15.253],[20.857,20.205],[17.645,24.197],[16.271,25.183],[14.986,25.193],[-13.282,21.659]],"c":true},"ix":2},"nm":"Path 1","mn":"ADBE Vector Shape - Group","hd":false},{"ty":"fl","c":{"a":0,"k":[0.224000010771,0.250999989229,0.375999989229,1],"ix":4},"o":{"a":0,"k":100,"ix":5},"r":1,"nm":"Fill 1","mn":"ADBE Vector Graphic - Fill","hd":false},{"ty":"tr","p":{"a":0,"k":[42.169,37.451],"ix":2},"a":{"a":0,"k":[0,0],"ix":1},"s":{"a":0,"k":[100,100],"ix":3},"r":{"a":0,"k":0,"ix":6},"o":{"a":0,"k":100,"ix":7},"sk":{"a":0,"k":0,"ix":4},"sa":{"a":0,"k":0,"ix":5},"nm":"Transform"}],"nm":"Group 5","np":2,"cix":2,"ix":5,"mn":"ADBE Vector Group","hd":false},{"ty":"gr","it":[{"ty":"gf","o":{"a":0,"k":100,"ix":10},"r":1,"g":{"p":3,"k":{"a":0,"k":[0,0.314,0.624,0.925,0.5,0.267,0.761,0.853,1,0.22,0.898,0.78],"ix":9}},"s":{"a":0,"k":[30.502,-34.531],"ix":5},"e":{"a":0,"k":[-32.238,35.406],"ix":6},"t":1,"nm":"Gradient Fill 1","mn":"ADBE Vector Graphic - G-Fill","hd":false},{"ty":"tr","p":{"a":0,"k":[37.675,41.406],"ix":2},"a":{"a":0,"k":[0,0],"ix":1},"s":{"a":0,"k":[100,100],"ix":3},"r":{"a":0,"k":0,"ix":6},"o":{"a":0,"k":100,"ix":7},"sk":{"a":0,"k":0,"ix":4},"sa":{"a":0,"k":0,"ix":5},"nm":"Transform"}],"nm":"Group 6","np":1,"cix":2,"ix":6,"mn":"ADBE Vector Group","hd":false}],"ip":0,"op":1200,"st":0,"bm":0},{"ddd":0,"ind":8,"ty":4,"nm":"Person 6 hexa","sr":1,"ks":{"o":{"a":0,"k":100,"ix":11},"r":{"a":0,"k":0,"ix":10},"p":{"a":0,"k":[288.175,225.073,0],"ix":2},"a":{"a":0,"k":[37.675,41.323,0],"ix":1},"s":{"a":1,"k":[{"i":{"x":[0.667,0.667,0.667],"y":[1,1,1]},"o":{"x":[0.333,0.333,0.333],"y":[0,0,0]},"n":["0p667_1_0p333_0","0p667_1_0p333_0","0p667_1_0p333_0"],"t":24.167,"s":[0,0,100],"e":[100,100,100]},{"i":{"x":[0.667,0.667,0.667],"y":[1,1,1]},"o":{"x":[0.333,0.333,0.333],"y":[0,0,0]},"n":["0p667_1_0p333_0","0p667_1_0p333_0","0p667_1_0p333_0"],"t":29.167,"s":[100,100,100],"e":[90,90,100]},{"i":{"x":[0.667,0.667,0.667],"y":[1,1,1]},"o":{"x":[0.333,0.333,0.333],"y":[0,0,0]},"n":["0p667_1_0p333_0","0p667_1_0p333_0","0p667_1_0p333_0"],"t":32.5,"s":[90,90,100],"e":[95,95,100]},{"t":34.16650390625}],"ix":6}},"ao":0,"shapes":[{"ty":"gr","it":[{"ty":"gr","it":[{"ind":0,"ty":"sh","ix":1,"ks":{"a":0,"k":{"i":[[0,0],[2.159,-1.246],[0,0],[0,-5.037],[0,0],[-4.363,-2.518],[0,0],[-4.362,2.519],[0,0],[0,5.036],[0,0],[4.362,2.518],[0,0],[2.409,0.013]],"o":[[-2.409,0.013],[0,0],[-4.363,2.518],[0,0],[0,5.036],[0,0],[4.362,2.519],[0,0],[4.362,-2.518],[0,0],[0,-5.037],[0,0],[-2.159,-1.246],[0,0]],"v":[[-0.075,-41.406],[-7.049,-39.517],[-30.626,-25.905],[-37.675,-13.696],[-37.675,13.529],[-30.626,25.738],[-7.049,39.35],[7.049,39.35],[30.626,25.738],[37.676,13.529],[37.676,-13.696],[30.626,-25.905],[7.049,-39.517],[0.075,-41.406]],"c":true},"ix":2},"nm":"Path 2","mn":"ADBE Vector Shape - Group","hd":false},{"ty":"tr","p":{"a":0,"k":[0,0],"ix":2},"a":{"a":0,"k":[0,0],"ix":1},"s":{"a":0,"k":[100,100],"ix":3},"r":{"a":0,"k":0,"ix":6},"o":{"a":0,"k":100,"ix":7},"sk":{"a":0,"k":0,"ix":4},"sa":{"a":0,"k":0,"ix":5},"nm":"Transform"}],"nm":"Group 1","np":1,"cix":2,"ix":1,"mn":"ADBE Vector Group","hd":false},{"ty":"gf","o":{"a":0,"k":100,"ix":10},"r":1,"g":{"p":3,"k":{"a":0,"k":[0,0.314,0.624,0.925,0.5,0.267,0.761,0.853,1,0.22,0.898,0.78],"ix":9}},"s":{"a":0,"k":[30.502,-34.531],"ix":5},"e":{"a":0,"k":[-32.238,35.406],"ix":6},"t":1,"nm":"Gradient Fill 1","mn":"ADBE Vector Graphic - G-Fill","hd":false},{"ty":"tr","p":{"a":0,"k":[37.675,41.406],"ix":2},"a":{"a":0,"k":[0,0],"ix":1},"s":{"a":0,"k":[100,100],"ix":3},"r":{"a":0,"k":0,"ix":6},"o":{"a":0,"k":100,"ix":7},"sk":{"a":0,"k":0,"ix":4},"sa":{"a":0,"k":0,"ix":5},"nm":"Transform"}],"nm":"Group 6","np":2,"cix":2,"ix":1,"mn":"ADBE Vector Group","hd":false}],"ip":0,"op":1200,"st":0,"bm":0},{"ddd":0,"ind":9,"ty":4,"nm":"Person 5 hexa","parent":11,"td":1,"sr":1,"ks":{"o":{"a":0,"k":100,"ix":11},"r":{"a":0,"k":0,"ix":10},"p":{"a":0,"k":[37.766,41.427,0],"ix":2},"a":{"a":0,"k":[37.766,41.427,0],"ix":1},"s":{"a":0,"k":[100,100,100],"ix":6}},"ao":0,"shapes":[{"ty":"gr","it":[{"ty":"gr","it":[{"ind":0,"ty":"sh","ix":1,"ks":{"a":0,"k":{"i":[[2.181,-1.259],[0,0],[0,-5.036],[0,0],[-4.363,-2.52],[0,0],[-4.362,2.518],[0,0],[0,5.037],[0,0],[4.362,2.519],[0,0],[2.434,0]],"o":[[0,0],[-4.363,2.519],[0,0],[0,5.037],[0,0],[4.361,2.518],[0,0],[4.362,-2.52],[0,0],[0,-5.036],[0,0],[-2.181,-1.259],[-2.434,0]],"v":[[-7.049,-39.743],[-30.717,-26.079],[-37.766,-13.87],[-37.766,13.46],[-30.717,25.67],[-7.049,39.334],[7.049,39.334],[30.717,25.67],[37.766,13.46],[37.766,-13.87],[30.717,-26.079],[7.049,-39.743],[0,-41.632]],"c":true},"ix":2},"nm":"Path 2","mn":"ADBE Vector Shape - Group","hd":false},{"ty":"tr","p":{"a":0,"k":[0,0],"ix":2},"a":{"a":0,"k":[0,0],"ix":1},"s":{"a":0,"k":[100,100],"ix":3},"r":{"a":0,"k":0,"ix":6},"o":{"a":0,"k":100,"ix":7},"sk":{"a":0,"k":0,"ix":4},"sa":{"a":0,"k":0,"ix":5},"nm":"Transform"}],"nm":"Group 1","np":1,"cix":2,"ix":1,"mn":"ADBE Vector Group","hd":false},{"ty":"gf","o":{"a":0,"k":100,"ix":10},"r":1,"g":{"p":3,"k":{"a":0,"k":[0,0.314,0.624,0.925,0.5,0.267,0.761,0.853,1,0.22,0.898,0.78],"ix":9}},"s":{"a":0,"k":[34.305,-34.109],"ix":5},"e":{"a":0,"k":[-29.516,33.818],"ix":6},"t":1,"nm":"Gradient Fill 1","mn":"ADBE Vector Graphic - G-Fill","hd":false},{"ty":"tr","p":{"a":0,"k":[37.766,41.632],"ix":2},"a":{"a":0,"k":[0,0],"ix":1},"s":{"a":0,"k":[100,100],"ix":3},"r":{"a":0,"k":0,"ix":6},"o":{"a":0,"k":100,"ix":7},"sk":{"a":0,"k":0,"ix":4},"sa":{"a":0,"k":0,"ix":5},"nm":"Transform"}],"nm":"Group 6","np":2,"cix":2,"ix":1,"mn":"ADBE Vector Group","hd":false}],"ip":0,"op":1200,"st":0,"bm":0},{"ddd":0,"ind":10,"ty":4,"nm":"Person5","tt":1,"sr":1,"ks":{"o":{"a":0,"k":100,"ix":11},"r":{"a":0,"k":0,"ix":10},"p":{"a":0,"k":[182.516,284.632,0],"ix":2},"a":{"a":0,"k":[37.766,41.632,0],"ix":1},"s":{"a":0,"k":[100,100,100],"ix":6}},"ao":0,"shapes":[{"ty":"gr","it":[{"ind":0,"ty":"sh","ix":1,"ks":{"a":0,"k":{"i":[[-1.5,-3.625],[0,0],[0,0],[0,0],[0,0],[0,0],[0,0],[0,0],[0,0],[0,0],[0,0],[0,0]],"o":[[0,0],[-6.485,3.83],[0,0],[0.75,-2.75],[0,0],[0,0],[0,0],[9.208,6],[0,0],[0,0],[0,0],[0,0]],"v":[[13.967,5.046],[4.622,10.406],[-7.498,10.505],[-13.967,6.801],[-10.95,0.088],[-10.575,-10.371],[-8.658,-11.287],[-8.45,-3.537],[8.217,-3.787],[7.925,-12.162],[10.3,-11.162],[10.508,-0.871]],"c":true},"ix":2},"nm":"Path 1","mn":"ADBE Vector Shape - Group","hd":false},{"ty":"fl","c":{"a":0,"k":[1,0.713999968884,0.33300000359,1],"ix":4},"o":{"a":0,"k":100,"ix":5},"r":1,"nm":"Fill 1","mn":"ADBE Vector Graphic - Fill","hd":false},{"ty":"tr","p":{"a":0,"k":[39.251,71.102],"ix":2},"a":{"a":0,"k":[0,0],"ix":1},"s":{"a":0,"k":[100,100],"ix":3},"r":{"a":0,"k":0,"ix":6},"o":{"a":0,"k":100,"ix":7},"sk":{"a":0,"k":0,"ix":4},"sa":{"a":0,"k":0,"ix":5},"nm":"Transform"}],"nm":"Group 1","np":2,"cix":2,"ix":1,"mn":"ADBE Vector Group","hd":false},{"ty":"gr","it":[{"ind":0,"ty":"sh","ix":1,"ks":{"a":0,"k":{"i":[[0,0],[-3.372,2.143],[6.354,1.941]],"o":[[0,0],[0,0],[0,0]],"v":[[-3.223,-2.034],[3.654,-2.134],[-3.655,1.737]],"c":true},"ix":2},"nm":"Path 1","mn":"ADBE Vector Shape - Group","hd":false},{"ty":"fl","c":{"a":0,"k":[0.224000010771,0.250999989229,0.375999989229,1],"ix":4},"o":{"a":0,"k":100,"ix":5},"r":1,"nm":"Fill 1","mn":"ADBE Vector Graphic - Fill","hd":false},{"ty":"tr","p":{"a":0,"k":[38.815,53.763],"ix":2},"a":{"a":0,"k":[0,0],"ix":1},"s":{"a":0,"k":[100,100],"ix":3},"r":{"a":0,"k":0,"ix":6},"o":{"a":0,"k":15,"ix":7},"sk":{"a":0,"k":0,"ix":4},"sa":{"a":0,"k":0,"ix":5},"nm":"Transform"}],"nm":"Group 2","np":2,"cix":2,"ix":2,"mn":"ADBE Vector Group","hd":false},{"ty":"gr","it":[{"ind":0,"ty":"sh","ix":1,"ks":{"a":0,"k":{"i":[[0.419,0.871],[0.584,-0.621],[0.759,0.569],[-0.217,0.605],[0.509,2.035],[1.325,-0.42],[2.012,-0.569],[1.628,1.357],[0.597,0.31],[0.185,-1.512],[-0.291,-1.09],[0.455,-0.995],[0.383,0.244],[0.718,-1.434],[-0.227,-0.588],[-1.064,-0.737],[-1.615,-2.231],[-1.299,-0.668],[0,0],[-1.911,-0.638],[-1.965,1.912],[0.744,2.337],[0.038,0.974],[-0.763,1.6],[-0.309,0.672],[-0.34,0.531],[-0.821,1.238]],"o":[[-0.454,-0.945],[-0.364,0.386],[-0.715,-0.536],[0.701,-1.96],[-0.353,-1.415],[-1.903,0.603],[-2.028,0.574],[-0.516,-0.43],[-1.671,-0.871],[-0.138,1.122],[0.247,0.926],[-0.49,1.075],[0,0],[-0.294,0.587],[0.519,1.346],[2.348,1.627],[0.899,1.241],[0,0],[0,0],[0,0],[0,0],[0,0],[1.418,-0.818],[0.317,-0.666],[0.262,-0.573],[0.795,-1.249],[0.47,-0.709]],"v":[[13.044,-8.022],[10.816,-7.936],[8.816,-6.073],[8.936,-8.684],[9.372,-14.834],[6.356,-16.287],[1.262,-13.244],[-4.715,-14.457],[-6.285,-15.714],[-8.917,-13.725],[-8.656,-10.399],[-7.932,-7.206],[-10.462,-8.383],[-13.17,-8.224],[-13.176,-6.157],[-10.122,-3.87],[-5.717,2.932],[-2.4,5.859],[-3.079,11.822],[-2.284,15.061],[5.311,14.795],[5.788,12.14],[4.464,5.765],[7.773,2.048],[8.682,0.024],[9.566,-1.643],[12.331,-5.113]],"c":true},"ix":2},"nm":"Path 1","mn":"ADBE Vector Shape - Group","hd":false},{"ty":"fl","c":{"a":0,"k":[1,0.816000007181,0.611999990426,1],"ix":4},"o":{"a":0,"k":100,"ix":5},"r":1,"nm":"Fill 1","mn":"ADBE Vector Graphic - Fill","hd":false},{"ty":"tr","p":{"a":0,"k":[38.004,45.815],"ix":2},"a":{"a":0,"k":[0,0],"ix":1},"s":{"a":0,"k":[100,100],"ix":3},"r":{"a":0,"k":0,"ix":6},"o":{"a":0,"k":100,"ix":7},"sk":{"a":0,"k":0,"ix":4},"sa":{"a":0,"k":0,"ix":5},"nm":"Transform"}],"nm":"Group 3","np":2,"cix":2,"ix":3,"mn":"ADBE Vector Group","hd":false},{"ty":"gr","it":[{"ind":0,"ty":"sh","ix":1,"ks":{"a":0,"k":{"i":[[0,0],[4.143,-2.231],[1.38,-6.585],[0,0],[0,0],[-2.419,0.036],[0,0],[0,0],[0,0],[5.31,2.761],[0,0]],"o":[[0,0],[0,0],[0,0],[0,0],[0,0],[4.189,-0.063],[0,0],[0,0],[0,0],[0,0],[0,0]],"v":[[-5.387,-12.654],[-15.318,-7.556],[-21.371,0.621],[-21.983,3.577],[-9.149,11.023],[-2.976,12.972],[3.562,11.218],[14.054,5.175],[21.983,0.583],[16.114,-7.317],[3.162,-12.972]],"c":true},"ix":2},"nm":"Path 1","mn":"ADBE Vector Shape - Group","hd":false},{"ty":"fl","c":{"a":0,"k":[1,1,1,1],"ix":4},"o":{"a":0,"k":100,"ix":5},"r":1,"nm":"Fill 1","mn":"ADBE Vector Graphic - Fill","hd":false},{"ty":"tr","p":{"a":0,"k":[40.311,70.292],"ix":2},"a":{"a":0,"k":[0,0],"ix":1},"s":{"a":0,"k":[100,100],"ix":3},"r":{"a":0,"k":0,"ix":6},"o":{"a":0,"k":100,"ix":7},"sk":{"a":0,"k":0,"ix":4},"sa":{"a":0,"k":0,"ix":5},"nm":"Transform"}],"nm":"Group 4","np":2,"cix":2,"ix":4,"mn":"ADBE Vector Group","hd":false},{"ty":"gr","it":[{"ind":0,"ty":"sh","ix":1,"ks":{"a":0,"k":{"i":[[0.545,-0.64],[0.514,-0.448],[0.506,-0.303],[1.859,-0.811],[-0.717,-9.637],[-4.063,-4.938],[0.079,-5.416],[-2.389,-0.796],[-11.391,6.133],[-0.242,1.585],[-0.089,1.788],[-1.16,3.15],[0.378,3.631],[2.006,2.305],[3.299,0.688],[2.982,-1.536]],"o":[[-0.409,0.479],[-0.446,0.388],[-1.762,1.062],[0,0],[0,0],[0,0],[0,0],[0,0],[1.427,-0.769],[0.27,-1.757],[0.166,-3.366],[1.274,-3.458],[-0.313,-3.002],[-2.254,-2.589],[-3.175,-0.663],[-0.853,0.439]],"v":[[-4.757,-22.04],[-6.083,-20.618],[-7.523,-19.593],[-13.085,-17.266],[-19.298,-4.602],[-14.997,5.913],[-11.411,14.913],[-9.979,20.171],[13.758,19.135],[16.432,15.251],[16.139,9.932],[18.378,0.02],[19.637,-11.221],[16.326,-19.501],[7.428,-24.206],[-2.799,-23.732]],"c":true},"ix":2},"nm":"Path 1","mn":"ADBE Vector Shape - Group","hd":false},{"ty":"fl","c":{"a":0,"k":[0.224000010771,0.250999989229,0.375999989229,1],"ix":4},"o":{"a":0,"k":100,"ix":5},"r":1,"nm":"Fill 1","mn":"ADBE Vector Graphic - Fill","hd":false},{"ty":"tr","p":{"a":0,"k":[36.167,37.413],"ix":2},"a":{"a":0,"k":[0,0],"ix":1},"s":{"a":0,"k":[100,100],"ix":3},"r":{"a":0,"k":0,"ix":6},"o":{"a":0,"k":100,"ix":7},"sk":{"a":0,"k":0,"ix":4},"sa":{"a":0,"k":0,"ix":5},"nm":"Transform"}],"nm":"Group 5","np":2,"cix":2,"ix":5,"mn":"ADBE Vector Group","hd":false},{"ty":"gr","it":[{"ty":"gf","o":{"a":0,"k":100,"ix":10},"r":1,"g":{"p":3,"k":{"a":0,"k":[0,0.314,0.624,0.925,0.5,0.267,0.761,0.853,1,0.22,0.898,0.78],"ix":9}},"s":{"a":0,"k":[34.305,-34.109],"ix":5},"e":{"a":0,"k":[-29.516,33.818],"ix":6},"t":1,"nm":"Gradient Fill 1","mn":"ADBE Vector Graphic - G-Fill","hd":false},{"ty":"tr","p":{"a":0,"k":[37.766,41.632],"ix":2},"a":{"a":0,"k":[0,0],"ix":1},"s":{"a":0,"k":[100,100],"ix":3},"r":{"a":0,"k":0,"ix":6},"o":{"a":0,"k":100,"ix":7},"sk":{"a":0,"k":0,"ix":4},"sa":{"a":0,"k":0,"ix":5},"nm":"Transform"}],"nm":"Group 6","np":1,"cix":2,"ix":6,"mn":"ADBE Vector Group","hd":false}],"ip":0,"op":1200,"st":0,"bm":0},{"ddd":0,"ind":11,"ty":4,"nm":"Person 5 hexa","sr":1,"ks":{"o":{"a":0,"k":100,"ix":11},"r":{"a":0,"k":0,"ix":10},"p":{"a":0,"k":[182.516,284.427,0],"ix":2},"a":{"a":0,"k":[37.766,41.427,0],"ix":1},"s":{"a":1,"k":[{"i":{"x":[0.667,0.667,0.667],"y":[1,1,1]},"o":{"x":[0.333,0.333,0.333],"y":[0,0,0]},"n":["0p667_1_0p333_0","0p667_1_0p333_0","0p667_1_0p333_0"],"t":23.333,"s":[0,0,100],"e":[100,100,100]},{"i":{"x":[0.667,0.667,0.667],"y":[1,1,1]},"o":{"x":[0.333,0.333,0.333],"y":[0,0,0]},"n":["0p667_1_0p333_0","0p667_1_0p333_0","0p667_1_0p333_0"],"t":28.333,"s":[100,100,100],"e":[90,90,100]},{"i":{"x":[0.667,0.667,0.667],"y":[1,1,1]},"o":{"x":[0.333,0.333,0.333],"y":[0,0,0]},"n":["0p667_1_0p333_0","0p667_1_0p333_0","0p667_1_0p333_0"],"t":31.667,"s":[90,90,100],"e":[95,95,100]},{"t":33.33349609375}],"ix":6}},"ao":0,"shapes":[{"ty":"gr","it":[{"ty":"gr","it":[{"ind":0,"ty":"sh","ix":1,"ks":{"a":0,"k":{"i":[[2.181,-1.259],[0,0],[0,-5.036],[0,0],[-4.363,-2.52],[0,0],[-4.362,2.518],[0,0],[0,5.037],[0,0],[4.362,2.519],[0,0],[2.434,0]],"o":[[0,0],[-4.363,2.519],[0,0],[0,5.037],[0,0],[4.361,2.518],[0,0],[4.362,-2.52],[0,0],[0,-5.036],[0,0],[-2.181,-1.259],[-2.434,0]],"v":[[-7.049,-39.743],[-30.717,-26.079],[-37.766,-13.87],[-37.766,13.46],[-30.717,25.67],[-7.049,39.334],[7.049,39.334],[30.717,25.67],[37.766,13.46],[37.766,-13.87],[30.717,-26.079],[7.049,-39.743],[0,-41.632]],"c":true},"ix":2},"nm":"Path 2","mn":"ADBE Vector Shape - Group","hd":false},{"ty":"tr","p":{"a":0,"k":[0,0],"ix":2},"a":{"a":0,"k":[0,0],"ix":1},"s":{"a":0,"k":[100,100],"ix":3},"r":{"a":0,"k":0,"ix":6},"o":{"a":0,"k":100,"ix":7},"sk":{"a":0,"k":0,"ix":4},"sa":{"a":0,"k":0,"ix":5},"nm":"Transform"}],"nm":"Group 1","np":1,"cix":2,"ix":1,"mn":"ADBE Vector Group","hd":false},{"ty":"gf","o":{"a":0,"k":100,"ix":10},"r":1,"g":{"p":3,"k":{"a":0,"k":[0,0.314,0.624,0.925,0.5,0.267,0.761,0.853,1,0.22,0.898,0.78],"ix":9}},"s":{"a":0,"k":[34.305,-34.109],"ix":5},"e":{"a":0,"k":[-29.516,33.818],"ix":6},"t":1,"nm":"Gradient Fill 1","mn":"ADBE Vector Graphic - G-Fill","hd":false},{"ty":"tr","p":{"a":0,"k":[37.766,41.632],"ix":2},"a":{"a":0,"k":[0,0],"ix":1},"s":{"a":0,"k":[100,100],"ix":3},"r":{"a":0,"k":0,"ix":6},"o":{"a":0,"k":100,"ix":7},"sk":{"a":0,"k":0,"ix":4},"sa":{"a":0,"k":0,"ix":5},"nm":"Transform"}],"nm":"Group 6","np":2,"cix":2,"ix":1,"mn":"ADBE Vector Group","hd":false}],"ip":0,"op":1200,"st":0,"bm":0},{"ddd":0,"ind":12,"ty":4,"nm":"Person 4 Hexa","parent":14,"td":1,"sr":1,"ks":{"o":{"a":0,"k":100,"ix":11},"r":{"a":0,"k":0,"ix":10},"p":{"a":0,"k":[37.667,41.313,0],"ix":2},"a":{"a":0,"k":[37.667,41.313,0],"ix":1},"s":{"a":0,"k":[100,100,100],"ix":6}},"ao":0,"shapes":[{"ty":"gr","it":[{"ty":"gr","it":[{"ind":0,"ty":"sh","ix":1,"ks":{"a":0,"k":{"i":[[2.181,-1.259],[0,0],[0,-5.038],[0,0],[-4.363,-2.518],[0,0],[-4.363,2.519],[0,0],[0,5.035],[0,0],[4.362,2.518],[0,0],[2.434,0]],"o":[[0,0],[-4.363,2.518],[0,0],[0,5.035],[0,0],[4.362,2.519],[0,0],[4.362,-2.518],[0,0],[0,-5.038],[0,0],[-2.182,-1.259],[-2.434,0]],"v":[[-7.049,-39.47],[-30.618,-25.863],[-37.667,-13.653],[-37.667,13.562],[-30.618,25.77],[-7.049,39.377],[7.049,39.377],[30.617,25.77],[37.667,13.562],[37.667,-13.653],[30.617,-25.863],[7.049,-39.47],[-0.001,-41.359]],"c":true},"ix":2},"nm":"Path 2","mn":"ADBE Vector Shape - Group","hd":false},{"ty":"tr","p":{"a":0,"k":[0,0],"ix":2},"a":{"a":0,"k":[0,0],"ix":1},"s":{"a":0,"k":[100,100],"ix":3},"r":{"a":0,"k":0,"ix":6},"o":{"a":0,"k":100,"ix":7},"sk":{"a":0,"k":0,"ix":4},"sa":{"a":0,"k":0,"ix":5},"nm":"Transform"}],"nm":"Group 1","np":1,"cix":2,"ix":1,"mn":"ADBE Vector Group","hd":false},{"ty":"gf","o":{"a":0,"k":100,"ix":10},"r":1,"g":{"p":3,"k":{"a":0,"k":[0,0.314,0.624,0.925,0.5,0.267,0.761,0.853,1,0.22,0.898,0.78],"ix":9}},"s":{"a":0,"k":[31.592,-32.24],"ix":5},"e":{"a":0,"k":[-32.738,36.24],"ix":6},"t":1,"nm":"Gradient Fill 1","mn":"ADBE Vector Graphic - G-Fill","hd":false},{"ty":"tr","p":{"a":0,"k":[37.667,41.359],"ix":2},"a":{"a":0,"k":[0,0],"ix":1},"s":{"a":0,"k":[100,100],"ix":3},"r":{"a":0,"k":0,"ix":6},"o":{"a":0,"k":100,"ix":7},"sk":{"a":0,"k":0,"ix":4},"sa":{"a":0,"k":0,"ix":5},"nm":"Transform"}],"nm":"Group 5","np":2,"cix":2,"ix":1,"mn":"ADBE Vector Group","hd":false}],"ip":0,"op":1200,"st":0,"bm":0},{"ddd":0,"ind":13,"ty":4,"nm":"Person4","tt":1,"sr":1,"ks":{"o":{"a":0,"k":100,"ix":11},"r":{"a":0,"k":0,"ix":10},"p":{"a":0,"k":[75.166,226.859,0],"ix":2},"a":{"a":0,"k":[37.666,41.359,0],"ix":1},"s":{"a":0,"k":[100,100,100],"ix":6}},"ao":0,"shapes":[{"ty":"gr","it":[{"ind":0,"ty":"sh","ix":1,"ks":{"a":0,"k":{"i":[[-1.462,3.168],[2.357,1.138],[0,0]],"o":[[0,0],[0,0],[0,0]],"v":[[3.127,-1.503],[-3.128,-0.935],[-2.965,1.502]],"c":true},"ix":2},"nm":"Path 1","mn":"ADBE Vector Shape - Group","hd":false},{"ty":"fl","c":{"a":0,"k":[0.224000010771,0.250999989229,0.375999989229,1],"ix":4},"o":{"a":0,"k":100,"ix":5},"r":1,"nm":"Fill 1","mn":"ADBE Vector Graphic - Fill","hd":false},{"ty":"tr","p":{"a":0,"k":[35.969,54.75],"ix":2},"a":{"a":0,"k":[0,0],"ix":1},"s":{"a":0,"k":[100,100],"ix":3},"r":{"a":0,"k":0,"ix":6},"o":{"a":0,"k":15,"ix":7},"sk":{"a":0,"k":0,"ix":4},"sa":{"a":0,"k":0,"ix":5},"nm":"Transform"}],"nm":"Group 1","np":2,"cix":2,"ix":1,"mn":"ADBE Vector Group","hd":false},{"ty":"gr","it":[{"ind":0,"ty":"sh","ix":1,"ks":{"a":0,"k":{"i":[[-0.143,-0.444],[-0.022,-0.061],[-0.47,-0.354],[-0.69,-0.162],[-1.57,0.258],[-1.606,0.188],[-1.64,-0.606],[-0.038,-1.668],[0.676,-2.024],[-0.334,-0.739],[-0.016,-1.796],[0.517,-0.823],[0.639,-0.343],[0.417,-0.156],[0.303,-0.37],[0.148,-0.316],[0.203,-0.203],[-0.122,1.381],[0,0],[3.304,0.422],[0.876,-0.326],[0.692,-0.096],[1.308,0.493],[0.815,0],[0.657,-0.354],[-0.049,-1.791],[-0.056,-0.889],[0.133,-0.466],[0.608,0.771],[0.126,0.311],[0.322,1.684],[0.441,1.164],[0.352,0.449],[0.324,0.537],[0.18,0.673],[-3.099,2.005],[-1.623,-1.22]],"o":[[0.02,0.06],[0.199,0.559],[0.566,0.428],[1.548,0.365],[1.597,-0.262],[1.691,-0.198],[1.558,0.576],[0.052,2.362],[-0.251,0.751],[0.694,1.542],[0.008,0.975],[-0.375,0.598],[-0.393,0.212],[-0.449,0.169],[-0.221,0.27],[-0.134,0.29],[0,0],[0,0],[-0.011,-2.187],[-0.988,-0.126],[-0.654,0.244],[-1.382,0.19],[-0.737,-0.276],[-0.749,0.001],[-1.685,0.905],[0.023,0.889],[0.029,0.478],[0,0],[-0.212,-0.269],[-0.641,-1.586],[-0.232,-1.218],[-0.202,-0.535],[-0.385,-0.491],[-0.36,-0.597],[-1,-3.735],[1.385,-0.896],[0.415,0.313]],"v":[[-4.359,-12.004],[-4.299,-11.824],[-3.229,-10.426],[-1.295,-9.575],[3.445,-9.577],[8.223,-10.467],[13.428,-10.172],[16.12,-6.426],[13.219,-1.018],[13.219,1.329],[14.995,5.939],[14.199,8.689],[12.723,10.331],[11.469,10.628],[10.335,11.473],[9.789,12.365],[9.376,13.583],[8.686,13.014],[8.667,9.633],[6.238,1.919],[3.59,2.7],[1.562,3.212],[-2.561,2.79],[-4.691,2.103],[-6.868,2.676],[-9.057,7.387],[-8.887,10.059],[-8.779,11.796],[-9.632,11.876],[-10.081,10.842],[-11.499,5.949],[-12.389,2.333],[-13.178,0.831],[-14.359,-0.62],[-15.172,-2.54],[-11.051,-11.812],[-5.014,-13.174]],"c":true},"ix":2},"nm":"Path 1","mn":"ADBE Vector Shape - Group","hd":false},{"ty":"fl","c":{"a":0,"k":[0.224000010771,0.250999989229,0.375999989229,1],"ix":4},"o":{"a":0,"k":100,"ix":5},"r":1,"nm":"Fill 1","mn":"ADBE Vector Graphic - Fill","hd":false},{"ty":"tr","p":{"a":0,"k":[35.014,29.727],"ix":2},"a":{"a":0,"k":[0,0],"ix":1},"s":{"a":0,"k":[100,100],"ix":3},"r":{"a":0,"k":0,"ix":6},"o":{"a":0,"k":100,"ix":7},"sk":{"a":0,"k":0,"ix":4},"sa":{"a":0,"k":0,"ix":5},"nm":"Transform"}],"nm":"Group 2","np":2,"cix":2,"ix":2,"mn":"ADBE Vector Group","hd":false},{"ty":"gr","it":[{"ind":0,"ty":"sh","ix":1,"ks":{"a":0,"k":{"i":[[0.894,1.543],[0,0],[0,0],[0,0],[-0.732,-2.884],[-2.965,0.853],[-4.637,-1.61],[0.462,-1.616],[-3.575,-0.324],[0.487,2.844],[0.042,2.335],[-0.178,4.406],[-0.975,3.657]],"o":[[0,0],[0,0],[0,0],[0,0],[0,0],[0,0],[0.034,0.224],[0,0],[0,0],[0,0],[2.02,-1.112],[0,0],[0,0]],"v":[[12.286,-5.219],[9.686,-15.861],[-9.971,-14.683],[-10.906,-6.925],[-12.449,-4.244],[-8.794,-0.426],[-2.383,8.62],[-2.499,12.611],[0.182,15.698],[5.219,13.017],[4.005,7.785],[8.225,0.061],[12.124,-1.402]],"c":true},"ix":2},"nm":"Path 1","mn":"ADBE Vector Shape - Group","hd":false},{"ty":"fl","c":{"a":0,"k":[1,0.816000007181,0.611999990426,1],"ix":4},"o":{"a":0,"k":100,"ix":5},"r":1,"nm":"Fill 1","mn":"ADBE Vector Graphic - Fill","hd":false},{"ty":"tr","p":{"a":0,"k":[35.231,45.238],"ix":2},"a":{"a":0,"k":[0,0],"ix":1},"s":{"a":0,"k":[100,100],"ix":3},"r":{"a":0,"k":0,"ix":6},"o":{"a":0,"k":100,"ix":7},"sk":{"a":0,"k":0,"ix":4},"sa":{"a":0,"k":0,"ix":5},"nm":"Transform"}],"nm":"Group 3","np":2,"cix":2,"ix":3,"mn":"ADBE Vector Group","hd":false},{"ty":"gr","it":[{"ind":0,"ty":"sh","ix":1,"ks":{"a":0,"k":{"i":[[0,0],[0,0],[1.531,-0.487],[0,0],[0,0],[0,0],[0.612,-1.733],[0,0],[0,0],[-4.362,2.518]],"o":[[0,0],[0,0],[0,0],[0,0],[0,0],[0,0],[0,0],[0,0],[4.363,2.518],[0,0]],"v":[[25.407,-0.521],[19.064,-7.244],[12.726,-11.305],[4.061,-11.982],[-4.665,-12.388],[-15.841,-9.626],[-20.739,-6.485],[-25.407,0.321],[-7.78,10.5],[6.319,10.5]],"c":true},"ix":2},"nm":"Path 1","mn":"ADBE Vector Shape - Group","hd":false},{"ty":"fl","c":{"a":0,"k":[0.987999949736,0.980000035903,0.969000004787,1],"ix":4},"o":{"a":0,"k":100,"ix":5},"r":1,"nm":"Fill 1","mn":"ADBE Vector Graphic - Fill","hd":false},{"ty":"tr","p":{"a":0,"k":[38.399,70.33],"ix":2},"a":{"a":0,"k":[0,0],"ix":1},"s":{"a":0,"k":[100,100],"ix":3},"r":{"a":0,"k":0,"ix":6},"o":{"a":0,"k":100,"ix":7},"sk":{"a":0,"k":0,"ix":4},"sa":{"a":0,"k":0,"ix":5},"nm":"Transform"}],"nm":"Group 4","np":2,"cix":2,"ix":4,"mn":"ADBE Vector Group","hd":false},{"ty":"gr","it":[{"ty":"gf","o":{"a":0,"k":100,"ix":10},"r":1,"g":{"p":3,"k":{"a":0,"k":[0,0.314,0.624,0.925,0.5,0.267,0.761,0.853,1,0.22,0.898,0.78],"ix":9}},"s":{"a":0,"k":[31.592,-32.24],"ix":5},"e":{"a":0,"k":[-32.738,36.24],"ix":6},"t":1,"nm":"Gradient Fill 1","mn":"ADBE Vector Graphic - G-Fill","hd":false},{"ty":"tr","p":{"a":0,"k":[37.667,41.359],"ix":2},"a":{"a":0,"k":[0,0],"ix":1},"s":{"a":0,"k":[100,100],"ix":3},"r":{"a":0,"k":0,"ix":6},"o":{"a":0,"k":100,"ix":7},"sk":{"a":0,"k":0,"ix":4},"sa":{"a":0,"k":0,"ix":5},"nm":"Transform"}],"nm":"Group 5","np":1,"cix":2,"ix":5,"mn":"ADBE Vector Group","hd":false}],"ip":0,"op":1200,"st":0,"bm":0},{"ddd":0,"ind":14,"ty":4,"nm":"Person 4 Hexa","sr":1,"ks":{"o":{"a":0,"k":100,"ix":11},"r":{"a":0,"k":0,"ix":10},"p":{"a":0,"k":[75.167,226.813,0],"ix":2},"a":{"a":0,"k":[37.667,41.313,0],"ix":1},"s":{"a":1,"k":[{"i":{"x":[0.667,0.667,0.667],"y":[1,1,1]},"o":{"x":[0.333,0.333,0.333],"y":[0,0,0]},"n":["0p667_1_0p333_0","0p667_1_0p333_0","0p667_1_0p333_0"],"t":22.5,"s":[0,0,100],"e":[100,100,100]},{"i":{"x":[0.667,0.667,0.667],"y":[1,1,1]},"o":{"x":[0.333,0.333,0.333],"y":[0,0,0]},"n":["0p667_1_0p333_0","0p667_1_0p333_0","0p667_1_0p333_0"],"t":27.5,"s":[100,100,100],"e":[90,90,100]},{"i":{"x":[0.667,0.667,0.667],"y":[1,1,1]},"o":{"x":[0.333,0.333,0.333],"y":[0,0,0]},"n":["0p667_1_0p333_0","0p667_1_0p333_0","0p667_1_0p333_0"],"t":30.833,"s":[90,90,100],"e":[95,95,100]},{"t":32.5}],"ix":6}},"ao":0,"shapes":[{"ty":"gr","it":[{"ty":"gr","it":[{"ind":0,"ty":"sh","ix":1,"ks":{"a":0,"k":{"i":[[2.181,-1.259],[0,0],[0,-5.038],[0,0],[-4.363,-2.518],[0,0],[-4.363,2.519],[0,0],[0,5.035],[0,0],[4.362,2.518],[0,0],[2.434,0]],"o":[[0,0],[-4.363,2.518],[0,0],[0,5.035],[0,0],[4.362,2.519],[0,0],[4.362,-2.518],[0,0],[0,-5.038],[0,0],[-2.182,-1.259],[-2.434,0]],"v":[[-7.049,-39.47],[-30.618,-25.863],[-37.667,-13.653],[-37.667,13.562],[-30.618,25.77],[-7.049,39.377],[7.049,39.377],[30.617,25.77],[37.667,13.562],[37.667,-13.653],[30.617,-25.863],[7.049,-39.47],[-0.001,-41.359]],"c":true},"ix":2},"nm":"Path 2","mn":"ADBE Vector Shape - Group","hd":false},{"ty":"tr","p":{"a":0,"k":[0,0],"ix":2},"a":{"a":0,"k":[0,0],"ix":1},"s":{"a":0,"k":[100,100],"ix":3},"r":{"a":0,"k":0,"ix":6},"o":{"a":0,"k":100,"ix":7},"sk":{"a":0,"k":0,"ix":4},"sa":{"a":0,"k":0,"ix":5},"nm":"Transform"}],"nm":"Group 1","np":1,"cix":2,"ix":1,"mn":"ADBE Vector Group","hd":false},{"ty":"gf","o":{"a":0,"k":100,"ix":10},"r":1,"g":{"p":3,"k":{"a":0,"k":[0,0.314,0.624,0.925,0.5,0.267,0.761,0.853,1,0.22,0.898,0.78],"ix":9}},"s":{"a":0,"k":[31.592,-32.24],"ix":5},"e":{"a":0,"k":[-32.738,36.24],"ix":6},"t":1,"nm":"Gradient Fill 1","mn":"ADBE Vector Graphic - G-Fill","hd":false},{"ty":"tr","p":{"a":0,"k":[37.667,41.359],"ix":2},"a":{"a":0,"k":[0,0],"ix":1},"s":{"a":0,"k":[100,100],"ix":3},"r":{"a":0,"k":0,"ix":6},"o":{"a":0,"k":100,"ix":7},"sk":{"a":0,"k":0,"ix":4},"sa":{"a":0,"k":0,"ix":5},"nm":"Transform"}],"nm":"Group 5","np":2,"cix":2,"ix":1,"mn":"ADBE Vector Group","hd":false}],"ip":0,"op":1200,"st":0,"bm":0},{"ddd":0,"ind":15,"ty":4,"nm":"Person 2 Hexa","parent":17,"td":1,"sr":1,"ks":{"o":{"a":0,"k":100,"ix":11},"r":{"a":0,"k":0,"ix":10},"p":{"a":0,"k":[37.798,41.463,0],"ix":2},"a":{"a":0,"k":[37.798,41.463,0],"ix":1},"s":{"a":0,"k":[100,100,100],"ix":6}},"ao":0,"shapes":[{"ty":"gr","it":[{"ty":"gr","it":[{"ind":0,"ty":"sh","ix":1,"ks":{"a":0,"k":{"i":[[2.181,-1.259],[0,0],[0,-5.037],[0,0],[-4.362,-2.519],[0,0],[-4.362,2.518],[0,0],[0,5.037],[0,0],[4.361,2.52],[0,0],[2.434,0]],"o":[[0,0],[-4.362,2.52],[0,0],[0,5.037],[0,0],[4.362,2.518],[0,0],[4.361,-2.519],[0,0],[0,-5.037],[0,0],[-2.181,-1.259],[-2.434,0]],"v":[[-7.049,-39.658],[-30.748,-25.976],[-37.797,-13.766],[-37.797,13.599],[-30.748,25.809],[-7.049,39.491],[7.049,39.491],[30.749,25.809],[37.798,13.599],[37.798,-13.766],[30.749,-25.976],[7.049,-39.658],[0,-41.547]],"c":true},"ix":2},"nm":"Path 2","mn":"ADBE Vector Shape - Group","hd":false},{"ty":"tr","p":{"a":0,"k":[0,0],"ix":2},"a":{"a":0,"k":[0,0],"ix":1},"s":{"a":0,"k":[100,100],"ix":3},"r":{"a":0,"k":0,"ix":6},"o":{"a":0,"k":100,"ix":7},"sk":{"a":0,"k":0,"ix":4},"sa":{"a":0,"k":0,"ix":5},"nm":"Transform"}],"nm":"Group 1","np":1,"cix":2,"ix":1,"mn":"ADBE Vector Group","hd":false},{"ty":"gf","o":{"a":0,"k":100,"ix":10},"r":1,"g":{"p":3,"k":{"a":0,"k":[0,0.314,0.624,0.925,0.5,0.267,0.761,0.853,1,0.22,0.898,0.78],"ix":9}},"s":{"a":0,"k":[29.633,-32.516],"ix":5},"e":{"a":0,"k":[-32.836,30.09],"ix":6},"t":1,"nm":"Gradient Fill 1","mn":"ADBE Vector Graphic - G-Fill","hd":false},{"ty":"tr","p":{"a":0,"k":[37.797,41.547],"ix":2},"a":{"a":0,"k":[0,0],"ix":1},"s":{"a":0,"k":[100,100],"ix":3},"r":{"a":0,"k":0,"ix":6},"o":{"a":0,"k":100,"ix":7},"sk":{"a":0,"k":0,"ix":4},"sa":{"a":0,"k":0,"ix":5},"nm":"Transform"}],"nm":"Group 7","np":2,"cix":2,"ix":1,"mn":"ADBE Vector Group","hd":false}],"ip":0,"op":1200,"st":0,"bm":0},{"ddd":0,"ind":16,"ty":4,"nm":"Person2","tt":1,"sr":1,"ks":{"o":{"a":0,"k":100,"ix":11},"r":{"a":0,"k":0,"ix":10},"p":{"a":0,"k":[287.047,107.297,0],"ix":2},"a":{"a":0,"k":[37.797,41.547,0],"ix":1},"s":{"a":0,"k":[100,100,100],"ix":6}},"ao":0,"shapes":[{"ty":"gr","it":[{"ind":0,"ty":"sh","ix":1,"ks":{"a":0,"k":{"i":[[0.107,0.063],[0.117,-0.048],[0,0],[0.157,0.001],[0,0],[0.069,-0.092],[0,0],[0.106,-0.064],[-0.002,-0.115],[0,0],[-0.108,-0.059],[-0.069,0],[-0.049,0.023],[0,0],[-0.121,0.001],[0,0],[-0.069,0.092],[0,0],[-0.054,0],[-0.057,0.037],[0.001,0.115],[0,0]],"o":[[-0.114,-0.053],[0,0],[-0.049,-0.138],[0,0],[-0.121,0.002],[0,0],[-0.114,-0.048],[-0.105,0.061],[0,0],[0.001,0.116],[0.058,0.035],[0.055,-0.001],[0,0],[0.072,0.09],[0,0],[0.121,-0.002],[0,0],[0.05,0.021],[0.07,-0.002],[0.106,-0.06],[0,0],[-0.001,-0.118]],"v":[[5.143,-2.816],[4.777,-2.824],[1.575,-1.091],[1.229,-1.458],[-1.259,-1.43],[-1.561,-1.148],[-4.848,-2.719],[-5.202,-2.693],[-5.37,-2.41],[-5.316,2.539],[-5.142,2.819],[-4.946,2.872],[-4.788,2.837],[-1.536,1.171],[-1.228,1.471],[1.261,1.445],[1.562,1.138],[4.849,2.733],[5.008,2.765],[5.203,2.706],[5.371,2.423],[5.317,-2.525]],"c":true},"ix":2},"nm":"Path 1","mn":"ADBE Vector Shape - Group","hd":false},{"ty":"fl","c":{"a":0,"k":[1,0.430999995213,0.430999995213,1],"ix":4},"o":{"a":0,"k":100,"ix":5},"r":1,"nm":"Fill 1","mn":"ADBE Vector Graphic - Fill","hd":false},{"ty":"tr","p":{"a":0,"k":[36.512,63.574],"ix":2},"a":{"a":0,"k":[0,0],"ix":1},"s":{"a":0,"k":[100,100],"ix":3},"r":{"a":0,"k":0,"ix":6},"o":{"a":0,"k":100,"ix":7},"sk":{"a":0,"k":0,"ix":4},"sa":{"a":0,"k":0,"ix":5},"nm":"Transform"}],"nm":"Group 1","np":2,"cix":2,"ix":1,"mn":"ADBE Vector Group","hd":false},{"ty":"gr","it":[{"ind":0,"ty":"sh","ix":1,"ks":{"a":0,"k":{"i":[[2.691,-2.061],[1.703,0],[0.164,-1.729],[1.931,4.249],[0.515,1.665],[0.028,0.168],[-2.492,0.479],[-1.749,-0.632],[-2.071,0.522],[-1.257,0.35],[0.015,-0.198],[0,0],[-0.03,-0.469]],"o":[[-0.253,-1.63],[-1.771,0],[-1.099,-0.744],[-0.174,-0.985],[-0.113,-0.364],[-0.423,-2.516],[1.944,-0.373],[2.035,0.734],[1.266,-0.319],[-0.117,0.146],[0,0],[-0.075,0.965],[-0.382,1.055]],"v":[[1.493,15.06],[-1.861,12.178],[-5.235,15.265],[-10.953,8.127],[-12.12,4.099],[-12.365,3.283],[-8.769,-1.921],[-3.304,-0.466],[3.151,-0.406],[6.905,-1.519],[6.69,-1.001],[6.192,5.869],[6.135,7.982]],"c":true},"ix":2},"nm":"Path 1","mn":"ADBE Vector Shape - Group","hd":false},{"ind":1,"ty":"sh","ix":2,"ks":{"a":0,"k":{"i":[[0,0.164],[-0.987,0],[0,-0.987],[0.028,-0.126],[1.274,0.4]],"o":[[0,-0.987],[0.988,0],[0,0.135],[-1.032,0.395],[-0.041,-0.15]],"v":[[-3.649,15.584],[-1.861,13.797],[-0.072,15.584],[-0.118,15.975],[-3.578,16.054]],"c":true},"ix":2},"nm":"Path 2","mn":"ADBE Vector Shape - Group","hd":false},{"ind":2,"ty":"sh","ix":3,"ks":{"a":0,"k":{"i":[[2.213,1.973],[1.623,-0.094],[1.384,-1.896],[3.163,-0.341],[1.522,0.489],[1.985,-0.239],[0.912,-2.431],[-1.342,-2.717],[-1.21,-2.451],[-0.242,-0.49],[-6.453,0.291],[-2.532,12.545],[0,0],[0.148,0.119],[-1.816,1.684],[-0.265,2.405]],"o":[[-1.227,-1.096],[-2.509,0.147],[-1.863,2.555],[-1.593,0.171],[-1.83,-0.588],[-2.566,0.31],[-1.146,3.055],[1.211,2.45],[0.242,0.489],[0.653,2.294],[0,0],[0,0],[0.16,-0.821],[2.25,-0.426],[1.759,-1.633],[0.31,-2.814]],"v":[[16.324,-19.047],[11.86,-20.483],[6.227,-16.455],[-1.648,-11.797],[-6.364,-12.309],[-12.193,-13.354],[-17.944,-8.731],[-16.216,0.075],[-12.586,7.427],[-11.706,9.479],[-1.792,19.754],[7.181,8.032],[9.439,-0.785],[9.412,-2.065],[15.505,-4.637],[18.78,-10.892]],"c":true},"ix":2},"nm":"Path 3","mn":"ADBE Vector Shape - Group","hd":false},{"ty":"fl","c":{"a":0,"k":[0.224000010771,0.250999989229,0.375999989229,1],"ix":4},"o":{"a":0,"k":100,"ix":5},"r":1,"nm":"Fill 1","mn":"ADBE Vector Graphic - Fill","hd":false},{"ty":"tr","p":{"a":0,"k":[37.453,34.097],"ix":2},"a":{"a":0,"k":[0,0],"ix":1},"s":{"a":0,"k":[100,100],"ix":3},"r":{"a":0,"k":0,"ix":6},"o":{"a":0,"k":100,"ix":7},"sk":{"a":0,"k":0,"ix":4},"sa":{"a":0,"k":0,"ix":5},"nm":"Transform"}],"nm":"Group 2","np":4,"cix":2,"ix":2,"mn":"ADBE Vector Group","hd":false},{"ty":"gr","it":[{"ind":0,"ty":"sh","ix":1,"ks":{"a":0,"k":{"i":[[0.637,-0.101],[0,0],[0,-0.65],[0,0],[0,0],[-1.757,0.972],[0,0]],"o":[[-1.102,0.173],[0,0],[0,0],[0,0.542],[0,0],[1.745,-0.967],[0,0]],"v":[[1.762,-1.258],[-3.892,-1.77],[-3.878,-0.816],[-3.878,0.856],[-3.892,1.807],[1.573,0.97],[3.892,-1.814]],"c":true},"ix":2},"nm":"Path 1","mn":"ADBE Vector Shape - Group","hd":false},{"ty":"fl","c":{"a":0,"k":[0.224000010771,0.250999989229,0.375999989229,1],"ix":4},"o":{"a":0,"k":100,"ix":5},"r":1,"nm":"Fill 1","mn":"ADBE Vector Graphic - Fill","hd":false},{"ty":"tr","p":{"a":0,"k":[35.511,54.357],"ix":2},"a":{"a":0,"k":[0,0],"ix":1},"s":{"a":0,"k":[100,100],"ix":3},"r":{"a":0,"k":0,"ix":6},"o":{"a":0,"k":15,"ix":7},"sk":{"a":0,"k":0,"ix":4},"sa":{"a":0,"k":0,"ix":5},"nm":"Transform"}],"nm":"Group 3","np":2,"cix":2,"ix":3,"mn":"ADBE Vector Group","hd":false},{"ty":"gr","it":[{"ind":0,"ty":"sh","ix":1,"ks":{"a":0,"k":{"i":[[0.849,0.116],[0.024,0.001],[0,0],[0.596,0.031],[0,0],[-0.127,-0.611],[0,0],[0,0],[0.459,-0.503],[-0.577,-1.442],[-2.173,-0.799],[-0.221,0.363],[-2.915,-1.674],[0,0],[0,0],[0,0],[0,0],[0.002,0.009],[-1.003,3.492],[-0.078,-0.012],[0,0]],"o":[[-0.025,-0.004],[0,0],[0.142,-0.581],[0,0],[-0.623,-0.032],[0,0],[0,0],[-0.276,-0.623],[-0.539,0.591],[0,0],[0.468,0.172],[0.809,2.266],[0,0],[-0.495,3.895],[3.462,-0.618],[0,0],[-0.002,-0.007],[1.333,-1.058],[0.069,0.029],[3.406,0.521],[0,-1.908]],"v":[[11.148,-8.99],[11.076,-8.986],[12.367,-14.228],[11.492,-15.407],[-10.113,-16.52],[-11.094,-15.376],[-8.839,-4.532],[-10.641,-8.594],[-12.206,-8.861],[-12.589,-5.868],[-9.216,-1.391],[-8.077,-1.799],[-2.723,5.499],[-2.751,12.656],[4.234,15.316],[6.583,12.719],[5.372,5.204],[5.366,5.186],[9.16,-1.283],[9.37,-1.201],[13.165,-6.458]],"c":true},"ix":2},"nm":"Path 1","mn":"ADBE Vector Shape - Group","hd":false},{"ty":"fl","c":{"a":0,"k":[1,0.816000007181,0.611999990426,1],"ix":4},"o":{"a":0,"k":100,"ix":5},"r":1,"nm":"Fill 1","mn":"ADBE Vector Graphic - Fill","hd":false},{"ty":"tr","p":{"a":0,"k":[34.341,47.09],"ix":2},"a":{"a":0,"k":[0,0],"ix":1},"s":{"a":0,"k":[100,100],"ix":3},"r":{"a":0,"k":0,"ix":6},"o":{"a":0,"k":100,"ix":7},"sk":{"a":0,"k":0,"ix":4},"sa":{"a":0,"k":0,"ix":5},"nm":"Transform"}],"nm":"Group 4","np":2,"cix":2,"ix":4,"mn":"ADBE Vector Group","hd":false},{"ty":"gr","it":[{"ind":0,"ty":"sh","ix":1,"ks":{"a":0,"k":{"i":[[0,0],[4.149,-2.075],[5.883,0],[5.52,3.017],[4.376,2.459],[0,0],[-1.101,0.427],[-0.099,0.006],[0,0],[-0.099,-0.027],[0,0],[-0.274,-0.7]],"o":[[-3.535,2.151],[-4.803,2.402],[-4.771,0],[-4.491,-2.455],[3.533,-3.944],[3.215,-1.447],[0.092,-0.036],[0,0],[0.103,-0.006],[0,0],[4.255,1.21],[0,0]],"v":[[25.391,-0.924],[13.479,6.108],[0.059,11.76],[-12.499,6.454],[-25.391,-1.001],[-18.452,-6.296],[-6.542,-11.125],[-6.259,-11.187],[3.235,-11.754],[3.542,-11.722],[19.11,-7.468],[24.708,-2.539]],"c":true},"ix":2},"nm":"Path 1","mn":"ADBE Vector Shape - Group","hd":false},{"ty":"fl","c":{"a":0,"k":[1,1,1,1],"ix":4},"o":{"a":0,"k":100,"ix":5},"r":1,"nm":"Fill 1","mn":"ADBE Vector Graphic - Fill","hd":false},{"ty":"tr","p":{"a":0,"k":[37.599,71.334],"ix":2},"a":{"a":0,"k":[0,0],"ix":1},"s":{"a":0,"k":[100,100],"ix":3},"r":{"a":0,"k":0,"ix":6},"o":{"a":0,"k":100,"ix":7},"sk":{"a":0,"k":0,"ix":4},"sa":{"a":0,"k":0,"ix":5},"nm":"Transform"}],"nm":"Group 5","np":2,"cix":2,"ix":5,"mn":"ADBE Vector Group","hd":false},{"ty":"gr","it":[{"ind":0,"ty":"sh","ix":1,"ks":{"a":0,"k":{"i":[[-0.252,0.282]],"o":[[-0.337,-0.173]],"v":[[0.169,-0.055]],"c":true},"ix":2},"nm":"Path 1","mn":"ADBE Vector Shape - Group","hd":false},{"ty":"fl","c":{"a":0,"k":[0.783999992819,0.830999995213,0.910000011968,1],"ix":4},"o":{"a":0,"k":100,"ix":5},"r":1,"nm":"Fill 1","mn":"ADBE Vector Graphic - Fill","hd":false},{"ty":"tr","p":{"a":0,"k":[12.039,70.388],"ix":2},"a":{"a":0,"k":[0,0],"ix":1},"s":{"a":0,"k":[100,100],"ix":3},"r":{"a":0,"k":0,"ix":6},"o":{"a":0,"k":100,"ix":7},"sk":{"a":0,"k":0,"ix":4},"sa":{"a":0,"k":0,"ix":5},"nm":"Transform"}],"nm":"Group 6","np":2,"cix":2,"ix":6,"mn":"ADBE Vector Group","hd":false},{"ty":"gr","it":[{"ty":"gf","o":{"a":0,"k":100,"ix":10},"r":1,"g":{"p":3,"k":{"a":0,"k":[0,0.314,0.624,0.925,0.5,0.267,0.761,0.853,1,0.22,0.898,0.78],"ix":9}},"s":{"a":0,"k":[29.633,-32.516],"ix":5},"e":{"a":0,"k":[-32.836,30.09],"ix":6},"t":1,"nm":"Gradient Fill 1","mn":"ADBE Vector Graphic - G-Fill","hd":false},{"ty":"tr","p":{"a":0,"k":[37.797,41.547],"ix":2},"a":{"a":0,"k":[0,0],"ix":1},"s":{"a":0,"k":[100,100],"ix":3},"r":{"a":0,"k":0,"ix":6},"o":{"a":0,"k":100,"ix":7},"sk":{"a":0,"k":0,"ix":4},"sa":{"a":0,"k":0,"ix":5},"nm":"Transform"}],"nm":"Group 7","np":1,"cix":2,"ix":7,"mn":"ADBE Vector Group","hd":false}],"ip":0,"op":1200,"st":0,"bm":0},{"ddd":0,"ind":17,"ty":4,"nm":"Person 2 Hexa","sr":1,"ks":{"o":{"a":0,"k":100,"ix":11},"r":{"a":0,"k":0,"ix":10},"p":{"a":0,"k":[287.048,107.213,0],"ix":2},"a":{"a":0,"k":[37.798,41.463,0],"ix":1},"s":{"a":1,"k":[{"i":{"x":[0.667,0.667,0.667],"y":[1,1,1]},"o":{"x":[0.333,0.333,0.333],"y":[0,0,0]},"n":["0p667_1_0p333_0","0p667_1_0p333_0","0p667_1_0p333_0"],"t":20.833,"s":[0,0,100],"e":[100,100,100]},{"i":{"x":[0.667,0.667,0.667],"y":[1,1,1]},"o":{"x":[0.333,0.333,0.333],"y":[0,0,0]},"n":["0p667_1_0p333_0","0p667_1_0p333_0","0p667_1_0p333_0"],"t":25.833,"s":[100,100,100],"e":[90,90,100]},{"i":{"x":[0.667,0.667,0.667],"y":[1,1,1]},"o":{"x":[0.333,0.333,0.333],"y":[0,0,0]},"n":["0p667_1_0p333_0","0p667_1_0p333_0","0p667_1_0p333_0"],"t":29.167,"s":[90,90,100],"e":[95,95,100]},{"t":30.83349609375}],"ix":6}},"ao":0,"shapes":[{"ty":"gr","it":[{"ty":"gr","it":[{"ind":0,"ty":"sh","ix":1,"ks":{"a":0,"k":{"i":[[2.181,-1.259],[0,0],[0,-5.037],[0,0],[-4.362,-2.519],[0,0],[-4.362,2.518],[0,0],[0,5.037],[0,0],[4.361,2.52],[0,0],[2.434,0]],"o":[[0,0],[-4.362,2.52],[0,0],[0,5.037],[0,0],[4.362,2.518],[0,0],[4.361,-2.519],[0,0],[0,-5.037],[0,0],[-2.181,-1.259],[-2.434,0]],"v":[[-7.049,-39.658],[-30.748,-25.976],[-37.797,-13.766],[-37.797,13.599],[-30.748,25.809],[-7.049,39.491],[7.049,39.491],[30.749,25.809],[37.798,13.599],[37.798,-13.766],[30.749,-25.976],[7.049,-39.658],[0,-41.547]],"c":true},"ix":2},"nm":"Path 2","mn":"ADBE Vector Shape - Group","hd":false},{"ty":"tr","p":{"a":0,"k":[0,0],"ix":2},"a":{"a":0,"k":[0,0],"ix":1},"s":{"a":0,"k":[100,100],"ix":3},"r":{"a":0,"k":0,"ix":6},"o":{"a":0,"k":100,"ix":7},"sk":{"a":0,"k":0,"ix":4},"sa":{"a":0,"k":0,"ix":5},"nm":"Transform"}],"nm":"Group 1","np":1,"cix":2,"ix":1,"mn":"ADBE Vector Group","hd":false},{"ty":"gf","o":{"a":0,"k":100,"ix":10},"r":1,"g":{"p":3,"k":{"a":0,"k":[0,0.314,0.624,0.925,0.5,0.267,0.761,0.853,1,0.22,0.898,0.78],"ix":9}},"s":{"a":0,"k":[29.633,-32.516],"ix":5},"e":{"a":0,"k":[-32.836,30.09],"ix":6},"t":1,"nm":"Gradient Fill 1","mn":"ADBE Vector Graphic - G-Fill","hd":false},{"ty":"tr","p":{"a":0,"k":[37.797,41.547],"ix":2},"a":{"a":0,"k":[0,0],"ix":1},"s":{"a":0,"k":[100,100],"ix":3},"r":{"a":0,"k":0,"ix":6},"o":{"a":0,"k":100,"ix":7},"sk":{"a":0,"k":0,"ix":4},"sa":{"a":0,"k":0,"ix":5},"nm":"Transform"}],"nm":"Group 7","np":2,"cix":2,"ix":1,"mn":"ADBE Vector Group","hd":false}],"ip":0,"op":1200,"st":0,"bm":0},{"ddd":0,"ind":18,"ty":4,"nm":"Person 1 Hexa","parent":20,"td":1,"sr":1,"ks":{"o":{"a":0,"k":100,"ix":11},"r":{"a":0,"k":0,"ix":10},"p":{"a":0,"k":[38.34,42.09,0],"ix":2},"a":{"a":0,"k":[38.34,42.09,0],"ix":1},"s":{"a":0,"k":[100,100,100],"ix":6}},"ao":0,"shapes":[{"ty":"gr","it":[{"ty":"gr","it":[{"ind":0,"ty":"sh","ix":1,"ks":{"a":0,"k":{"i":[[0,0],[2.159,-1.246],[0,0],[0,-5.036],[0,0],[-4.363,-2.518],[0,0],[-2.397,-0.019],[0,0],[-2.148,1.239],[0,0],[0,5.038],[0,0],[4.363,2.518],[0,0],[2.41,0.013]],"o":[[-2.409,0.013],[0,0],[-4.363,2.518],[0,0],[0,5.038],[0,0],[2.148,1.239],[0,0],[2.397,-0.019],[0,0],[4.363,-2.518],[0,0],[0,-5.036],[0,0],[-2.159,-1.246],[0,0]],"v":[[-0.074,-42.09],[-7.049,-40.201],[-31.29,-26.206],[-38.339,-13.997],[-38.339,13.995],[-31.29,26.204],[-7.049,40.202],[-0.112,42.09],[0.113,42.09],[7.05,40.202],[31.291,26.204],[38.34,13.995],[38.34,-13.997],[31.291,-26.206],[7.05,-40.201],[0.075,-42.09]],"c":true},"ix":2},"nm":"Path 2","mn":"ADBE Vector Shape - Group","hd":false},{"ty":"tr","p":{"a":0,"k":[0,0],"ix":2},"a":{"a":0,"k":[0,0],"ix":1},"s":{"a":0,"k":[100,100],"ix":3},"r":{"a":0,"k":0,"ix":6},"o":{"a":0,"k":100,"ix":7},"sk":{"a":0,"k":0,"ix":4},"sa":{"a":0,"k":0,"ix":5},"nm":"Transform"}],"nm":"Group 1","np":1,"cix":2,"ix":1,"mn":"ADBE Vector Group","hd":false},{"ty":"gf","o":{"a":0,"k":100,"ix":10},"r":1,"g":{"p":3,"k":{"a":0,"k":[0,0.314,0.624,0.925,0.5,0.267,0.761,0.853,1,0.22,0.898,0.78],"ix":9}},"s":{"a":0,"k":[32.324,-33.307],"ix":5},"e":{"a":0,"k":[-32.955,37.687],"ix":6},"t":1,"nm":"Gradient Fill 1","mn":"ADBE Vector Graphic - G-Fill","hd":false},{"ty":"tr","p":{"a":0,"k":[38.339,42.09],"ix":2},"a":{"a":0,"k":[0,0],"ix":1},"s":{"a":0,"k":[100,100],"ix":3},"r":{"a":0,"k":0,"ix":6},"o":{"a":0,"k":100,"ix":7},"sk":{"a":0,"k":0,"ix":4},"sa":{"a":0,"k":0,"ix":5},"nm":"Transform"}],"nm":"Group 9","np":2,"cix":2,"ix":1,"mn":"ADBE Vector Group","hd":false}],"ip":0,"op":1200,"st":0,"bm":0},{"ddd":0,"ind":19,"ty":4,"nm":"Person1","tt":1,"sr":1,"ks":{"o":{"a":0,"k":100,"ix":11},"r":{"a":0,"k":0,"ix":10},"p":{"a":0,"k":[75.089,108.34,0],"ix":2},"a":{"a":0,"k":[38.339,42.09,0],"ix":1},"s":{"a":0,"k":[100,100,100],"ix":6}},"ao":0,"shapes":[{"ty":"gr","it":[{"ind":0,"ty":"sh","ix":1,"ks":{"a":0,"k":{"i":[[1.886,0.276],[0.667,-2.79],[2.181,6.243],[1.899,8.841]],"o":[[0,0],[0,0],[0,0],[0,0]],"v":[[-1.383,-10.195],[-4.937,10.195],[0.288,-2.999],[3.038,-9.258]],"c":true},"ix":2},"nm":"Path 1","mn":"ADBE Vector Shape - Group","hd":false},{"ty":"fl","c":{"a":0,"k":[0.875,0.905999995213,0.957000014361,1],"ix":4},"o":{"a":0,"k":100,"ix":5},"r":1,"nm":"Fill 1","mn":"ADBE Vector Graphic - Fill","hd":false},{"ty":"tr","p":{"a":0,"k":[39.921,66.215],"ix":2},"a":{"a":0,"k":[0,0],"ix":1},"s":{"a":0,"k":[100,100],"ix":3},"r":{"a":0,"k":0,"ix":6},"o":{"a":0,"k":100,"ix":7},"sk":{"a":0,"k":0,"ix":4},"sa":{"a":0,"k":0,"ix":5},"nm":"Transform"}],"nm":"Group 1","np":2,"cix":2,"ix":1,"mn":"ADBE Vector Group","hd":false},{"ty":"gr","it":[{"ind":0,"ty":"sh","ix":1,"ks":{"a":0,"k":{"i":[[0,0],[1.193,-0.894],[0,0],[-2.28,1.23],[0,0],[-2.314,-2.501],[-2.528,-1.868]],"o":[[0,0],[0,0],[0,0],[0,0],[0,0],[0,0],[0,0]],"v":[[-0.431,-9.981],[-5.31,-7.564],[-5.073,-2.377],[-2.704,-1.739],[-1.311,-2.918],[-1.544,2.324],[5.31,9.981]],"c":true},"ix":2},"nm":"Path 1","mn":"ADBE Vector Shape - Group","hd":false},{"ty":"fl","c":{"a":0,"k":[0.875,0.905999995213,0.957000014361,1],"ix":4},"o":{"a":0,"k":100,"ix":5},"r":1,"nm":"Fill 1","mn":"ADBE Vector Graphic - Fill","hd":false},{"ty":"tr","p":{"a":0,"k":[29.674,66.429],"ix":2},"a":{"a":0,"k":[0,0],"ix":1},"s":{"a":0,"k":[100,100],"ix":3},"r":{"a":0,"k":0,"ix":6},"o":{"a":0,"k":100,"ix":7},"sk":{"a":0,"k":0,"ix":4},"sa":{"a":0,"k":0,"ix":5},"nm":"Transform"}],"nm":"Group 2","np":2,"cix":2,"ix":2,"mn":"ADBE Vector Group","hd":false},{"ty":"gr","it":[{"ind":0,"ty":"sh","ix":1,"ks":{"a":0,"k":{"i":[[0.623,-6.229],[0,0],[0.014,0.047],[0,0]],"o":[[0,0],[0.612,-6.122],[0,0],[0.016,0.048]],"v":[[0.587,5.53],[0.089,5.481],[-0.742,-5.382],[-0.266,-5.531]],"c":true},"ix":2},"nm":"Path 1","mn":"ADBE Vector Shape - Group","hd":false},{"ty":"fl","c":{"a":0,"k":[0.404000016755,0.455000005984,0.620000023935,1],"ix":4},"o":{"a":0,"k":100,"ix":5},"r":1,"nm":"Fill 1","mn":"ADBE Vector Graphic - Fill","hd":false},{"ty":"tr","p":{"a":0,"k":[49.932,74.109],"ix":2},"a":{"a":0,"k":[0,0],"ix":1},"s":{"a":0,"k":[100,100],"ix":3},"r":{"a":0,"k":0,"ix":6},"o":{"a":0,"k":100,"ix":7},"sk":{"a":0,"k":0,"ix":4},"sa":{"a":0,"k":0,"ix":5},"nm":"Transform"}],"nm":"Group 3","np":2,"cix":2,"ix":3,"mn":"ADBE Vector Group","hd":false},{"ty":"gr","it":[{"ind":0,"ty":"sh","ix":1,"ks":{"a":0,"k":{"i":[[0,0],[-0.055,0.171],[0,0],[-0.241,-3.454]],"o":[[-0.249,-3.553],[0,0],[-0.013,0.04],[0,0]],"v":[[-0.769,3.881],[0.325,-3.882],[0.801,-3.727],[-0.271,3.846]],"c":true},"ix":2},"nm":"Path 1","mn":"ADBE Vector Shape - Group","hd":false},{"ty":"fl","c":{"a":0,"k":[0.404000016755,0.455000005984,0.620000023935,1],"ix":4},"o":{"a":0,"k":100,"ix":5},"r":1,"nm":"Fill 1","mn":"ADBE Vector Graphic - Fill","hd":false},{"ty":"tr","p":{"a":0,"k":[21.313,72.623],"ix":2},"a":{"a":0,"k":[0,0],"ix":1},"s":{"a":0,"k":[100,100],"ix":3},"r":{"a":0,"k":0,"ix":6},"o":{"a":0,"k":100,"ix":7},"sk":{"a":0,"k":0,"ix":4},"sa":{"a":0,"k":0,"ix":5},"nm":"Transform"}],"nm":"Group 4","np":2,"cix":2,"ix":4,"mn":"ADBE Vector Group","hd":false},{"ty":"gr","it":[{"ind":0,"ty":"sh","ix":1,"ks":{"a":0,"k":{"i":[[0,0],[-2.462,3.33],[6.566,1.234]],"o":[[0,0],[0,0],[0,0]],"v":[[-3.058,-0.934],[3.526,-2.314],[-3.526,2.139]],"c":true},"ix":2},"nm":"Path 1","mn":"ADBE Vector Shape - Group","hd":false},{"ty":"fl","c":{"a":0,"k":[0.224000010771,0.250999989229,0.375999989229,1],"ix":4},"o":{"a":0,"k":100,"ix":5},"r":1,"nm":"Fill 1","mn":"ADBE Vector Graphic - Fill","hd":false},{"ty":"tr","p":{"a":0,"k":[33.305,52.846],"ix":2},"a":{"a":0,"k":[0,0],"ix":1},"s":{"a":0,"k":[100,100],"ix":3},"r":{"a":0,"k":0,"ix":6},"o":{"a":0,"k":15,"ix":7},"sk":{"a":0,"k":0,"ix":4},"sa":{"a":0,"k":0,"ix":5},"nm":"Transform"}],"nm":"Group 5","np":2,"cix":2,"ix":5,"mn":"ADBE Vector Group","hd":false},{"ty":"gr","it":[{"ind":0,"ty":"sh","ix":1,"ks":{"a":0,"k":{"i":[[2.435,-0.276],[0.056,-1.048],[0.47,-0.472],[0.54,0.339],[0.131,0.669],[2.298,1.023],[0.506,2.15],[0.262,-0.399],[1.597,-0.501],[0.094,-0.025],[-0.132,-1.362],[-1.094,-3.103],[-3.265,-1.65],[-0.159,-0.068],[0,0],[0.663,-1.269],[-1.051,-3.035],[-2.711,-2.043],[-0.774,1.214],[-0.276,4.03],[0.093,0.389],[0.318,0.969],[-0.108,1.162],[-0.874,1.226],[-1.791,1.462],[-0.349,0.765],[-0.015,0.888]],"o":[[0,0],[-0.032,0.609],[-0.467,0.472],[-0.612,-0.386],[-0.541,-2.778],[-1.854,-0.826],[0.126,0.534],[-0.939,1.417],[-0.092,0.028],[-1.027,0.279],[0.482,3.252],[1.133,3.216],[0.16,0.08],[0,0],[0,0],[0,0],[0,0],[0,0],[0,0],[0.028,-0.399],[-0.234,-0.989],[-0.36,-1.096],[0.987,-1.138],[1.325,-1.859],[0.629,-0.513],[0.373,-0.821],[0,0]],"v":[[9.804,-13.136],[8.808,-11.647],[8.368,-9.798],[6.526,-9.662],[5.559,-11.521],[0.59,-16.096],[-4.305,-20.422],[-5.385,-18.204],[-9.179,-15.305],[-9.457,-15.224],[-12.107,-13.026],[-9.758,-3.456],[-3.966,5.638],[-3.489,5.842],[-3.531,5.85],[-4.084,9.438],[-4.029,13.743],[0.398,19.815],[1.836,19.208],[5.045,11.811],[4.939,10.627],[3.596,7.907],[3.053,4.47],[5.852,0.916],[9.658,-4.975],[11.295,-6.621],[11.741,-9.273]],"c":true},"ix":2},"nm":"Path 1","mn":"ADBE Vector Shape - Group","hd":false},{"ty":"fl","c":{"a":0,"k":[1,0.816000007181,0.611999990426,1],"ix":4},"o":{"a":0,"k":100,"ix":5},"r":1,"nm":"Fill 1","mn":"ADBE Vector Graphic - Fill","hd":false},{"ty":"tr","p":{"a":0,"k":[33.777,46.061],"ix":2},"a":{"a":0,"k":[0,0],"ix":1},"s":{"a":0,"k":[100,100],"ix":3},"r":{"a":0,"k":0,"ix":6},"o":{"a":0,"k":100,"ix":7},"sk":{"a":0,"k":0,"ix":4},"sa":{"a":0,"k":0,"ix":5},"nm":"Transform"}],"nm":"Group 6","np":2,"cix":2,"ix":6,"mn":"ADBE Vector Group","hd":false},{"ty":"gr","it":[{"ind":0,"ty":"sh","ix":1,"ks":{"a":0,"k":{"i":[[0,0],[0,0],[4.481,0.607],[0,0],[0,0],[2.103,-1.601],[0.94,-3.532],[0.442,-1.379],[-6.694,-3.648],[0,0]],"o":[[0,0],[0,0],[0,0],[0,0],[0,0],[0,0],[0,0],[0,0],[6.696,3.647],[0,0]],"v":[[23.102,3.344],[17.775,-5.694],[11.288,-11.893],[0.564,-14.094],[-8.124,-13.708],[-17.031,-9.071],[-20.462,-3.938],[-23.102,2.786],[-5.074,12.971],[6.962,12.919]],"c":true},"ix":2},"nm":"Path 1","mn":"ADBE Vector Shape - Group","hd":false},{"ty":"fl","c":{"a":0,"k":[1,1,1,1],"ix":4},"o":{"a":0,"k":100,"ix":5},"r":1,"nm":"Fill 1","mn":"ADBE Vector Graphic - Fill","hd":false},{"ty":"tr","p":{"a":0,"k":[37.692,70.086],"ix":2},"a":{"a":0,"k":[0,0],"ix":1},"s":{"a":0,"k":[100,100],"ix":3},"r":{"a":0,"k":0,"ix":6},"o":{"a":0,"k":100,"ix":7},"sk":{"a":0,"k":0,"ix":4},"sa":{"a":0,"k":0,"ix":5},"nm":"Transform"}],"nm":"Group 7","np":2,"cix":2,"ix":7,"mn":"ADBE Vector Group","hd":false},{"ty":"gr","it":[{"ind":0,"ty":"sh","ix":1,"ks":{"a":0,"k":{"i":[[0,0],[1.316,1.971],[-0.011,0.333],[0.49,0.682],[1.344,0.941],[-0.586,3.098],[-0.055,2.673],[0.717,2.613],[-4.355,2.184],[-6.258,-0.484],[-1.96,-5.588],[2.465,-3.689],[0.587,-2.408],[-3.319,-1.817],[-2.711,-8.713],[0.638,-1.808],[4.435,-2.551]],"o":[[-1.317,-1.971],[-0.099,-0.151],[0.025,-0.821],[-0.974,-1.359],[-2.705,-1.893],[0.497,-2.617],[0.055,-2.784],[-1.419,-5.164],[5.571,-2.793],[5.388,0.418],[1.479,4.216],[-1.32,1.973],[-0.851,3.494],[6.995,3.826],[0.554,1.781],[-0.559,1.583],[0,0]],"v":[[-16.876,23.79],[-20.826,17.879],[-20.327,15.778],[-20.932,13.466],[-25.234,10.835],[-28.061,2.572],[-26.902,-5.357],[-28.475,-12.934],[-21.288,-25.169],[-2.993,-29.124],[10.907,-20.657],[9.141,-7.956],[5.48,-2.492],[9.124,7.135],[29.339,16.92],[28.923,22.246],[16.913,29.608]],"c":false},"ix":2},"nm":"Path 1","mn":"ADBE Vector Shape - Group","hd":false},{"ty":"fl","c":{"a":0,"k":[0.224000010771,0.250999989229,0.375999989229,1],"ix":4},"o":{"a":0,"k":100,"ix":5},"r":1,"nm":"Fill 1","mn":"ADBE Vector Graphic - Fill","hd":false},{"ty":"tr","p":{"a":0,"k":[43.88,43.821],"ix":2},"a":{"a":0,"k":[0,0],"ix":1},"s":{"a":0,"k":[100,100],"ix":3},"r":{"a":0,"k":0,"ix":6},"o":{"a":0,"k":100,"ix":7},"sk":{"a":0,"k":0,"ix":4},"sa":{"a":0,"k":0,"ix":5},"nm":"Transform"}],"nm":"Group 8","np":2,"cix":2,"ix":8,"mn":"ADBE Vector Group","hd":false},{"ty":"gr","it":[{"ty":"gf","o":{"a":0,"k":100,"ix":10},"r":1,"g":{"p":3,"k":{"a":0,"k":[0,0.314,0.624,0.925,0.5,0.267,0.761,0.853,1,0.22,0.898,0.78],"ix":9}},"s":{"a":0,"k":[32.324,-33.307],"ix":5},"e":{"a":0,"k":[-32.955,37.687],"ix":6},"t":1,"nm":"Gradient Fill 1","mn":"ADBE Vector Graphic - G-Fill","hd":false},{"ty":"tr","p":{"a":0,"k":[38.339,42.09],"ix":2},"a":{"a":0,"k":[0,0],"ix":1},"s":{"a":0,"k":[100,100],"ix":3},"r":{"a":0,"k":0,"ix":6},"o":{"a":0,"k":100,"ix":7},"sk":{"a":0,"k":0,"ix":4},"sa":{"a":0,"k":0,"ix":5},"nm":"Transform"}],"nm":"Group 9","np":1,"cix":2,"ix":9,"mn":"ADBE Vector Group","hd":false}],"ip":0,"op":1200,"st":0,"bm":0},{"ddd":0,"ind":20,"ty":4,"nm":"Person 1 Hexa","sr":1,"ks":{"o":{"a":0,"k":100,"ix":11},"r":{"a":0,"k":0,"ix":10},"p":{"a":0,"k":[75.09,108.34,0],"ix":2},"a":{"a":0,"k":[38.34,42.09,0],"ix":1},"s":{"a":1,"k":[{"i":{"x":[0.667,0.667,0.667],"y":[1,1,1]},"o":{"x":[0.333,0.333,0.333],"y":[0,0,0]},"n":["0p667_1_0p333_0","0p667_1_0p333_0","0p667_1_0p333_0"],"t":20,"s":[0,0,100],"e":[100,100,100]},{"i":{"x":[0.667,0.667,0.667],"y":[1,1,1]},"o":{"x":[0.333,0.333,0.333],"y":[0,0,0]},"n":["0p667_1_0p333_0","0p667_1_0p333_0","0p667_1_0p333_0"],"t":25,"s":[100,100,100],"e":[90,90,100]},{"i":{"x":[0.667,0.667,0.667],"y":[1,1,1]},"o":{"x":[0.333,0.333,0.333],"y":[0,0,0]},"n":["0p667_1_0p333_0","0p667_1_0p333_0","0p667_1_0p333_0"],"t":28.333,"s":[90,90,100],"e":[95,95,100]},{"t":30}],"ix":6}},"ao":0,"shapes":[{"ty":"gr","it":[{"ty":"gr","it":[{"ind":0,"ty":"sh","ix":1,"ks":{"a":0,"k":{"i":[[0,0],[2.159,-1.246],[0,0],[0,-5.036],[0,0],[-4.363,-2.518],[0,0],[-2.397,-0.019],[0,0],[-2.148,1.239],[0,0],[0,5.038],[0,0],[4.363,2.518],[0,0],[2.41,0.013]],"o":[[-2.409,0.013],[0,0],[-4.363,2.518],[0,0],[0,5.038],[0,0],[2.148,1.239],[0,0],[2.397,-0.019],[0,0],[4.363,-2.518],[0,0],[0,-5.036],[0,0],[-2.159,-1.246],[0,0]],"v":[[-0.074,-42.09],[-7.049,-40.201],[-31.29,-26.206],[-38.339,-13.997],[-38.339,13.995],[-31.29,26.204],[-7.049,40.202],[-0.112,42.09],[0.113,42.09],[7.05,40.202],[31.291,26.204],[38.34,13.995],[38.34,-13.997],[31.291,-26.206],[7.05,-40.201],[0.075,-42.09]],"c":true},"ix":2},"nm":"Path 2","mn":"ADBE Vector Shape - Group","hd":false},{"ty":"tr","p":{"a":0,"k":[0,0],"ix":2},"a":{"a":0,"k":[0,0],"ix":1},"s":{"a":0,"k":[100,100],"ix":3},"r":{"a":0,"k":0,"ix":6},"o":{"a":0,"k":100,"ix":7},"sk":{"a":0,"k":0,"ix":4},"sa":{"a":0,"k":0,"ix":5},"nm":"Transform"}],"nm":"Group 1","np":1,"cix":2,"ix":1,"mn":"ADBE Vector Group","hd":false},{"ty":"gf","o":{"a":0,"k":100,"ix":10},"r":1,"g":{"p":3,"k":{"a":0,"k":[0,0.314,0.624,0.925,0.5,0.267,0.761,0.853,1,0.22,0.898,0.78],"ix":9}},"s":{"a":0,"k":[32.324,-33.307],"ix":5},"e":{"a":0,"k":[-32.955,37.687],"ix":6},"t":1,"nm":"Gradient Fill 1","mn":"ADBE Vector Graphic - G-Fill","hd":false},{"ty":"tr","p":{"a":0,"k":[38.339,42.09],"ix":2},"a":{"a":0,"k":[0,0],"ix":1},"s":{"a":0,"k":[100,100],"ix":3},"r":{"a":0,"k":0,"ix":6},"o":{"a":0,"k":100,"ix":7},"sk":{"a":0,"k":0,"ix":4},"sa":{"a":0,"k":0,"ix":5},"nm":"Transform"}],"nm":"Group 9","np":2,"cix":2,"ix":1,"mn":"ADBE Vector Group","hd":false}],"ip":0,"op":1200,"st":0,"bm":0}]}],"layers":[{"ddd":0,"ind":1,"ty":4,"nm":"Person 3 Hexa","td":1,"sr":1,"ks":{"o":{"a":0,"k":100,"ix":11},"r":{"a":0,"k":0,"ix":10},"p":{"a":0,"k":[185.681,168.829,0],"ix":2},"a":{"a":0,"k":[37.681,41.329,0],"ix":1},"s":{"a":1,"k":[{"i":{"x":[0.667,0.667,0.667],"y":[1,1,1]},"o":{"x":[0.333,0.333,0.333],"y":[0,0,0]},"n":["0p667_1_0p333_0","0p667_1_0p333_0","0p667_1_0p333_0"],"t":21.667,"s":[0,0,100],"e":[100,100,100]},{"i":{"x":[0.667,0.667,0.667],"y":[1,1,1]},"o":{"x":[0.333,0.333,0.333],"y":[0,0,0]},"n":["0p667_1_0p333_0","0p667_1_0p333_0","0p667_1_0p333_0"],"t":26.667,"s":[100,100,100],"e":[90,90,100]},{"i":{"x":[0.667,0.667,0.667],"y":[1,1,1]},"o":{"x":[0.333,0.333,0.333],"y":[0,0,0]},"n":["0p667_1_0p333_0","0p667_1_0p333_0","0p667_1_0p333_0"],"t":30,"s":[90,90,100],"e":[95,95,100]},{"i":{"x":[0.833,0.833,0.833],"y":[1,1,1]},"o":{"x":[0.167,0.167,0.167],"y":[0,0,0]},"n":["0p833_1_0p167_0","0p833_1_0p167_0","0p833_1_0p167_0"],"t":31.667,"s":[95,95,100],"e":[95,95,100]},{"i":{"x":[0.833,0.833,0.833],"y":[1,1,1]},"o":{"x":[0.167,0.167,0.167],"y":[0,0,0]},"n":["0p833_1_0p167_0","0p833_1_0p167_0","0p833_1_0p167_0"],"t":50,"s":[95,95,100],"e":[924,924,100]},{"t":57.08349609375}],"ix":6}},"ao":0,"shapes":[{"ty":"gr","it":[{"ty":"gr","it":[{"ind":0,"ty":"sh","ix":1,"ks":{"a":0,"k":{"i":[[0,0],[2.147,-1.24],[0,0],[0,-5.036],[0,0],[-4.363,-2.519],[0,0],[-4.362,2.518],[0,0],[0,5.037],[0,0],[4.362,2.519],[0,0],[2.396,0.019]],"o":[[-2.397,0.019],[0,0],[-4.363,2.519],[0,0],[0,5.037],[0,0],[4.362,2.518],[0,0],[4.362,-2.519],[0,0],[0,-5.036],[0,0],[-2.148,-1.24],[0,0]],"v":[[-0.111,-41.537],[-7.049,-39.648],[-30.631,-26.033],[-37.68,-13.824],[-37.68,13.407],[-30.631,25.617],[-7.049,39.232],[7.049,39.232],[30.632,25.617],[37.68,13.407],[37.68,-13.824],[30.632,-26.033],[7.049,-39.648],[0.113,-41.537]],"c":true},"ix":2},"nm":"Path 2","mn":"ADBE Vector Shape - Group","hd":false},{"ty":"tr","p":{"a":0,"k":[0,0],"ix":2},"a":{"a":0,"k":[0,0],"ix":1},"s":{"a":0,"k":[100,100],"ix":3},"r":{"a":0,"k":0,"ix":6},"o":{"a":0,"k":100,"ix":7},"sk":{"a":0,"k":0,"ix":4},"sa":{"a":0,"k":0,"ix":5},"nm":"Transform"}],"nm":"Group 1","np":1,"cix":2,"ix":1,"mn":"ADBE Vector Group","hd":false},{"ty":"gf","o":{"a":0,"k":100,"ix":10},"r":1,"g":{"p":3,"k":{"a":0,"k":[0,0.314,0.624,0.925,0.5,0.267,0.761,0.853,1,0.22,0.898,0.78],"ix":9}},"s":{"a":0,"k":[32.9,-32.191],"ix":5},"e":{"a":0,"k":[-33.545,34.768],"ix":6},"t":1,"nm":"Gradient Fill 1","mn":"ADBE Vector Graphic - G-Fill","hd":false},{"ty":"tr","p":{"a":0,"k":[37.681,41.537],"ix":2},"a":{"a":0,"k":[0,0],"ix":1},"s":{"a":0,"k":[100,100],"ix":3},"r":{"a":0,"k":0,"ix":6},"o":{"a":0,"k":100,"ix":7},"sk":{"a":0,"k":0,"ix":4},"sa":{"a":0,"k":0,"ix":5},"nm":"Transform"}],"nm":"Group 5","np":2,"cix":2,"ix":1,"mn":"ADBE Vector Group","hd":false}],"ip":0,"op":1200,"st":0,"bm":0},{"ddd":0,"ind":2,"ty":0,"nm":"Main Person","tt":1,"refId":"comp_0","sr":1,"ks":{"o":{"a":0,"k":100,"ix":11},"r":{"a":0,"k":0,"ix":10},"p":{"a":0,"k":[180,228,0],"ix":2},"a":{"a":0,"k":[180,228,0],"ix":1},"s":{"a":0,"k":[100,100,100],"ix":6}},"ao":0,"w":360,"h":456,"ip":0,"op":1200,"st":0,"bm":0},{"ddd":0,"ind":3,"ty":0,"nm":"Scene 1","refId":"comp_1","sr":1,"ks":{"o":{"a":1,"k":[{"i":{"x":[0.833],"y":[0.833]},"o":{"x":[0.167],"y":[0.167]},"n":["0p833_0p833_0p167_0p167"],"t":50,"s":[100],"e":[0]},{"t":51.66650390625}],"ix":11},"r":{"a":0,"k":0,"ix":10},"p":{"a":0,"k":[180,228,0],"ix":2},"a":{"a":0,"k":[180,228,0],"ix":1},"s":{"a":0,"k":[100,100,100],"ix":6}},"ao":0,"w":360,"h":456,"ip":0,"op":1200,"st":0,"bm":0}],"markers":[]}