{"v":"5.0.6","fr":24,"ip":174,"op":216,"w":360,"h":456,"nm":"PH_Onboarding_v2_Main","ddd":0,"assets":[{"id":"comp_0","layers":[{"ddd":0,"ind":1,"ty":4,"nm":"Face expressions Outlines","parent":10,"sr":1,"ks":{"o":{"a":0,"k":100,"ix":11},"r":{"a":0,"k":0,"ix":10},"p":{"a":0,"k":[78.257,73.55,0],"ix":2},"a":{"a":0,"k":[15.5,15.5,0],"ix":1},"s":{"a":0,"k":[99.01,99.01,100],"ix":6}},"ao":0,"shapes":[{"ty":"gr","it":[{"ind":0,"ty":"sh","ix":1,"ks":{"a":0,"k":{"i":[[0,0],[4.938,0],[0,4.937]],"o":[[0,4.937],[-4.939,0],[0,0]],"v":[[8.941,-4.471],[0.001,4.471],[-8.941,-4.471]],"c":false},"ix":2},"nm":"Path 1","mn":"ADBE Vector Shape - Group","hd":false},{"ty":"fl","c":{"a":0,"k":[0.952999997606,0.961000031116,0.980000035903,1],"ix":4},"o":{"a":0,"k":100,"ix":5},"r":1,"nm":"Fill 1","mn":"ADBE Vector Graphic - Fill","hd":false},{"ty":"tr","p":{"a":0,"k":[16.633,26.369],"ix":2},"a":{"a":0,"k":[0,0],"ix":1},"s":{"a":0,"k":[100,100],"ix":3},"r":{"a":0,"k":0,"ix":6},"o":{"a":0,"k":100,"ix":7},"sk":{"a":0,"k":0,"ix":4},"sa":{"a":0,"k":0,"ix":5},"nm":"Transform"}],"nm":"Group 3","np":2,"cix":2,"ix":1,"mn":"ADBE Vector Group","hd":false},{"ty":"gr","it":[{"ind":0,"ty":"sh","ix":1,"ks":{"a":0,"k":{"i":[[0,0],[3.667,-4.833]],"o":[[0,0],[0,0]],"v":[[4.5,2.417],[-4.5,2.417]],"c":false},"ix":2},"nm":"Path 1","mn":"ADBE Vector Shape - Group","hd":false},{"ty":"st","c":{"a":0,"k":[0.536999990426,0.286000001197,0.286000001197,1],"ix":3},"o":{"a":0,"k":100,"ix":4},"w":{"a":0,"k":1.5,"ix":5},"lc":2,"lj":1,"ml":10,"nm":"Stroke 1","mn":"ADBE Vector Graphic - Stroke","hd":false},{"ty":"tr","p":{"a":0,"k":[25.333,0.482],"ix":2},"a":{"a":0,"k":[0,0],"ix":1},"s":{"a":0,"k":[100,100],"ix":3},"r":{"a":0,"k":0,"ix":6},"o":{"a":0,"k":100,"ix":7},"sk":{"a":0,"k":0,"ix":4},"sa":{"a":0,"k":0,"ix":5},"nm":"Transform"}],"nm":"Group 4","np":2,"cix":2,"ix":2,"mn":"ADBE Vector Group","hd":false},{"ty":"gr","it":[{"ind":0,"ty":"sh","ix":1,"ks":{"a":0,"k":{"i":[[0,0],[-3.667,-4.833]],"o":[[0,0],[0,0]],"v":[[-4.5,2.417],[4.5,2.417]],"c":false},"ix":2},"nm":"Path 1","mn":"ADBE Vector Shape - Group","hd":false},{"ty":"st","c":{"a":0,"k":[0.536999990426,0.286000001197,0.286000001197,1],"ix":3},"o":{"a":0,"k":100,"ix":4},"w":{"a":0,"k":1.5,"ix":5},"lc":2,"lj":1,"ml":10,"nm":"Stroke 1","mn":"ADBE Vector Graphic - Stroke","hd":false},{"ty":"tr","p":{"a":0,"k":[5.25,0.482],"ix":2},"a":{"a":0,"k":[0,0],"ix":1},"s":{"a":0,"k":[100,100],"ix":3},"r":{"a":0,"k":0,"ix":6},"o":{"a":0,"k":100,"ix":7},"sk":{"a":0,"k":0,"ix":4},"sa":{"a":0,"k":0,"ix":5},"nm":"Transform"}],"nm":"Group 5","np":2,"cix":2,"ix":3,"mn":"ADBE Vector Group","hd":false}],"ip":0,"op":2880,"st":0,"bm":0},{"ddd":0,"ind":2,"ty":4,"nm":"python 2","sr":1,"ks":{"o":{"a":1,"k":[{"i":{"x":[0.833],"y":[0.833]},"o":{"x":[0.167],"y":[0.167]},"n":["0p833_0p833_0p167_0p167"],"t":184,"s":[0],"e":[100]},{"i":{"x":[0.833],"y":[0.833]},"o":{"x":[0.167],"y":[0.167]},"n":["0p833_0p833_0p167_0p167"],"t":186,"s":[100],"e":[100]},{"i":{"x":[0.833],"y":[0.833]},"o":{"x":[0.167],"y":[0.167]},"n":["0p833_0p833_0p167_0p167"],"t":192,"s":[100],"e":[0]},{"t":194}],"ix":11},"r":{"a":0,"k":0,"ix":10},"p":{"a":0,"k":[228.385,261.25,0],"ix":2},"a":{"a":0,"k":[16.5,15,0],"ix":1},"s":{"a":0,"k":[215,215,100],"ix":6}},"ao":0,"shapes":[{"ty":"gr","it":[{"ind":0,"ty":"sh","ix":1,"ks":{"a":0,"k":{"i":[[-0.514,0],[0,-0.514],[0.514,0],[0,0.513]],"o":[[0.514,0],[0,0.513],[-0.514,0],[0,-0.514]],"v":[[0.133,3.094],[1.064,4.023],[0.133,4.954],[-0.798,4.023]],"c":true},"ix":2},"nm":"Path 1","mn":"ADBE Vector Shape - Group","hd":false},{"ind":1,"ty":"sh","ix":2,"ks":{"a":0,"k":{"i":[[-0.561,-0.97],[-0.758,-0.057],[-1.66,0.924],[0.041,0.822],[0,0],[0,0],[0,0],[0,1.68],[0.632,0.897],[1.072,0.028],[0.249,-0.866],[1.911,0.1],[1.01,-0.316],[0.093,-0.479]],"o":[[0.488,0.582],[1.87,0.343],[0.128,-0.814],[0,0],[0,0],[0,0],[1.73,0],[0.015,-1.098],[-0.631,-0.867],[-0.09,0.897],[-0.679,1.92],[-1.049,-0.145],[-0.402,0.278],[-0.55,1.67]],"v":[[-5.937,4.934],[-3.988,5.934],[1.473,5.034],[1.604,2.574],[-3.447,2.574],[-3.447,1.714],[4.053,1.714],[6.572,-1.786],[5.622,-4.857],[2.923,-6.277],[2.413,-3.626],[-2.137,-1.906],[-5.266,-1.646],[-6.038,-0.467]],"c":true},"ix":2},"nm":"Path 2","mn":"ADBE Vector Shape - Group","hd":false},{"ty":"fl","c":{"a":0,"k":[0.443137254902,0.376470588235,0.894117647059,1],"ix":4},"o":{"a":0,"k":100,"ix":5},"r":1,"nm":"Fill 1","mn":"ADBE Vector Graphic - Fill","hd":false},{"ty":"tr","p":{"a":0,"k":[17.827,17.137],"ix":2},"a":{"a":0,"k":[0,0],"ix":1},"s":{"a":0,"k":[100,100],"ix":3},"r":{"a":0,"k":0,"ix":6},"o":{"a":0,"k":100,"ix":7},"sk":{"a":0,"k":0,"ix":4},"sa":{"a":0,"k":0,"ix":5},"nm":"Transform"}],"nm":"Group 1","np":3,"cix":2,"ix":1,"mn":"ADBE Vector Group","hd":false},{"ty":"gr","it":[{"ind":0,"ty":"sh","ix":1,"ks":{"a":0,"k":{"i":[[0.513,0],[0,0.514],[-0.514,0],[0,0],[0,-0.513]],"o":[[-0.514,0],[0,-0.513],[0,0],[0.514,0],[-0.001,0.513]],"v":[[-0.133,-3.094],[-1.064,-4.023],[-0.134,-4.954],[-0.133,-4.954],[0.797,-4.023]],"c":true},"ix":2},"nm":"Path 1","mn":"ADBE Vector Shape - Group","hd":false},{"ind":1,"ty":"sh","ix":2,"ks":{"a":0,"k":{"i":[[0.56,0.97],[0.758,0.057],[1.661,-0.924],[-0.041,-0.822],[0,0],[0,0],[0,0],[0,-1.68],[-0.624,-0.894],[-1.072,-0.028],[-0.25,0.866],[-1.91,-0.1],[-1.012,0.315],[-0.093,0.479]],"o":[[-0.488,-0.583],[-1.869,-0.343],[-0.127,0.813],[0,0],[0,0],[0,0],[-1.73,0],[-0.014,1.09],[0.63,0.867],[0.09,-0.897],[0.68,-1.92],[1.05,0.144],[0.4,-0.278],[0.52,-1.61]],"v":[[5.957,-4.924],[4.007,-5.924],[-1.453,-5.023],[-1.583,-2.564],[3.467,-2.564],[3.467,-1.704],[-4.033,-1.704],[-6.553,1.796],[-5.613,4.846],[-2.913,6.266],[-2.403,3.617],[2.147,1.896],[5.277,1.637],[6.047,0.456]],"c":true},"ix":2},"nm":"Path 2","mn":"ADBE Vector Shape - Group","hd":false},{"ty":"fl","c":{"a":0,"k":[0.443137254902,0.376470588235,0.894117647059,1],"ix":4},"o":{"a":0,"k":100,"ix":5},"r":1,"nm":"Fill 1","mn":"ADBE Vector Graphic - Fill","hd":false},{"ty":"tr","p":{"a":0,"k":[13.373,12.384],"ix":2},"a":{"a":0,"k":[0,0],"ix":1},"s":{"a":0,"k":[100,100],"ix":3},"r":{"a":0,"k":0,"ix":6},"o":{"a":0,"k":100,"ix":7},"sk":{"a":0,"k":0,"ix":4},"sa":{"a":0,"k":0,"ix":5},"nm":"Transform"}],"nm":"Group 2","np":3,"cix":2,"ix":2,"mn":"ADBE Vector Group","hd":false}],"ip":0,"op":2880,"st":0,"bm":0},{"ddd":0,"ind":3,"ty":4,"nm":"sky blue css4","sr":1,"ks":{"o":{"a":1,"k":[{"i":{"x":[0.833],"y":[0.833]},"o":{"x":[0.167],"y":[0.167]},"n":["0p833_0p833_0p167_0p167"],"t":194,"s":[0],"e":[100]},{"i":{"x":[0.833],"y":[0.833]},"o":{"x":[0.167],"y":[0.167]},"n":["0p833_0p833_0p167_0p167"],"t":196,"s":[100],"e":[100]},{"i":{"x":[0.833],"y":[0.833]},"o":{"x":[0.167],"y":[0.167]},"n":["0p833_0p833_0p167_0p167"],"t":203,"s":[100],"e":[0]},{"t":205}],"ix":11},"r":{"a":0,"k":0,"ix":10},"p":{"a":0,"k":[227.723,260.583,0],"ix":2},"a":{"a":0,"k":[16,15.5,0],"ix":1},"s":{"a":0,"k":[215,215,100],"ix":6}},"ao":0,"shapes":[{"ty":"gr","it":[{"ind":0,"ty":"sh","ix":1,"ks":{"a":0,"k":{"i":[[0,0],[0,0],[0,0],[0,0],[0,0],[0,0],[0,0],[0,0],[0,0],[0,0],[0,0],[0,0],[0,0],[0,0],[0,0],[0,0]],"o":[[0,0],[0,0],[0,0],[0,0],[0,0],[0,0],[0,0],[0,0],[0,0],[0,0],[0,0],[0,0],[0,0],[0,0],[0,0],[0,0]],"v":[[-6.356,-4.803],[-6.615,-7.505],[6.615,-7.402],[5.341,5.958],[-0.082,7.505],[-5.54,6.012],[-5.787,1.781],[-3.227,1.801],[-2.963,3.883],[0.009,4.807],[2.926,3.928],[3.233,0.602],[-2.937,0.553],[-3.127,-2.148],[3.394,-2.098],[3.616,-4.865]],"c":true},"ix":2},"nm":"Path 1","mn":"ADBE Vector Shape - Group","hd":false},{"ty":"fl","c":{"a":0,"k":[0.322000002394,0.663000009574,1,1],"ix":4},"o":{"a":0,"k":100,"ix":5},"r":1,"nm":"Fill 1","mn":"ADBE Vector Graphic - Fill","hd":false},{"ty":"tr","p":{"a":0,"k":[15.347,15.79],"ix":2},"a":{"a":0,"k":[0,0],"ix":1},"s":{"a":0,"k":[100,100],"ix":3},"r":{"a":0,"k":0,"ix":6},"o":{"a":0,"k":100,"ix":7},"sk":{"a":0,"k":0,"ix":4},"sa":{"a":0,"k":0,"ix":5},"nm":"Transform"}],"nm":"Group 2","np":2,"cix":2,"ix":1,"mn":"ADBE Vector Group","hd":false}],"ip":0,"op":2880,"st":0,"bm":0},{"ddd":0,"ind":4,"ty":4,"nm":"purple android","sr":1,"ks":{"o":{"a":1,"k":[{"i":{"x":[0.833],"y":[0.833]},"o":{"x":[0.167],"y":[0.167]},"n":["0p833_0p833_0p167_0p167"],"t":205,"s":[0],"e":[100]},{"i":{"x":[0.833],"y":[0.833]},"o":{"x":[0.167],"y":[0.167]},"n":["0p833_0p833_0p167_0p167"],"t":207,"s":[100],"e":[100]},{"i":{"x":[0.833],"y":[0.833]},"o":{"x":[0.167],"y":[0.167]},"n":["0p833_0p833_0p167_0p167"],"t":214,"s":[100],"e":[0]},{"t":216}],"ix":11},"r":{"a":0,"k":0,"ix":10},"p":{"a":0,"k":[227.549,261.454,0],"ix":2},"a":{"a":0,"k":[16,15,0],"ix":1},"s":{"a":0,"k":[215,215,100],"ix":6}},"ao":0,"shapes":[{"ty":"gr","it":[{"ind":0,"ty":"sh","ix":1,"ks":{"a":0,"k":{"i":[[0.288,0],[0,0.288],[-0.287,0],[0,-0.288]],"o":[[-0.287,0],[0,-0.288],[0.287,0],[0,0.288]],"v":[[1.736,1.216],[1.215,0.695],[1.736,0.175],[2.258,0.695]],"c":true},"ix":2},"nm":"Path 1","mn":"ADBE Vector Shape - Group","hd":false},{"ind":1,"ty":"sh","ix":2,"ks":{"a":0,"k":{"i":[[0.287,0],[0,0.288],[-0.288,0],[0,-0.288]],"o":[[-0.288,0],[0,-0.288],[0.287,0],[0,0.288]],"v":[[-1.738,1.216],[-2.258,0.695],[-1.738,0.175],[-1.217,0.695]],"c":true},"ix":2},"nm":"Path 2","mn":"ADBE Vector Shape - Group","hd":false},{"ind":2,"ty":"sh","ix":3,"ks":{"a":0,"k":{"i":[[0.138,0.139],[0.14,-0.141],[0,0],[0,0],[0.69,0.001],[0.004,0],[0.003,0],[0.552,-0.278],[0,0],[0,0],[0.138,-0.141],[-0.139,-0.139],[0,0],[0.229,-0.271],[0.047,-0.917],[0.001,-0.009],[0,-0.064],[0,0],[0.003,0.063],[0.001,0.009],[0.548,0.649],[0.291,0.194],[0,0]],"o":[[-0.139,-0.141],[0,0],[0,0],[-0.553,-0.278],[-0.003,0],[-0.003,0],[-0.691,0.001],[0,0],[0,0],[-0.139,-0.141],[-0.139,0.139],[0,0],[-0.29,0.194],[-0.548,0.649],[0,0.009],[-0.003,0.063],[0,0],[0,-0.064],[0,-0.009],[-0.048,-0.917],[-0.229,-0.271],[0,0],[0.138,-0.139]],"v":[[3.333,-2.289],[2.846,-2.289],[1.915,-1.36],[1.872,-1.317],[0.01,-1.733],[-0.001,-1.734],[-0.01,-1.733],[-1.872,-1.317],[-1.915,-1.36],[-2.848,-2.289],[-3.333,-2.289],[-3.333,-1.805],[-2.432,-0.903],[-3.214,-0.2],[-4.161,2.213],[-4.163,2.241],[-4.167,2.43],[4.167,2.43],[4.161,2.241],[4.16,2.213],[3.214,-0.2],[2.43,-0.903],[3.333,-1.805]],"c":true},"ix":2},"nm":"Path 3","mn":"ADBE Vector Shape - Group","hd":false},{"ty":"fl","c":{"a":0,"k":[0.298039215686,0.839215686275,0.564705882353,1],"ix":4},"o":{"a":0,"k":100,"ix":5},"r":1,"nm":"Fill 1","mn":"ADBE Vector Graphic - Fill","hd":false},{"ty":"tr","p":{"a":0,"k":[15.512,9.08],"ix":2},"a":{"a":0,"k":[0,0],"ix":1},"s":{"a":0,"k":[100,100],"ix":3},"r":{"a":0,"k":0,"ix":6},"o":{"a":0,"k":100,"ix":7},"sk":{"a":0,"k":0,"ix":4},"sa":{"a":0,"k":0,"ix":5},"nm":"Transform"}],"nm":"Group 1","np":4,"cix":2,"ix":1,"mn":"ADBE Vector Group","hd":false},{"ty":"gr","it":[{"ind":0,"ty":"sh","ix":1,"ks":{"a":0,"k":{"i":[[-0.556,0],[0,0.557],[0,0],[0.557,0],[0,-0.553],[0,0]],"o":[[0.557,0],[0,0],[0,-0.553],[-0.556,0],[0,0],[0,0.557]],"v":[[-0.001,3.471],[1.04,2.43],[1.04,-2.431],[-0.001,-3.471],[-1.04,-2.431],[-1.04,2.43]],"c":true},"ix":2},"nm":"Path 1","mn":"ADBE Vector Shape - Group","hd":false},{"ty":"fl","c":{"a":0,"k":[0.298039215686,0.839215686275,0.564705882353,1],"ix":4},"o":{"a":0,"k":100,"ix":5},"r":1,"nm":"Fill 1","mn":"ADBE Vector Graphic - Fill","hd":false},{"ty":"tr","p":{"a":0,"k":[9.61,15.677],"ix":2},"a":{"a":0,"k":[0,0],"ix":1},"s":{"a":0,"k":[100,100],"ix":3},"r":{"a":0,"k":0,"ix":6},"o":{"a":0,"k":100,"ix":7},"sk":{"a":0,"k":0,"ix":4},"sa":{"a":0,"k":0,"ix":5},"nm":"Transform"}],"nm":"Group 2","np":2,"cix":2,"ix":2,"mn":"ADBE Vector Group","hd":false},{"ty":"gr","it":[{"ind":0,"ty":"sh","ix":1,"ks":{"a":0,"k":{"i":[[-0.556,0],[0,0.557],[0,0],[0.557,0],[0,-0.553],[0,0]],"o":[[0.557,0],[0,0],[0,-0.553],[-0.556,0],[0,0],[0,0.557]],"v":[[-0.001,3.471],[1.04,2.43],[1.04,-2.431],[-0.001,-3.471],[-1.04,-2.431],[-1.04,2.43]],"c":true},"ix":2},"nm":"Path 1","mn":"ADBE Vector Shape - Group","hd":false},{"ty":"fl","c":{"a":0,"k":[0.298039215686,0.839215686275,0.564705882353,1],"ix":4},"o":{"a":0,"k":100,"ix":5},"r":1,"nm":"Fill 1","mn":"ADBE Vector Graphic - Fill","hd":false},{"ty":"tr","p":{"a":0,"k":[21.415,15.677],"ix":2},"a":{"a":0,"k":[0,0],"ix":1},"s":{"a":0,"k":[100,100],"ix":3},"r":{"a":0,"k":0,"ix":6},"o":{"a":0,"k":100,"ix":7},"sk":{"a":0,"k":0,"ix":4},"sa":{"a":0,"k":0,"ix":5},"nm":"Transform"}],"nm":"Group 3","np":2,"cix":2,"ix":3,"mn":"ADBE Vector Group","hd":false},{"ty":"gr","it":[{"ind":0,"ty":"sh","ix":1,"ks":{"a":0,"k":{"i":[[-0.557,0],[0,0.556],[0,0],[0,0],[0,0.417],[0,0],[0,0],[0,0],[-0.416,0],[0,0],[0,0],[-0.555,0],[0,0.556],[0,0],[0,0],[0,0]],"o":[[0.556,0],[0,0],[0,0],[0.417,0],[0,0],[0,0],[0,0],[0,0.417],[0,0],[0,0],[0,0.556],[0.556,0],[0,0],[0,0],[0,0],[0,0.556]],"v":[[1.736,5.553],[2.777,4.514],[2.777,2.083],[3.471,2.083],[4.167,1.387],[4.167,-5.555],[-4.167,-5.555],[-4.167,1.387],[-3.473,2.083],[-2.777,2.083],[-2.777,4.514],[-1.736,5.555],[-0.695,4.514],[-0.695,2.083],[0.695,2.083],[0.695,4.514]],"c":true},"ix":2},"nm":"Path 1","mn":"ADBE Vector Shape - Group","hd":false},{"ty":"fl","c":{"a":0,"k":[0.298039215686,0.839215686275,0.564705882353,1],"ix":4},"o":{"a":0,"k":100,"ix":5},"r":1,"nm":"Fill 1","mn":"ADBE Vector Graphic - Fill","hd":false},{"ty":"tr","p":{"a":0,"k":[15.513,17.76],"ix":2},"a":{"a":0,"k":[0,0],"ix":1},"s":{"a":0,"k":[100,100],"ix":3},"r":{"a":0,"k":0,"ix":6},"o":{"a":0,"k":100,"ix":7},"sk":{"a":0,"k":0,"ix":4},"sa":{"a":0,"k":0,"ix":5},"nm":"Transform"}],"nm":"Group 4","np":2,"cix":2,"ix":4,"mn":"ADBE Vector Group","hd":false}],"ip":0,"op":2880,"st":0,"bm":0},{"ddd":0,"ind":5,"ty":4,"nm":"Hat","parent":10,"sr":1,"ks":{"o":{"a":1,"k":[{"i":{"x":[0],"y":[1]},"o":{"x":[0.333],"y":[0]},"n":["0_1_0p333_0"],"t":135,"s":[100],"e":[100]},{"i":{"x":[0.833],"y":[1]},"o":{"x":[0.333],"y":[0]},"n":["0p833_1_0p333_0"],"t":154,"s":[100],"e":[100]},{"i":{"x":[0.833],"y":[1]},"o":{"x":[0.167],"y":[0]},"n":["0p833_1_0p167_0"],"t":218,"s":[100],"e":[0]},{"t":223}],"ix":11},"r":{"a":0,"k":0,"ix":10},"p":{"a":1,"k":[{"i":{"x":0,"y":1},"o":{"x":0.333,"y":0},"n":"0_1_0p333_0","t":162,"s":[79.555,-59.124,0],"e":[79.555,-39.322,0],"to":[0,3.30032992362976,0],"ti":[0,-3.30032992362976,0]},{"t":174}],"ix":2},"a":{"a":0,"k":[65.311,0,0],"ix":1},"s":{"a":1,"k":[{"i":{"x":[0,0,0.667],"y":[1,1,1]},"o":{"x":[0.333,0.333,0.333],"y":[0,0,0]},"n":["0_1_0p333_0","0_1_0p333_0","0p667_1_0p333_0"],"t":144,"s":[0,0,100],"e":[99.01,99.01,100]},{"t":155}],"ix":6}},"ao":0,"shapes":[{"ty":"gr","it":[{"ind":0,"ty":"sh","ix":1,"ks":{"a":0,"k":{"i":[[-1.098,4.258],[-0.003,0.195],[-2.505,-0.545],[-0.108,-1.8],[-0.898,-5.436],[1.843,-2.585]],"o":[[0.227,-0.879],[0.031,-1.898],[2.327,0.505],[0.775,5.455],[0.476,2.877],[-1.312,1.839]],"v":[[-5.712,15.195],[-5.01,-14.768],[-1.363,-18.909],[1.311,-13.18],[3.993,3.131],[4.967,15.223]],"c":true},"ix":2},"nm":"Path 1","mn":"ADBE Vector Shape - Group","hd":false},{"ty":"fl","c":{"a":0,"k":[1,0.713999968884,0.33300000359,1],"ix":4},"o":{"a":0,"k":100,"ix":5},"r":1,"nm":"Fill 1","mn":"ADBE Vector Graphic - Fill","hd":false},{"ty":"tr","p":{"a":0,"k":[114.432,33.875],"ix":2},"a":{"a":0,"k":[-2.438,-18.586],"ix":1},"s":{"a":0,"k":[100,100],"ix":3},"r":{"a":1,"k":[{"i":{"x":[0.667],"y":[1]},"o":{"x":[0.333],"y":[0]},"n":["0p667_1_0p333_0"],"t":152,"s":[15],"e":[-4]},{"t":174}],"ix":6,"x":"var $bm_rt;\n$bm_rt = loopOut('pingpong');"},"o":{"a":0,"k":100,"ix":7},"sk":{"a":0,"k":0,"ix":4},"sa":{"a":0,"k":0,"ix":5},"nm":"Transform"}],"nm":"Group 1","np":2,"cix":2,"ix":1,"mn":"ADBE Vector Group","hd":false},{"ty":"gr","it":[{"ind":0,"ty":"sh","ix":1,"ks":{"a":0,"k":{"i":[[0,0],[-33.327,-17.608],[0.214,8.908],[6.195,1.45],[28.841,-7.873],[0,-5.178]],"o":[[0,0],[0,0],[0,0],[0,0],[0,0],[0,0]],"v":[[-36.618,16.412],[35.577,19.44],[35.124,-4.472],[30.424,-9.858],[-31.085,-11.567],[-35.357,-6.389]],"c":true},"ix":2},"nm":"Path 1","mn":"ADBE Vector Shape - Group","hd":false},{"ty":"fl","c":{"a":0,"k":[0.404000016755,0.455000005984,0.620000023935,1],"ix":4},"o":{"a":0,"k":100,"ix":5},"r":1,"nm":"Fill 1","mn":"ADBE Vector Graphic - Fill","hd":false},{"ty":"tr","p":{"a":0,"k":[62.953,55.95],"ix":2},"a":{"a":0,"k":[0,0],"ix":1},"s":{"a":0,"k":[100,100],"ix":3},"r":{"a":0,"k":0,"ix":6},"o":{"a":0,"k":100,"ix":7},"sk":{"a":0,"k":0,"ix":4},"sa":{"a":0,"k":0,"ix":5},"nm":"Transform"}],"nm":"Group 2","np":2,"cix":2,"ix":2,"mn":"ADBE Vector Group","hd":false},{"ty":"gr","it":[{"ind":0,"ty":"sh","ix":1,"ks":{"a":0,"k":{"i":[[0,0],[0,0],[0,0],[0,0],[0,0]],"o":[[0,0],[0,0],[0,0],[0,0],[0,0]],"v":[[1.973,-25.88],[-65.311,4.01],[-35.427,20.048],[30.918,25.88],[65.311,7.29]],"c":true},"ix":2},"nm":"Path 1","mn":"ADBE Vector Shape - Group","hd":false},{"ty":"fl","c":{"a":0,"k":[0.289999988032,0.322000002394,0.486000001197,1],"ix":4},"o":{"a":0,"k":100,"ix":5},"r":1,"nm":"Fill 1","mn":"ADBE Vector Graphic - Fill","hd":false},{"ty":"tr","p":{"a":0,"k":[65.311,25.879],"ix":2},"a":{"a":0,"k":[0,0],"ix":1},"s":{"a":0,"k":[100,100],"ix":3},"r":{"a":0,"k":0,"ix":6},"o":{"a":0,"k":100,"ix":7},"sk":{"a":0,"k":0,"ix":4},"sa":{"a":0,"k":0,"ix":5},"nm":"Transform"}],"nm":"Group 3","np":2,"cix":2,"ix":3,"mn":"ADBE Vector Group","hd":false}],"ip":11,"op":2891,"st":11,"bm":0},{"ddd":0,"ind":6,"ty":4,"nm":"L fist","parent":8,"sr":1,"ks":{"o":{"a":0,"k":100,"ix":11},"r":{"a":0,"k":0,"ix":10},"p":{"a":1,"k":[{"i":{"x":0.833,"y":0.833},"o":{"x":0.167,"y":0.167},"n":"0p833_0p833_0p167_0p167","t":216,"s":[187.184,73.03,0],"e":[187.184,78.641,0],"to":[0,0.9351851940155,0],"ti":[0,0,0]},{"i":{"x":0.833,"y":0.833},"o":{"x":0.167,"y":0.167},"n":"0p833_0p833_0p167_0p167","t":224,"s":[187.184,78.641,0],"e":[187.184,73.03,0],"to":[0,0,0],"ti":[0,0.9351851940155,0]},{"t":228}],"ix":2},"a":{"a":0,"k":[14.934,15.905,0],"ix":1},"s":{"a":0,"k":[100,100,100],"ix":6}},"ao":0,"shapes":[{"ty":"gr","it":[{"ind":0,"ty":"sh","ix":1,"ks":{"a":0,"k":{"i":[[-1.647,6.589],[0,0],[7.577,-1.648],[0,-6.919],[-3.954,-3.953]],"o":[[0,0],[0,0],[0,0],[0,0],[0,0]],"v":[[7.138,13.284],[7.467,-8.131],[-0.11,-15.708],[-7.357,-5.824],[-4.392,11.966]],"c":true},"ix":2},"nm":"Path 1","mn":"ADBE Vector Shape - Group","hd":false},{"ty":"fl","c":{"a":0,"k":[1,0.816000007181,0.611999990426,1],"ix":4},"o":{"a":0,"k":100,"ix":5},"r":1,"nm":"Fill 1","mn":"ADBE Vector Graphic - Fill","hd":false},{"ty":"tr","p":{"a":0,"k":[7.467,15.905],"ix":2},"a":{"a":0,"k":[0,0],"ix":1},"s":{"a":0,"k":[100,100],"ix":3},"r":{"a":0,"k":0,"ix":6},"o":{"a":0,"k":100,"ix":7},"sk":{"a":0,"k":0,"ix":4},"sa":{"a":0,"k":0,"ix":5},"nm":"Transform"}],"nm":"Group 1","np":2,"cix":2,"ix":1,"mn":"ADBE Vector Group","hd":false}],"ip":0,"op":2880,"st":0,"bm":0},{"ddd":0,"ind":7,"ty":4,"nm":"R fist","parent":8,"sr":1,"ks":{"o":{"a":0,"k":100,"ix":11},"r":{"a":0,"k":0,"ix":10},"p":{"a":1,"k":[{"i":{"x":0.833,"y":0.833},"o":{"x":0.167,"y":0.167},"n":"0p833_0p833_0p167_0p167","t":216,"s":[-3,72.844,0],"e":[29.014,119.809,0],"to":[5.335768699646,7.82759094238281,0],"ti":[-5.335768699646,-7.82759094238281,0]},{"t":224}],"ix":2},"a":{"a":0,"k":[0,16.219,0],"ix":1},"s":{"a":0,"k":[100,100,100],"ix":6}},"ao":0,"shapes":[{"ty":"gr","it":[{"ind":0,"ty":"sh","ix":1,"ks":{"a":1,"k":[{"i":{"x":0.833,"y":0.833},"o":{"x":0.167,"y":0.167},"n":"0p833_0p833_0p167_0p167","t":216,"s":[{"i":[[0,2.388],[0,0],[0,0],[0,0],[0,0],[0,0],[-0.108,0.566],[-0.432,0.7],[-0.973,0.401],[-1.73,-0.329],[-1.289,-2.729],[-0.194,-3.566],[0.903,-2.967],[2.003,-0.93],[0.865,-0.252],[1.153,0.062],[0.865,0.942]],"o":[[0,0],[0,0],[0,0],[0,0],[0,0],[0,0],[0.108,-0.566],[0.432,-0.7],[0.973,-0.401],[2.381,0.453],[1.289,2.729],[0.194,3.566],[-0.903,2.967],[0,0],[-0.865,0.252],[-1.153,-0.062],[-0.865,-0.942]],"v":[[-7.349,9.991],[-7.349,7.798],[-7.349,4.846],[-7.349,0.714],[-7.349,-5.19],[-7.349,-11.094],[-7.241,-12.051],[-6.484,-14.059],[-4.43,-15.819],[-0.431,-16.035],[5.074,-10.903],[7.298,-1.101],[6.234,9.058],[1.876,15.262],[0.435,15.782],[-2.736,16.209],[-5.908,14.845]],"c":true}],"e":[{"i":[[0,2.388],[0,0],[0,0],[0,0],[0,0],[0,0],[-0.108,0.566],[-0.432,0.7],[-0.973,0.401],[-1.73,-0.329],[-1.289,-2.729],[-0.194,-3.566],[0.903,-2.967],[2.003,-0.93],[0.865,-0.252],[1.153,0.062],[0.865,0.942]],"o":[[0,0],[0,0],[0,0],[0,0],[0,0],[0,0],[0.108,-0.566],[0.432,-0.7],[0.973,-0.401],[2.381,0.453],[1.289,2.729],[0.194,3.566],[-0.903,2.967],[0,0],[-0.865,0.252],[-1.153,-0.062],[-0.865,-0.942]],"v":[[-7.349,9.991],[-7.349,7.798],[-7.349,4.846],[-7.349,0.714],[-7.349,-5.19],[-7.349,-11.094],[-7.241,-12.051],[-6.484,-14.059],[-4.43,-15.819],[-0.431,-16.035],[5.074,-10.903],[7.298,-1.101],[6.234,9.058],[1.876,15.262],[0.435,15.782],[-2.736,16.209],[-5.908,14.845]],"c":true}]},{"i":{"x":0.833,"y":0.833},"o":{"x":0.167,"y":0.167},"n":"0p833_0p833_0p167_0p167","t":217,"s":[{"i":[[0,2.388],[0,0],[0,0],[0,0],[0,0],[0,0],[-0.108,0.566],[-0.432,0.7],[-0.973,0.401],[-1.73,-0.329],[-1.289,-2.729],[-0.194,-3.566],[0.903,-2.967],[2.003,-0.93],[0.865,-0.252],[1.153,0.062],[0.865,0.942]],"o":[[0,0],[0,0],[0,0],[0,0],[0,0],[0,0],[0.108,-0.566],[0.432,-0.7],[0.973,-0.401],[2.381,0.453],[1.289,2.729],[0.194,3.566],[-0.903,2.967],[0,0],[-0.865,0.252],[-1.153,-0.062],[-0.865,-0.942]],"v":[[-7.349,9.991],[-7.349,7.798],[-7.349,4.846],[-7.349,0.714],[-7.349,-5.19],[-7.349,-11.094],[-7.241,-12.051],[-6.484,-14.059],[-4.43,-15.819],[-0.431,-16.035],[5.074,-10.903],[7.298,-1.101],[6.234,9.058],[1.876,15.262],[0.435,15.782],[-2.736,16.209],[-5.908,14.845]],"c":true}],"e":[{"i":[[0,2.388],[0,0],[0,0],[0,0],[0,0],[0,0],[-0.108,0.566],[-0.432,0.7],[-0.973,0.401],[-1.73,-0.329],[-1.289,-2.729],[-0.194,-3.566],[0.903,-2.967],[2.003,-0.93],[0.865,-0.252],[1.153,0.062],[0.865,0.942]],"o":[[0,0],[0,0],[0,0],[0,0],[0,0],[0,0],[0.108,-0.566],[0.432,-0.7],[0.973,-0.401],[2.381,0.453],[1.289,2.729],[0.194,3.566],[-0.903,2.967],[0,0],[-0.865,0.252],[-1.153,-0.062],[-0.865,-0.942]],"v":[[-7.349,9.991],[-7.349,7.798],[-7.349,4.846],[-7.349,0.714],[-7.349,-5.19],[-7.349,-11.094],[-7.241,-12.051],[-6.484,-14.059],[-4.43,-15.819],[-0.431,-16.035],[5.074,-10.903],[7.298,-1.101],[6.234,9.058],[1.876,15.262],[0.435,15.782],[-2.736,16.209],[-5.908,14.845]],"c":true}]},{"i":{"x":0.833,"y":0.833},"o":{"x":0.167,"y":0.167},"n":"0p833_0p833_0p167_0p167","t":219,"s":[{"i":[[0,2.388],[0,0],[0,0],[0,0],[0,0],[0,0],[-0.108,0.566],[-0.432,0.7],[-0.973,0.401],[-1.73,-0.329],[-1.289,-2.729],[-0.194,-3.566],[0.903,-2.967],[2.003,-0.93],[0.865,-0.252],[1.153,0.062],[0.865,0.942]],"o":[[0,0],[0,0],[0,0],[0,0],[0,0],[0,0],[0.108,-0.566],[0.432,-0.7],[0.973,-0.401],[2.381,0.453],[1.289,2.729],[0.194,3.566],[-0.903,2.967],[0,0],[-0.865,0.252],[-1.153,-0.062],[-0.865,-0.942]],"v":[[-7.349,9.991],[-7.349,7.798],[-7.349,4.846],[-7.349,0.714],[-7.349,-5.19],[-7.349,-11.094],[-7.241,-12.051],[-6.484,-14.059],[-4.43,-15.819],[-0.431,-16.035],[5.074,-10.903],[7.298,-1.101],[6.234,9.058],[1.876,15.262],[0.435,15.782],[-2.736,16.209],[-5.908,14.845]],"c":true}],"e":[{"i":[[0,2.388],[0,0],[0,0],[0,0],[0,0],[0,0],[-0.436,0.339],[-0.87,0.397],[-1.301,0.174],[-1.73,-0.329],[-1.087,-2.905],[0.075,-3.802],[1.105,-3.143],[2.003,-0.93],[1.218,0.53],[1.624,1.104],[1.218,1.724]],"o":[[0,0],[0,0],[0,0],[0,0],[0,0],[0,0],[0.436,-0.339],[0.87,-0.397],[1.301,-0.174],[2.381,0.453],[1.087,2.905],[-0.075,3.802],[-1.105,3.143],[0,0],[-1.218,-0.53],[-1.624,-1.104],[-1.218,-1.724]],"v":[[-14.344,-3.191],[-14.092,-4.964],[-13.753,-7.351],[-13.279,-10.693],[-12.601,-15.467],[-11.923,-20.241],[-11.268,-20.82],[-9.309,-21.995],[-6.053,-22.923],[-1.507,-22.761],[3.661,-17.335],[5.146,-6.886],[3.343,3.921],[-1.352,10.419],[-3.382,9.636],[-7.848,7.196],[-12.314,2.966]],"c":true}]},{"i":{"x":0.833,"y":0.833},"o":{"x":0.167,"y":0.167},"n":"0p833_0p833_0p167_0p167","t":221,"s":[{"i":[[0,2.388],[0,0],[0,0],[0,0],[0,0],[0,0],[-0.436,0.339],[-0.87,0.397],[-1.301,0.174],[-1.73,-0.329],[-1.087,-2.905],[0.075,-3.802],[1.105,-3.143],[2.003,-0.93],[1.218,0.53],[1.624,1.104],[1.218,1.724]],"o":[[0,0],[0,0],[0,0],[0,0],[0,0],[0,0],[0.436,-0.339],[0.87,-0.397],[1.301,-0.174],[2.381,0.453],[1.087,2.905],[-0.075,3.802],[-1.105,3.143],[0,0],[-1.218,-0.53],[-1.624,-1.104],[-1.218,-1.724]],"v":[[-14.344,-3.191],[-14.092,-4.964],[-13.753,-7.351],[-13.279,-10.693],[-12.601,-15.467],[-11.923,-20.241],[-11.268,-20.82],[-9.309,-21.995],[-6.053,-22.923],[-1.507,-22.761],[3.661,-17.335],[5.146,-6.886],[3.343,3.921],[-1.352,10.419],[-3.382,9.636],[-7.848,7.196],[-12.314,2.966]],"c":true}],"e":[{"i":[[-0.001,1.119],[0,0],[-0.13,-0.602],[-0.071,-0.146],[-3.806,-4.384],[-0.567,0.065],[-0.218,0.17],[0.686,1.077],[-0.375,-0.611],[1.509,9.724],[0.676,0.639],[1.901,1.592],[1.07,1.414],[1.175,0.892],[1.431,-0.366],[0.929,0.638],[0.662,-0.822]],"o":[[0.01,2.311],[-0.128,1.357],[0.035,0.159],[1.238,2.525],[0.374,0.431],[5.697,-0.65],[1.646,-2.157],[-0.291,-0.456],[1.103,1.799],[-0.244,-1.575],[-1.554,-1.469],[-1.086,-1.395],[-1.778,-2.476],[0,0],[-0.751,-0.296],[-0.812,-0.552],[-1.083,1.344]],"v":[[-10.271,-10.785],[-10.29,-6.679],[-10.254,-3.57],[-9.661,-2.144],[-4.746,7.239],[-0.107,9.082],[5.364,6.332],[6.654,1.49],[6.57,0.303],[11.461,-0.786],[8.217,-7.139],[5.248,-9.575],[2.813,-11.759],[-0.418,-15.544],[-3.661,-15.606],[-7.123,-15.548],[-9.414,-15.51]],"c":true}]},{"i":{"x":0.833,"y":0.833},"o":{"x":0.167,"y":0.167},"n":"0p833_0p833_0p167_0p167","t":222,"s":[{"i":[[-0.001,1.119],[0,0],[-0.13,-0.602],[-0.071,-0.146],[-3.806,-4.384],[-0.567,0.065],[-0.218,0.17],[0.686,1.077],[-0.375,-0.611],[1.509,9.724],[0.676,0.639],[1.901,1.592],[1.07,1.414],[1.175,0.892],[1.431,-0.366],[0.929,0.638],[0.662,-0.822]],"o":[[0.01,2.311],[-0.128,1.357],[0.035,0.159],[1.238,2.525],[0.374,0.431],[5.697,-0.65],[1.646,-2.157],[-0.291,-0.456],[1.103,1.799],[-0.244,-1.575],[-1.554,-1.469],[-1.086,-1.395],[-1.778,-2.476],[0,0],[-0.751,-0.296],[-0.812,-0.552],[-1.083,1.344]],"v":[[-10.271,-10.785],[-10.29,-6.679],[-10.254,-3.57],[-9.661,-2.144],[-4.746,7.239],[-0.107,9.082],[5.364,6.332],[6.654,1.49],[6.57,0.303],[11.461,-0.786],[8.217,-7.139],[5.248,-9.575],[2.813,-11.759],[-0.418,-15.544],[-3.661,-15.606],[-7.123,-15.548],[-9.414,-15.51]],"c":true}],"e":[{"i":[[-0.001,-0.15],[0,0],[-0.26,-1.205],[-0.142,-0.292],[-2.521,-1.557],[-1.134,0.13],[0,0],[-0.554,0.303],[-0.124,-0.014],[0,0],[0.403,1.175],[0,0],[0,0],[0,0],[6.627,1.451],[0.235,0.171],[0,0]],"o":[[0.02,4.622],[-0.257,2.714],[0.069,0.317],[2.476,5.049],[0.971,0.601],[11.395,-1.299],[-1.187,-3.825],[0.111,-0.059],[0,0],[0.756,0.117],[0,0],[-3.449,-5.141],[-3.009,-0.232],[0,0],[-0.284,-0.062],[0,0],[0,0]],"v":[[-7.309,-13.933],[-7.094,-2.616],[-6.492,4.482],[-5.077,7.289],[4.286,16.146],[7.54,16.869],[13.937,5.834],[13.342,1.515],[13.7,1.446],[17.204,3.96],[17.775,1.112],[14.521,-6.15],[6.592,-10.07],[4.962,-16.218],[-5.607,-13.476],[-6.398,-13.838],[-7.348,-14.532]],"c":true}]},{"t":224}],"ix":2},"nm":"Path 1","mn":"ADBE Vector Shape - Group","hd":false},{"ty":"fl","c":{"a":0,"k":[1,0.816000007181,0.611999990426,1],"ix":4},"o":{"a":0,"k":100,"ix":5},"r":1,"nm":"Fill 1","mn":"ADBE Vector Graphic - Fill","hd":false},{"ty":"tr","p":{"a":0,"k":[7.349,16.218],"ix":2},"a":{"a":0,"k":[0,0],"ix":1},"s":{"a":0,"k":[100,100],"ix":3},"r":{"a":0,"k":0,"ix":6},"o":{"a":0,"k":100,"ix":7},"sk":{"a":0,"k":0,"ix":4},"sa":{"a":0,"k":0,"ix":5},"nm":"Transform"}],"nm":"Group 1","np":2,"cix":2,"ix":1,"mn":"ADBE Vector Group","hd":false}],"ip":0,"op":2880,"st":0,"bm":0},{"ddd":0,"ind":8,"ty":4,"nm":"Cert","parent":10,"sr":1,"ks":{"o":{"a":1,"k":[{"i":{"x":[0.833],"y":[0.833]},"o":{"x":[0.167],"y":[0.167]},"n":["0p833_0p833_0p167_0p167"],"t":216,"s":[100],"e":[0]},{"t":224}],"ix":11},"r":{"a":0,"k":0,"ix":10},"p":{"a":1,"k":[{"i":{"x":0.011,"y":1},"o":{"x":0.333,"y":0},"n":"0p011_1_0p333_0","t":129,"s":[77.02,245.579,0],"e":[77.02,230.975,0],"to":[0,-2.43399333953857,0],"ti":[0,2.43399333953857,0]},{"t":144}],"ix":2},"a":{"a":0,"k":[92.5,71.5,0],"ix":1},"s":{"a":0,"k":[99.01,99.01,100],"ix":6}},"ao":0,"shapes":[{"ty":"gr","it":[{"ind":0,"ty":"sh","ix":1,"ks":{"a":0,"k":{"i":[[-0.001,-0.007],[-1.161,-0.53],[-2.923,-0.37],[-3.446,1.73],[-0.185,0.098],[5.051,8.001],[-1.658,-1.335],[-1.733,-1.267],[-1.827,-1.137],[3.291,4.835],[-7.149,-4.924],[-0.255,0.828],[1.032,3.398],[1.422,2.239],[-0.045,-0.033],[-2.264,-5.231],[0.098,-3.17],[0.488,-1.427],[-0.222,-0.235],[-0.02,-2.845],[0.078,-0.833],[0.095,0.083],[1.367,0.646],[1.205,-0.369],[0.297,-0.268],[2.234,-0.432],[4.147,1.797],[2.512,1.972],[1.459,2.042],[0.067,0.102]],"o":[[1.126,0.563],[2.676,1.223],[3.778,0.478],[0.118,-0.06],[-7.163,-6.121],[1.642,1.354],[1.673,1.347],[1.729,1.262],[-4.028,-4.289],[6.529,5.497],[0.347,-0.899],[1.06,-3.451],[-0.75,-2.47],[0.116,0.051],[4.543,3.375],[1.253,2.895],[-0.046,1.503],[-0.107,0.313],[1.958,2.081],[0.005,0.734],[-0.184,-0.15],[-1.128,-0.998],[-1.097,-0.519],[-0.391,0.12],[-1.721,1.553],[-4.482,0.868],[-2.952,-1.278],[-1.963,-1.542],[-0.071,-0.099],[-0.013,-0.017]],"v":[[-20.618,5.622],[-17.206,7.323],[-8.812,9.767],[2.062,8.098],[2.481,7.877],[-16.382,-12.777],[-11.452,-8.717],[-6.378,-4.747],[-1.017,-1.193],[-11.71,-15.087],[8.429,0.911],[9.395,-1.611],[9.126,-11.885],[5.815,-18.885],[6.035,-18.788],[16.44,-6.035],[18.275,3.051],[17.505,7.458],[17.678,8.197],[20.617,15.614],[20.411,17.916],[20.03,17.605],[16.34,15.06],[12.893,14.622],[11.789,15.187],[5.787,18.018],[-7.129,16.357],[-15.181,11.253],[-20.402,5.961],[-20.609,5.661]],"c":true},"ix":2},"nm":"Path 1","mn":"ADBE Vector Shape - Group","hd":false},{"ty":"fl","c":{"a":0,"k":[1,0.713999968884,0.33300000359,1],"ix":4},"o":{"a":0,"k":100,"ix":5},"r":1,"nm":"Fill 1","mn":"ADBE Vector Graphic - Fill","hd":false},{"ty":"tr","p":{"a":0,"k":[137.422,34.979],"ix":2},"a":{"a":0,"k":[0,0],"ix":1},"s":{"a":0,"k":[100,100],"ix":3},"r":{"a":0,"k":0,"ix":6},"o":{"a":1,"k":[{"i":{"x":[0.833],"y":[0.833]},"o":{"x":[0.167],"y":[0.167]},"n":["0p833_0p833_0p167_0p167"],"t":174,"s":[0],"e":[100]},{"i":{"x":[0.833],"y":[0.833]},"o":{"x":[0.167],"y":[0.167]},"n":["0p833_0p833_0p167_0p167"],"t":176,"s":[100],"e":[100]},{"i":{"x":[0.833],"y":[0.833]},"o":{"x":[0.167],"y":[0.167]},"n":["0p833_0p833_0p167_0p167"],"t":182,"s":[100],"e":[0]},{"t":184}],"ix":7},"sk":{"a":0,"k":0,"ix":4},"sa":{"a":0,"k":0,"ix":5},"nm":"Transform"}],"nm":"Group 1","np":2,"cix":2,"ix":1,"mn":"ADBE Vector Group","hd":false},{"ty":"gr","it":[{"ind":0,"ty":"sh","ix":1,"ks":{"a":0,"k":{"i":[[0.351,0],[0,0],[0,0.352],[0,0],[-0.351,0],[0,0],[0,-0.352],[0,0]],"o":[[0,0],[-0.351,0],[0,0],[0,-0.352],[0,0],[0.351,0],[0,0],[0,0.352]],"v":[[22.656,2.796],[-22.656,2.796],[-23.294,2.156],[-23.294,-2.157],[-22.656,-2.796],[22.656,-2.796],[23.295,-2.157],[23.295,2.156]],"c":true},"ix":2},"nm":"Path 1","mn":"ADBE Vector Shape - Group","hd":false},{"ty":"fl","c":{"a":0,"k":[0.913999968884,0.929000016755,0.952999997606,1],"ix":4},"o":{"a":0,"k":100,"ix":5},"r":1,"nm":"Fill 1","mn":"ADBE Vector Graphic - Fill","hd":false},{"ty":"tr","p":{"a":0,"k":[17.882,65.942],"ix":2},"a":{"a":0,"k":[-23.252,-0.105],"ix":1},"s":{"a":0,"k":[128.311,100],"ix":3},"r":{"a":0,"k":0,"ix":6},"o":{"a":0,"k":100,"ix":7},"sk":{"a":0,"k":0,"ix":4},"sa":{"a":0,"k":0,"ix":5},"nm":"Transform"}],"nm":"Group 12","np":2,"cix":2,"ix":2,"mn":"ADBE Vector Group","hd":false},{"ty":"gr","it":[{"ind":0,"ty":"sh","ix":1,"ks":{"a":0,"k":{"i":[[0.351,0],[0,0],[0,0.352],[0,0],[-0.351,0],[0,0],[0,-0.352],[0,0]],"o":[[0,0],[-0.351,0],[0,0],[0,-0.352],[0,0],[0.351,0],[0,0],[0,0.352]],"v":[[22.656,2.796],[-22.656,2.796],[-23.294,2.156],[-23.294,-2.157],[-22.656,-2.796],[22.656,-2.796],[23.295,-2.157],[23.295,2.156]],"c":true},"ix":2},"nm":"Path 1","mn":"ADBE Vector Shape - Group","hd":false},{"ty":"fl","c":{"a":0,"k":[0.913999968884,0.929000016755,0.952999997606,1],"ix":4},"o":{"a":0,"k":100,"ix":5},"r":1,"nm":"Fill 1","mn":"ADBE Vector Graphic - Fill","hd":false},{"ty":"tr","p":{"a":0,"k":[17.882,54.556],"ix":2},"a":{"a":0,"k":[-23.252,-0.105],"ix":1},"s":{"a":0,"k":[144.564,100],"ix":3},"r":{"a":0,"k":0,"ix":6},"o":{"a":0,"k":100,"ix":7},"sk":{"a":0,"k":0,"ix":4},"sa":{"a":0,"k":0,"ix":5},"nm":"Transform"}],"nm":"Group 11","np":2,"cix":2,"ix":3,"mn":"ADBE Vector Group","hd":false},{"ty":"gr","it":[{"ind":0,"ty":"sh","ix":1,"ks":{"a":0,"k":{"i":[[0.351,0],[0,0],[0,0.352],[0,0],[-0.351,0],[0,0],[0,-0.352],[0,0]],"o":[[0,0],[-0.351,0],[0,0],[0,-0.352],[0,0],[0.351,0],[0,0],[0,0.352]],"v":[[22.656,2.796],[-22.656,2.796],[-23.294,2.156],[-23.294,-2.157],[-22.656,-2.796],[22.656,-2.796],[23.295,-2.157],[23.295,2.156]],"c":true},"ix":2},"nm":"Path 1","mn":"ADBE Vector Shape - Group","hd":false},{"ty":"fl","c":{"a":0,"k":[0.913999968884,0.929000016755,0.952999997606,1],"ix":4},"o":{"a":0,"k":100,"ix":5},"r":1,"nm":"Fill 1","mn":"ADBE Vector Graphic - Fill","hd":false},{"ty":"tr","p":{"a":0,"k":[17.786,43.96],"ix":2},"a":{"a":0,"k":[-23.252,-0.105],"ix":1},"s":{"a":0,"k":[108.296,100],"ix":3},"r":{"a":0,"k":0,"ix":6},"o":{"a":0,"k":100,"ix":7},"sk":{"a":0,"k":0,"ix":4},"sa":{"a":0,"k":0,"ix":5},"nm":"Transform"}],"nm":"Group 10","np":2,"cix":2,"ix":4,"mn":"ADBE Vector Group","hd":false},{"ty":"gr","it":[{"ind":0,"ty":"sh","ix":1,"ks":{"a":0,"k":{"i":[[0.351,0],[0,0],[0,0.352],[0,0],[-0.351,0],[0,0],[0,-0.352],[0,0]],"o":[[0,0],[-0.351,0],[0,0],[0,-0.352],[0,0],[0.351,0],[0,0],[0,0.352]],"v":[[22.656,2.796],[-22.656,2.796],[-23.294,2.156],[-23.294,-2.157],[-22.656,-2.796],[22.656,-2.796],[23.295,-2.157],[23.295,2.156]],"c":true},"ix":2},"nm":"Path 1","mn":"ADBE Vector Shape - Group","hd":false},{"ty":"fl","c":{"a":0,"k":[0.913999968884,0.929000016755,0.952999997606,1],"ix":4},"o":{"a":0,"k":100,"ix":5},"r":1,"nm":"Fill 1","mn":"ADBE Vector Graphic - Fill","hd":false},{"ty":"tr","p":{"a":0,"k":[17.786,34.181],"ix":2},"a":{"a":0,"k":[-23.252,-0.105],"ix":1},"s":{"a":0,"k":[117.369,100],"ix":3},"r":{"a":0,"k":0,"ix":6},"o":{"a":0,"k":100,"ix":7},"sk":{"a":0,"k":0,"ix":4},"sa":{"a":0,"k":0,"ix":5},"nm":"Transform"}],"nm":"Group 9","np":2,"cix":2,"ix":5,"mn":"ADBE Vector Group","hd":false},{"ty":"gr","it":[{"ind":0,"ty":"sh","ix":1,"ks":{"a":0,"k":{"i":[[0.351,0],[0,0],[0,0.352],[0,0],[-0.351,0],[0,0],[0,-0.352],[0,0]],"o":[[0,0],[-0.351,0],[0,0],[0,-0.352],[0,0],[0.351,0],[0,0],[0,0.352]],"v":[[22.656,2.796],[-22.656,2.796],[-23.294,2.156],[-23.294,-2.157],[-22.656,-2.796],[22.656,-2.796],[23.295,-2.157],[23.295,2.156]],"c":true},"ix":2},"nm":"Path 1","mn":"ADBE Vector Shape - Group","hd":false},{"ty":"fl","c":{"a":0,"k":[0.913999968884,0.929000016755,0.952999997606,1],"ix":4},"o":{"a":0,"k":100,"ix":5},"r":1,"nm":"Fill 1","mn":"ADBE Vector Graphic - Fill","hd":false},{"ty":"tr","p":{"a":0,"k":[17.786,24.956],"ix":2},"a":{"a":0,"k":[-23.252,-0.105],"ix":1},"s":{"a":0,"k":[91.186,100],"ix":3},"r":{"a":0,"k":0,"ix":6},"o":{"a":0,"k":100,"ix":7},"sk":{"a":0,"k":0,"ix":4},"sa":{"a":0,"k":0,"ix":5},"nm":"Transform"}],"nm":"Group 8","np":2,"cix":2,"ix":6,"mn":"ADBE Vector Group","hd":false},{"ty":"gr","it":[{"ind":0,"ty":"sh","ix":1,"ks":{"a":0,"k":{"i":[[0.351,0],[0,0],[0,0.352],[0,0],[-0.351,0],[0,0],[0,-0.352],[0,0]],"o":[[0,0],[-0.351,0],[0,0],[0,-0.352],[0,0],[0.351,0],[0,0],[0,0.352]],"v":[[22.656,2.796],[-22.656,2.796],[-23.294,2.156],[-23.294,-2.157],[-22.656,-2.796],[22.656,-2.796],[23.295,-2.157],[23.295,2.156]],"c":true},"ix":2},"nm":"Path 1","mn":"ADBE Vector Shape - Group","hd":false},{"ty":"fl","c":{"a":0,"k":[0.913999968884,0.929000016755,0.952999997606,1],"ix":4},"o":{"a":0,"k":100,"ix":5},"r":1,"nm":"Fill 1","mn":"ADBE Vector Graphic - Fill","hd":false},{"ty":"tr","p":{"a":0,"k":[41.038,114.17],"ix":2},"a":{"a":0,"k":[0,0],"ix":1},"s":{"a":0,"k":[100,100],"ix":3},"r":{"a":0,"k":0,"ix":6},"o":{"a":0,"k":100,"ix":7},"sk":{"a":0,"k":0,"ix":4},"sa":{"a":0,"k":0,"ix":5},"nm":"Transform"}],"nm":"Group 2","np":2,"cix":2,"ix":7,"mn":"ADBE Vector Group","hd":false},{"ty":"gr","it":[{"ind":0,"ty":"sh","ix":1,"ks":{"a":0,"k":{"i":[[0,0],[0.12,0.958],[0.772,-1.033],[0.852,-1.915],[0.024,-0.267],[-0.288,0.314],[-0.574,0.64],[-1.209,1.569],[-0.199,0.646],[0.736,-1.167],[0.496,-0.787],[0,0],[0.101,-0.197],[-0.234,0.155],[-0.064,0.091],[-0.21,-0.372],[-0.189,-0.196],[-0.272,0.14],[-0.185,0.114],[-0.02,0],[0.023,-0.057],[0.036,-0.175],[-0.015,-0.028],[-0.068,0.035],[-0.192,-0.071],[-0.029,-0.029],[-0.408,0.374],[-0.315,0.371],[0.333,-0.043],[0.06,-0.102],[0.239,-0.532],[-0.898,0.785],[-0.011,0.012],[-0.104,-0.076],[-0.329,0.223],[-0.123,-0.18],[0.185,-0.097]],"o":[[0,0],[-0.826,0.991],[-1.249,1.671],[-0.108,0.245],[0.337,-0.256],[0.582,-0.633],[1.321,-1.475],[0.403,-0.524],[-0.737,1.167],[-0.497,0.787],[0,0],[-0.118,0.186],[-0.102,0.197],[0.093,-0.06],[0.141,-0.205],[0.128,0.226],[0.224,0.233],[0.184,-0.113],[0.017,-0.011],[0.06,0.002],[-0.066,0.165],[-0.006,0.029],[0.038,0.066],[0.17,-0.088],[0.039,0.015],[0.562,0.602],[0.357,-0.326],[0.079,-0.092],[-0.146,0.019],[-0.297,0.504],[0,0],[0,0],[0.229,-0.249],[0.394,0.291],[0.141,-0.096],[0.204,0.301],[0,0]],"v":[[-1.094,-2.914],[-0.017,-4.59],[-2.407,-1.544],[-5.814,3.783],[-6.099,4.59],[-5.184,3.616],[-3.451,1.708],[0.399,-2.824],[1.54,-4.59],[-0.669,-1.088],[-2.158,1.273],[-2.903,2.454],[-3.26,3.021],[-3.053,3.206],[-2.836,2.958],[-2.073,2.456],[-1.884,3.258],[-1.049,3.342],[-0.496,3.001],[-0.44,2.98],[-0.395,3.126],[-0.65,3.592],[-0.643,3.682],[-0.436,3.691],[0.407,3.197],[0.501,3.275],[2.312,2.451],[3.403,1.501],[3.559,0.807],[3.184,1.296],[2.407,2.87],[2.924,3.432],[3.687,2.602],[3.934,3.109],[5.258,2.826],[5.895,2.801],[5.325,3.499]],"c":false},"ix":2},"nm":"Path 1","mn":"ADBE Vector Shape - Group","hd":false},{"ty":"st","c":{"a":0,"k":[0.289999988032,0.322000002394,0.486000001197,1],"ix":3},"o":{"a":0,"k":100,"ix":4},"w":{"a":0,"k":0.25,"ix":5},"lc":2,"lj":2,"nm":"Stroke 1","mn":"ADBE Vector Graphic - Stroke","hd":false},{"ty":"tr","p":{"a":0,"k":[25.111,101.337],"ix":2},"a":{"a":0,"k":[0,0],"ix":1},"s":{"a":0,"k":[100,100],"ix":3},"r":{"a":0,"k":0,"ix":6},"o":{"a":0,"k":100,"ix":7},"sk":{"a":0,"k":0,"ix":4},"sa":{"a":0,"k":0,"ix":5},"nm":"Transform"}],"nm":"Group 3","np":2,"cix":2,"ix":8,"mn":"ADBE Vector Group","hd":false},{"ty":"gr","it":[{"ind":0,"ty":"sh","ix":1,"ks":{"a":0,"k":{"i":[[0,0],[0,0],[0,0],[0,0],[0,0],[0,0],[0,0],[0,0],[0,0],[0,0],[0,0],[0,0]],"o":[[0,0],[0,0],[0,0],[0,0],[0,0],[0,0],[0,0],[0,0],[0,0],[0,0],[0,0],[0,0]],"v":[[-83.225,66.246],[83.225,66.246],[83.225,62.735],[86.773,62.735],[86.773,-62.001],[83.225,-62.001],[83.225,-66.245],[-83.225,-66.245],[-83.225,-62.001],[-86.773,-62.001],[-86.773,62.735],[-83.225,62.735]],"c":true},"ix":2},"nm":"Path 1","mn":"ADBE Vector Shape - Group","hd":false},{"ind":1,"ty":"sh","ix":2,"ks":{"a":0,"k":{"i":[[0,0],[0,0],[0,0],[0,0],[0,0],[0,0],[0,0],[0,0],[0,0],[0,0],[0,0],[0,0]],"o":[[0,0],[0,0],[0,0],[0,0],[0,0],[0,0],[0,0],[0,0],[0,0],[0,0],[0,0],[0,0]],"v":[[83.691,66.712],[-83.691,66.712],[-83.691,63.201],[-87.24,63.201],[-87.24,-62.467],[-83.691,-62.467],[-83.691,-66.712],[83.691,-66.712],[83.691,-62.467],[87.24,-62.467],[87.24,63.201],[83.691,63.201]],"c":true},"ix":2},"nm":"Path 2","mn":"ADBE Vector Shape - Group","hd":false},{"ty":"fl","c":{"a":0,"k":[0.246999987434,0.560999971278,0.936999990426,1],"ix":4},"o":{"a":0,"k":100,"ix":5},"r":1,"nm":"Fill 1","mn":"ADBE Vector Graphic - Fill","hd":false},{"ty":"tr","p":{"a":0,"k":[92.124,71.448],"ix":2},"a":{"a":0,"k":[0,0],"ix":1},"s":{"a":0,"k":[100,100],"ix":3},"r":{"a":0,"k":0,"ix":6},"o":{"a":0,"k":100,"ix":7},"sk":{"a":0,"k":0,"ix":4},"sa":{"a":0,"k":0,"ix":5},"nm":"Transform"}],"nm":"Group 4","np":3,"cix":2,"ix":9,"mn":"ADBE Vector Group","hd":false},{"ty":"gr","it":[{"ind":0,"ty":"sh","ix":1,"ks":{"a":0,"k":{"i":[[0,0],[0,0],[0,0],[0,0],[0,0],[0,0],[0,0],[0,0],[0,0],[0,0]],"o":[[0,0],[0,0],[0,0],[0,0],[0,0],[0,0],[0,0],[0,0],[0,0],[0,0]],"v":[[0.001,-8.992],[-2.932,-7.451],[-2.37,-10.715],[-4.742,-13.025],[-1.465,-13.503],[0.001,-16.471],[1.465,-13.503],[4.742,-13.025],[2.371,-10.715],[2.932,-7.451]],"c":true},"ix":2},"nm":"Path 1","mn":"ADBE Vector Shape - Group","hd":false},{"ind":1,"ty":"sh","ix":2,"ks":{"a":0,"k":{"i":[[0.002,-0.002],[0,0],[0,0]],"o":[[0,0],[0,0],[-0.002,0.002]],"v":[[-0.635,15.743],[-0.635,15.74],[-0.629,15.738]],"c":true},"ix":2},"nm":"Path 2","mn":"ADBE Vector Shape - Group","hd":false},{"ind":2,"ty":"sh","ix":3,"ks":{"a":0,"k":{"i":[[0.393,4.891],[0,0],[0,-0.04],[-2.011,-2.888]],"o":[[0,0],[-0.007,0.038],[0,4.757],[-3.961,-2.568]],"v":[[-14.993,-15.449],[-11.077,-15.449],[-11.099,-15.336],[-7.892,-3.594]],"c":true},"ix":2},"nm":"Path 3","mn":"ADBE Vector Shape - Group","hd":false},{"ind":3,"ty":"sh","ix":4,"ks":{"a":0,"k":{"i":[[0,4.605],[0.007,0.038],[0,0],[3.735,-2.601]],"o":[[0,-0.04],[0,0],[-0.38,4.716],[1.951,-2.87]],"v":[[11.413,-15.336],[11.391,-15.449],[14.992,-15.449],[8.311,-3.878]],"c":true},"ix":2},"nm":"Path 4","mn":"ADBE Vector Shape - Group","hd":false},{"ind":4,"ty":"sh","ix":5,"ks":{"a":0,"k":{"i":[[0,8.798],[0.672,0],[0,0],[0,0],[0,0.544],[0.672,0],[0,0],[0,-0.672],[-0.494,-0.156],[0,0],[0,0],[0,-0.673],[-8.533,-1.147],[0,0],[1.411,-0.89],[1.057,-1.343],[0,0],[0,-0.672],[-0.672,0],[0,0],[0,0.671],[0.672,0],[0,0],[1.392,0.879],[0,1.797],[0,0.005]],"o":[[0,-0.673],[0,0],[0,0],[0.492,-0.156],[0,-0.672],[0,0],[-0.673,0],[0,0.544],[0,0],[0,0],[-0.673,0],[0,8.842],[0,0],[0,1.797],[-1.394,0.877],[0,0],[-0.672,0],[0,0.671],[0,0],[0.672,0],[0,-0.672],[0,0],[-1.057,-1.343],[-1.41,-0.888],[0,-0.007],[8.471,-1.204]],"v":[[17.477,-16.667],[16.258,-17.883],[11.384,-17.883],[11.384,-18.648],[12.234,-19.805],[11.018,-21.021],[-10.704,-21.021],[-11.922,-19.805],[-11.07,-18.648],[-11.07,-17.883],[-16.258,-17.883],[-17.477,-16.667],[-2.339,0.648],[-2.339,0.65],[-4.458,15.473],[-8.32,18.587],[-8.461,18.587],[-9.678,19.803],[-8.461,21.021],[8.688,21.021],[9.906,19.803],[8.688,18.587],[8.449,18.587],[4.589,15.473],[2.467,0.65],[2.469,0.632]],"c":true},"ix":2},"nm":"Path 5","mn":"ADBE Vector Shape - Group","hd":false},{"ty":"fl","c":{"a":0,"k":[0.913999968884,0.929000016755,0.952999997606,1],"ix":4},"o":{"a":0,"k":100,"ix":5},"r":1,"nm":"Fill 1","mn":"ADBE Vector Graphic - Fill","hd":false},{"ty":"tr","p":{"a":0,"k":[140.562,103.198],"ix":2},"a":{"a":0,"k":[0,0],"ix":1},"s":{"a":0,"k":[100,100],"ix":3},"r":{"a":0,"k":0,"ix":6},"o":{"a":0,"k":100,"ix":7},"sk":{"a":0,"k":0,"ix":4},"sa":{"a":0,"k":0,"ix":5},"nm":"Transform"}],"nm":"Group 5","np":6,"cix":2,"ix":10,"mn":"ADBE Vector Group","hd":false},{"ty":"gr","it":[{"ind":0,"ty":"sh","ix":1,"ks":{"a":0,"k":{"i":[[0,0],[0,0],[0,0],[0,0]],"o":[[0,0],[0,0],[0,0],[0,0]],"v":[[90.187,69.467],[-90.187,69.467],[-90.187,-69.467],[90.187,-69.467]],"c":true},"ix":2},"nm":"Path 1","mn":"ADBE Vector Shape - Group","hd":false},{"ty":"fl","c":{"a":0,"k":[1,1,1,1],"ix":4},"o":{"a":0,"k":100,"ix":5},"r":1,"nm":"Fill 1","mn":"ADBE Vector Graphic - Fill","hd":false},{"ty":"tr","p":{"a":0,"k":[92.125,71.447],"ix":2},"a":{"a":0,"k":[0,0],"ix":1},"s":{"a":0,"k":[100,100],"ix":3},"r":{"a":0,"k":0,"ix":6},"o":{"a":0,"k":100,"ix":7},"sk":{"a":0,"k":0,"ix":4},"sa":{"a":0,"k":0,"ix":5},"nm":"Transform"}],"nm":"Group 6","np":2,"cix":2,"ix":11,"mn":"ADBE Vector Group","hd":false},{"ty":"gr","it":[{"ind":0,"ty":"sh","ix":1,"ks":{"a":0,"k":{"i":[[0,0],[0,0],[0,0],[0,0]],"o":[[0,0],[0,0],[0,0],[0,0]],"v":[[-92.124,71.448],[92.124,71.448],[92.124,-71.448],[-92.124,-71.448]],"c":true},"ix":2},"nm":"Path 1","mn":"ADBE Vector Shape - Group","hd":false},{"ty":"fl","c":{"a":0,"k":[0.246999987434,0.560999971278,0.936999990426,1],"ix":4},"o":{"a":0,"k":100,"ix":5},"r":1,"nm":"Fill 1","mn":"ADBE Vector Graphic - Fill","hd":false},{"ty":"tr","p":{"a":0,"k":[92.124,71.448],"ix":2},"a":{"a":0,"k":[0,0],"ix":1},"s":{"a":0,"k":[100,100],"ix":3},"r":{"a":0,"k":0,"ix":6},"o":{"a":0,"k":100,"ix":7},"sk":{"a":0,"k":0,"ix":4},"sa":{"a":0,"k":0,"ix":5},"nm":"Transform"}],"nm":"Group 7","np":2,"cix":2,"ix":12,"mn":"ADBE Vector Group","hd":false}],"ip":0,"op":2880,"st":0,"bm":0},{"ddd":0,"ind":9,"ty":4,"nm":"","parent":10,"sr":1,"ks":{"o":{"a":0,"k":100,"ix":11},"r":{"a":0,"k":0,"ix":10},"p":{"a":0,"k":[23.651,192.59,0],"ix":2},"a":{"a":0,"k":[1025.141,199.681,0],"ix":1},"s":{"a":0,"k":[111.111,111.111,100],"ix":6}},"ao":0,"shapes":[{"ty":"gr","it":[{"ind":0,"ty":"sh","ix":1,"ks":{"a":1,"k":[{"i":{"x":0.833,"y":0.833},"o":{"x":0.167,"y":0.167},"n":"0p833_0p833_0p167_0p167","t":216,"s":[{"i":[[0,0],[0,0],[0,0],[0,0],[0,0],[0,0],[0,0],[0,0],[0,0]],"o":[[-8.64,1.675],[-16.524,18.868],[-5.197,11.851],[0,0],[1.814,12.167],[7.87,-0.818],[0,0],[0,0],[0,0]],"v":[[1042.827,135.87],[1027.543,141.177],[1002.687,185.876],[994.732,207.077],[989.634,222.683],[997.324,249.161],[1013.472,216.415],[1017.784,211.94],[1022.79,203.801]],"c":false}],"e":[{"i":[[0,0],[0,0],[0,0],[0,0],[0,0],[0,0],[0,0],[0,0],[0,0]],"o":[[-16.122,10.63],[-9.786,25.825],[-5.197,11.851],[0,0],[1.814,12.167],[7.87,-0.818],[0,0],[0,0],[0,0]],"v":[[1042.827,135.87],[1024.201,152.984],[1011.821,191.78],[1008.989,228.909],[1012.803,256.098],[1019.602,266.092],[1027.73,263.197],[1028.922,256.495],[1035.711,209.593]],"c":false}]},{"t":224}],"ix":2},"nm":"Path 1","mn":"ADBE Vector Shape - Group","hd":false},{"ty":"fl","c":{"a":0,"k":[0.952941179276,0.972549021244,1,1],"ix":4},"o":{"a":0,"k":100,"ix":5},"r":1,"nm":"Fill 1","mn":"ADBE Vector Graphic - Fill","hd":false},{"ty":"tr","p":{"a":0,"k":[0,0],"ix":2},"a":{"a":0,"k":[0,0],"ix":1},"s":{"a":0,"k":[100,100],"ix":3},"r":{"a":0,"k":0,"ix":6},"o":{"a":0,"k":100,"ix":7},"sk":{"a":0,"k":0,"ix":4},"sa":{"a":0,"k":0,"ix":5},"nm":"Transform"}],"nm":"Group 1","np":2,"cix":2,"ix":1,"mn":"ADBE Vector Group","hd":false}],"ip":0,"op":2880,"st":0,"bm":0},{"ddd":0,"ind":10,"ty":4,"nm":"Person 3","sr":1,"ks":{"o":{"a":0,"k":100,"ix":11},"r":{"a":0,"k":0,"ix":10},"p":{"a":1,"k":[{"i":{"x":0.667,"y":1},"o":{"x":0.333,"y":0},"n":"0p667_1_0p333_0","t":120,"s":[185,226,0],"e":[180,266,0],"to":[-0.83333331346512,6.66666650772095,0],"ti":[0.83333331346512,-6.66666650772095,0]},{"i":{"x":0.667,"y":0.667},"o":{"x":0.333,"y":0.333},"n":"0p667_0p667_0p333_0p333","t":132,"s":[180,266,0],"e":[180,266,0],"to":[0,0,0],"ti":[0,0,0]},{"i":{"x":0.667,"y":1},"o":{"x":0.333,"y":0},"n":"0p667_1_0p333_0","t":216,"s":[180,266,0],"e":[93.5,205.5,0],"to":[-14.4166669845581,-10.0833330154419,0],"ti":[14.4166669845581,10.0833330154419,0]},{"t":224}],"ix":2},"a":{"a":0,"k":[79,203.5,0],"ix":1},"s":{"a":1,"k":[{"i":{"x":[0.667,0.667,0.667],"y":[1,1,1]},"o":{"x":[0.333,0.333,0.333],"y":[0,0,0]},"n":["0p667_1_0p333_0","0p667_1_0p333_0","0p667_1_0p333_0"],"t":120,"s":[42,42,100],"e":[101,101,100]},{"i":{"x":[0.833,0.833,0.833],"y":[1,1,1]},"o":{"x":[0.333,0.333,0.333],"y":[0,0,0]},"n":["0p833_1_0p333_0","0p833_1_0p333_0","0p833_1_0p333_0"],"t":132,"s":[101,101,100],"e":[101,101,100]},{"i":{"x":[0.833,0.833,0.833],"y":[1,1,1]},"o":{"x":[0.167,0.167,0.167],"y":[0,0,0]},"n":["0p833_1_0p167_0","0p833_1_0p167_0","0p833_1_0p167_0"],"t":216,"s":[101,101,100],"e":[90,90,100]},{"t":224}],"ix":6}},"ao":0,"shapes":[{"ty":"gr","it":[{"ind":0,"ty":"sh","ix":1,"ks":{"a":0,"k":{"i":[[0.183,2.039],[0.958,4.778],[-0.209,3.704],[2.162,2.583],[3.388,0.495],[3.292,-0.566],[3.666,-0.156],[5.393,-1.511],[2.943,-3.172],[0.8,-4.565],[-1.08,-4.81],[-1.069,-4.859],[-2.593,-4.187],[-0.213,-0.128],[-0.284,0.482],[-0.04,1.651],[-0.779,2.709],[0.799,3.865],[-0.868,1.322],[-1.186,-0.298],[-1.061,-0.655],[-2.628,-0.84],[-4.929,0.528],[-2.259,0.976],[-2.243,0.299],[-0.021,-2.298],[0.331,-1.36],[-0.422,-6.657],[-0.193,-0.233],[-0.49,0.325],[-0.694,1.113],[-1.414,1.916],[-0.275,4.248]],"o":[[-0.437,-4.868],[-0.732,-3.646],[0.17,-3.019],[-2.345,-2.799],[-3.302,-0.481],[-3.594,0.619],[-5.479,0.232],[-4.174,1.17],[-3.055,3.293],[-0.843,4.802],[1.09,4.853],[1.049,4.775],[0.131,0.211],[0.48,0.288],[0.868,-1.471],[0.07,-2.897],[1.088,-3.78],[-0.336,-1.624],[0.783,-0.923],[1.209,0.304],[2.347,1.454],[4.669,1.494],[2.439,-0.262],[2.008,-0.87],[2.563,-0.342],[0.014,1.401],[-1.573,6.483],[0.019,0.303],[0.373,0.455],[1.092,-0.726],[1.258,-2.021],[2.527,-3.425],[0.133,-2.059]],"v":[[35.157,6.223],[32.613,-8.238],[31.982,-19.327],[31.419,-29.051],[20.63,-33.116],[10.648,-33.079],[0.252,-29.521],[-16.012,-29.312],[-26.665,-22.325],[-33.908,-10.666],[-34.316,4.224],[-30.624,18.666],[-25.499,32.647],[-25.014,33.202],[-23.589,32.711],[-23.837,26.786],[-21.801,18.843],[-21.357,7.107],[-20.812,2.625],[-17.637,1.797],[-14.622,3.132],[-7.118,6.573],[7.176,8.533],[14.4,6.739],[20.303,3.559],[24.529,8.119],[23.812,12.247],[22.604,32.146],[22.844,33.006],[24.45,32.983],[26.798,29.873],[31.277,24.317],[35.264,12.369]],"c":true},"ix":2},"nm":"Path 1","mn":"ADBE Vector Shape - Group","hd":false},{"ty":"fl","c":{"a":0,"k":[0.224000010771,0.250999989229,0.375999989229,1],"ix":4},"o":{"a":0,"k":100,"ix":5},"r":1,"nm":"Fill 1","mn":"ADBE Vector Graphic - Fill","hd":false},{"ty":"tr","p":{"a":0,"k":[77.097,33.49],"ix":2},"a":{"a":0,"k":[0,0],"ix":1},"s":{"a":0,"k":[100,100],"ix":3},"r":{"a":0,"k":0,"ix":6},"o":{"a":0,"k":100,"ix":7},"sk":{"a":0,"k":0,"ix":4},"sa":{"a":0,"k":0,"ix":5},"nm":"Transform"}],"nm":"Group 1","np":2,"cix":2,"ix":1,"mn":"ADBE Vector Group","hd":false},{"ty":"gr","it":[{"ind":0,"ty":"sh","ix":1,"ks":{"a":1,"k":[{"i":{"x":0.667,"y":1},"o":{"x":0.333,"y":0},"n":"0p667_1_0p333_0","t":216,"s":[{"i":[[2.722,10.777],[0,0],[0,0],[-0.029,-1.717],[0,0],[-0.852,-0.924],[-0.445,-9.216],[-2.48,-1.958],[-3.334,3.667],[0.261,2.709]],"o":[[1.858,-1.78],[1.167,-6.052],[-6.584,-0.218],[0.009,0.516],[0.5,2.24],[-0.703,6.006],[0,0],[0,0],[0,0],[-2.087,-21.653]],"v":[[-0.528,-66.693],[2.805,-71.421],[-2.607,-77.628],[-9.861,-72.443],[-9.778,-71.589],[-6.09,-66.63],[-13.778,65.911],[-1.112,77.911],[14.223,67.911],[13.817,63.688]],"c":true}],"e":[{"i":[[2.056,14.116],[0,0],[0,0],[2.278,0.089],[0,0],[-0.559,-11.936],[9.841,-7.03],[-6.655,0.613],[-9.257,1.853],[0.624,7.194]],"o":[[0.515,-9.451],[0.482,-6.41],[-6.978,3.85],[-1.961,-0.554],[0.468,3.965],[-0.703,6.006],[-0.714,0.595],[0,0],[0,0],[-2.093,-23.249]],"v":[[4.334,-33.394],[5.236,-66.803],[6.734,-78.713],[-10.104,-76.775],[-14.938,-79.286],[-9.909,-51.492],[-16.999,108.259],[0.523,110.793],[19.353,109.54],[12.89,80.798]],"c":true}]},{"i":{"x":0.667,"y":1},"o":{"x":0.333,"y":0},"n":"0p667_1_0p333_0","t":220,"s":[{"i":[[2.056,14.116],[0,0],[0,0],[2.278,0.089],[0,0],[-0.559,-11.936],[9.841,-7.03],[-6.655,0.613],[-9.257,1.853],[0.624,7.194]],"o":[[0.515,-9.451],[0.482,-6.41],[-6.978,3.85],[-1.961,-0.554],[0.468,3.965],[-0.703,6.006],[-0.714,0.595],[0,0],[0,0],[-2.093,-23.249]],"v":[[4.334,-33.394],[5.236,-66.803],[6.734,-78.713],[-10.104,-76.775],[-14.938,-79.286],[-9.909,-51.492],[-16.999,108.259],[0.523,110.793],[19.353,109.54],[12.89,80.798]],"c":true}],"e":[{"i":[[1.39,17.455],[0,0],[0,0],[4.585,1.896],[0,0],[-0.266,-22.949],[24.505,6.732],[-8.022,0.843],[-13.356,1.815],[0.986,11.678]],"o":[[-0.828,-17.123],[-0.203,-6.769],[-3.755,10.674],[-3.93,-1.625],[0.436,5.69],[-0.703,6.006],[0,0],[0,0],[0,0],[-2.098,-24.846]],"v":[[9.195,-0.095],[7.667,-62.185],[9.268,-83.462],[-14.274,-78.489],[-18.528,-84.366],[-13.728,-36.353],[-16.555,109.245],[1.111,110.689],[24.223,109.023],[11.964,97.909]],"c":true}]},{"t":224}],"ix":2},"nm":"Path 1","mn":"ADBE Vector Shape - Group","hd":false},{"ty":"fl","c":{"a":1,"k":[{"i":{"x":[0.667],"y":[1]},"o":{"x":[0.333],"y":[0]},"n":["0p667_1_0p333_0"],"t":216,"s":[1,0.430999995213,0.430999995213,1],"e":[0.807843148708,0.850980401039,0.937254905701,1]},{"t":224}],"ix":4},"o":{"a":0,"k":100,"ix":5},"r":1,"nm":"Fill 1","mn":"ADBE Vector Graphic - Fill","hd":false},{"ty":"tr","p":{"a":0,"k":[86.05,198.913],"ix":2},"a":{"a":0,"k":[0,0],"ix":1},"s":{"a":0,"k":[100,100],"ix":3},"r":{"a":0,"k":0,"ix":6},"o":{"a":0,"k":100,"ix":7},"sk":{"a":0,"k":0,"ix":4},"sa":{"a":0,"k":0,"ix":5},"nm":"Transform"}],"nm":"Group 2","np":2,"cix":2,"ix":2,"mn":"ADBE Vector Group","hd":false},{"ty":"gr","it":[{"ind":0,"ty":"sh","ix":1,"ks":{"a":0,"k":{"i":[[0,0],[-10.926,7.284],[19.666,1.822]],"o":[[0,0],[0,0],[0,0]],"v":[[-9.768,-4.432],[10.494,-5.44],[-10.493,5.258]],"c":true},"ix":2},"nm":"Path 1","mn":"ADBE Vector Shape - Group","hd":false},{"ty":"fl","c":{"a":0,"k":[0.224000010771,0.250999989229,0.375999989229,1],"ix":4},"o":{"a":0,"k":100,"ix":5},"r":1,"nm":"Fill 1","mn":"ADBE Vector Graphic - Fill","hd":false},{"ty":"tr","p":{"a":0,"k":[80.327,102.913],"ix":2},"a":{"a":0,"k":[0,0],"ix":1},"s":{"a":0,"k":[100,100],"ix":3},"r":{"a":0,"k":0,"ix":6},"o":{"a":0,"k":15,"ix":7},"sk":{"a":0,"k":0,"ix":4},"sa":{"a":0,"k":0,"ix":5},"nm":"Transform"}],"nm":"Group 3","np":2,"cix":2,"ix":3,"mn":"ADBE Vector Group","hd":false},{"ty":"gr","it":[{"ind":0,"ty":"sh","ix":1,"ks":{"a":0,"k":{"i":[[10.565,0.146],[0,0],[0,0],[0,0],[-0.68,-8.926],[-0.786,-7.166],[-7.166,-0.821],[-2.218,1.036],[-0.559,-1.128],[-7.994,-3.812],[0,0],[0,0],[-4.501,6.961],[1.074,3.986],[0.008,2.902],[-2.757,8.331],[-2.415,8.398]],"o":[[0,0],[0,0],[0,0],[0,0],[-0.328,-0.033],[0,0],[0,0],[0.626,1.305],[3.838,7.756],[-0.039,0.007],[0.48,7.304],[-3.878,10.859],[2.674,-4.135],[-0.175,-0.651],[6.468,-4.659],[1.486,0.391],[0,0]],"v":[[28.968,-18.965],[31.064,-41.445],[-8.506,-50.521],[-33.909,-40.333],[-32.417,-20.766],[-38.747,-14.242],[-32.217,1.031],[-28.419,0.634],[-26.6,4.32],[-9.197,23.452],[-9.257,23.462],[-11.224,37.62],[14.388,43.56],[11.781,30.298],[11.145,22.212],[24.942,0.728],[34.043,-6.581]],"c":true},"ix":2},"nm":"Path 1","mn":"ADBE Vector Shape - Group","hd":false},{"ty":"fl","c":{"a":0,"k":[1,0.816000007181,0.611999990426,1],"ix":4},"o":{"a":0,"k":100,"ix":5},"r":1,"nm":"Fill 1","mn":"ADBE Vector Graphic - Fill","hd":false},{"ty":"tr","p":{"a":0,"k":[79.815,75.02],"ix":2},"a":{"a":0,"k":[0,0],"ix":1},"s":{"a":0,"k":[100,100],"ix":3},"r":{"a":0,"k":0,"ix":6},"o":{"a":0,"k":100,"ix":7},"sk":{"a":0,"k":0,"ix":4},"sa":{"a":0,"k":0,"ix":5},"nm":"Transform"}],"nm":"Group 4","np":2,"cix":2,"ix":4,"mn":"ADBE Vector Group","hd":false},{"ty":"gr","it":[{"ind":0,"ty":"sh","ix":1,"ks":{"a":1,"k":[{"i":{"x":0.833,"y":0.833},"o":{"x":0.167,"y":0.167},"n":"0p833_0p833_0p167_0p167","t":216,"s":[{"i":[[0,0],[9.952,-3.388],[4.658,-7.622],[0,0],[-2.964,-2.964],[-9.528,-0.847],[-2.169,2.466],[0,0],[-0.423,-5.505],[0,0],[0,0],[-8.258,-3.599],[-6.291,-2.238],[-16.899,1.077],[-13.927,7.274],[3.388,7.834],[0,0],[-0.211,8.469],[0,0],[-1.646,-3.846],[0,0],[0.81,-1.013],[-2.259,1.447],[-2.406,24.969],[19.843,28.954],[6.775,6.775],[7.835,-0.212],[0,0]],"o":[[0,0],[0,0],[0,0],[0,0],[0,0],[0,0],[0,0],[0,0],[0,0],[0,0],[0,0],[0,0],[8.831,3.141],[12.029,-0.767],[0,0],[0,0],[0,0],[0,0],[0,0],[0,0],[0.46,1.212],[-10.995,13.746],[0,0],[0,0],[0,0],[0,0],[0,0],[0,0]],"v":[[-8.173,-104.598],[-40.992,-96.128],[-54.516,-88.082],[-69.435,-34.373],[-68.588,-28.656],[-44.715,-21.966],[-39.807,-23.295],[-35.996,-27.953],[-46.921,-34.725],[-39.51,16.516],[-38.663,70.508],[-33.581,81.095],[-23.688,85.362],[16.17,90.978],[55.56,79.825],[58.524,69.874],[51.749,34.09],[50.266,14.187],[51.537,-39.594],[48.764,-39.259],[49.016,-31.633],[50.383,-27.679],[62.449,10.099],[87.551,-2.018],[74.267,-51.22],[55.324,-92.31],[40.738,-99.304],[9.613,-104.598]],"c":true}],"e":[{"i":[[0,0],[9.952,-3.388],[4.658,-7.622],[0,0],[-2.964,-2.964],[-9.528,-0.847],[-2.169,2.466],[0,0],[-0.423,-5.505],[0,0],[0,0],[-8.258,-3.599],[-12.91,3.306],[-14.307,-3.361],[-8.76,4.575],[3.388,7.834],[0,0],[-0.211,8.469],[0,0],[-1.646,-3.846],[0,0],[0.81,-1.013],[-2.259,1.447],[-2.406,24.969],[19.843,28.954],[6.775,6.775],[7.835,-0.212],[0,0]],"o":[[0,0],[0,0],[0,0],[0,0],[0,0],[0,0],[0,0],[0,0],[0,0],[0,0],[0,0],[0,0],[3.458,-0.885],[9.713,2.282],[0,0],[0,0],[0,0],[0,0],[0,0],[0,0],[0.46,1.212],[-10.995,13.746],[0,0],[0,0],[0,0],[0,0],[0,0],[0,0]],"v":[[-8.173,-104.598],[-40.992,-96.128],[-54.516,-88.082],[-69.435,-34.373],[-68.588,-28.656],[-44.715,-21.966],[-39.807,-23.295],[-35.996,-27.953],[-46.921,-34.725],[-39.51,16.516],[-38.663,70.508],[-33.581,81.095],[-9.507,89.845],[31.759,89.341],[55.56,79.825],[58.524,69.874],[51.749,34.09],[50.266,14.187],[51.537,-39.594],[48.764,-39.259],[49.016,-31.633],[50.383,-27.679],[62.449,10.099],[93.739,-2.513],[74.267,-51.22],[55.324,-92.31],[40.738,-99.304],[9.613,-104.598]],"c":true}]},{"t":224}],"ix":2},"nm":"Path 1","mn":"ADBE Vector Shape - Group","hd":false},{"ty":"fl","c":{"a":0,"k":[0.952999997606,0.961000031116,0.980000035903,1],"ix":4},"o":{"a":0,"k":100,"ix":5},"r":1,"nm":"Fill 1","mn":"ADBE Vector Graphic - Fill","hd":false},{"ty":"tr","p":{"a":0,"k":[78.779,218.822],"ix":2},"a":{"a":0,"k":[0,0],"ix":1},"s":{"a":0,"k":[100,100],"ix":3},"r":{"a":0,"k":0,"ix":6},"o":{"a":0,"k":100,"ix":7},"sk":{"a":0,"k":0,"ix":4},"sa":{"a":0,"k":0,"ix":5},"nm":"Transform"}],"nm":"Group 5","np":2,"cix":2,"ix":5,"mn":"ADBE Vector Group","hd":false},{"ty":"gr","it":[{"ind":0,"ty":"sh","ix":1,"ks":{"a":1,"k":[{"i":{"x":0.667,"y":1},"o":{"x":0.333,"y":0},"n":"0p667_1_0p333_0","t":216,"s":[{"i":[[0,0],[0,0],[-5.099,-0.637],[0.638,-21.038],[0,0],[0,0],[0,0],[0,0],[0,0],[0.638,-34.425],[0,0]],"o":[[0,0],[0,0],[0,0],[0,0],[0,0],[0,0],[0,0],[0,0],[0,0],[0,0],[0,0]],"v":[[-7.386,153.847],[-2.765,-5.75],[1.06,-15.312],[4.885,3.176],[8.094,153.847],[45.016,153.847],[45.685,-3.837],[45.048,-51.649],[-42.927,-54.837],[-45.477,26.125],[-45.685,153.847]],"c":true}],"e":[{"i":[[0,0],[0,0],[-5.099,-0.637],[0.638,-21.038],[0,0],[0,0],[0,0],[0,0],[0,0],[0.638,-34.425],[0,0]],"o":[[0,0],[0,0],[0,0],[0,0],[0,0],[0,0],[0,0],[0,0],[0,0],[0,0],[0,0]],"v":[[-7.386,153.847],[-2.765,-5.75],[1.06,-15.312],[4.885,3.176],[8.094,153.847],[45.016,153.847],[45.685,-3.837],[45.048,-51.649],[-42.927,-54.837],[-45.477,26.125],[-45.685,153.847]],"c":true}]},{"t":224}],"ix":2},"nm":"Path 1","mn":"ADBE Vector Shape - Group","hd":false},{"ty":"fl","c":{"a":0,"k":[0.224000010771,0.250999989229,0.375999989229,1],"ix":4},"o":{"a":0,"k":100,"ix":5},"r":1,"nm":"Fill 1","mn":"ADBE Vector Graphic - Fill","hd":false},{"ty":"tr","p":{"a":0,"k":[84.656,351.713],"ix":2},"a":{"a":0,"k":[0,0],"ix":1},"s":{"a":0,"k":[100,100],"ix":3},"r":{"a":0,"k":0,"ix":6},"o":{"a":0,"k":100,"ix":7},"sk":{"a":0,"k":0,"ix":4},"sa":{"a":0,"k":0,"ix":5},"nm":"Transform"}],"nm":"Group 6","np":2,"cix":2,"ix":6,"mn":"ADBE Vector Group","hd":false}],"ip":0,"op":2880,"st":0,"bm":0},{"ddd":0,"ind":11,"ty":4,"nm":"hat back","parent":5,"sr":1,"ks":{"o":{"a":1,"k":[{"i":{"x":[0.833],"y":[0.833]},"o":{"x":[0.167],"y":[0.167]},"n":["0p833_0p833_0p167_0p167"],"t":216,"s":[100],"e":[0]},{"t":224}],"ix":11},"r":{"a":0,"k":0,"ix":10},"p":{"a":0,"k":[62.455,72.931,0],"ix":2},"a":{"a":0,"k":[62.455,72.931,0],"ix":1},"s":{"a":0,"k":[100,100,100],"ix":6}},"ao":0,"shapes":[{"ty":"gr","it":[{"ind":0,"ty":"sh","ix":1,"ks":{"a":0,"k":{"i":[[-0.672,-11.203],[-8.625,3]],"o":[[9.922,10.203],[2.624,-10.373]],"v":[[26.453,72.547],[98.375,75.5]],"c":true},"ix":2},"nm":"Path 1","mn":"ADBE Vector Shape - Group","hd":false},{"ty":"st","c":{"a":0,"k":[1,1,1,1],"ix":3},"o":{"a":0,"k":100,"ix":4},"w":{"a":0,"k":0,"ix":5},"lc":1,"lj":1,"ml":4,"nm":"Stroke 1","mn":"ADBE Vector Graphic - Stroke","hd":false},{"ty":"fl","c":{"a":0,"k":[0.291944765577,0.308592493394,0.36237745098,1],"ix":4},"o":{"a":0,"k":100,"ix":5},"r":1,"nm":"Fill 1","mn":"ADBE Vector Graphic - Fill","hd":false},{"ty":"tr","p":{"a":0,"k":[0,0],"ix":2},"a":{"a":0,"k":[0,0],"ix":1},"s":{"a":0,"k":[100,100],"ix":3},"r":{"a":0,"k":0,"ix":6},"o":{"a":0,"k":100,"ix":7},"sk":{"a":0,"k":0,"ix":4},"sa":{"a":0,"k":0,"ix":5},"nm":"Transform"}],"nm":"Shape 1","np":3,"cix":2,"ix":1,"mn":"ADBE Vector Group","hd":false}],"ip":11,"op":2891,"st":11,"bm":0}]}],"layers":[{"ddd":0,"ind":1,"ty":4,"nm":"Person 3 Hexa","td":1,"sr":1,"ks":{"o":{"a":0,"k":100,"ix":11},"r":{"a":0,"k":0,"ix":10},"p":{"a":0,"k":[185.681,168.829,0],"ix":2},"a":{"a":0,"k":[37.681,41.329,0],"ix":1},"s":{"a":1,"k":[{"i":{"x":[0.667,0.667,0.667],"y":[1,1,1]},"o":{"x":[0.333,0.333,0.333],"y":[0,0,0]},"n":["0p667_1_0p333_0","0p667_1_0p333_0","0p667_1_0p333_0"],"t":52,"s":[0,0,100],"e":[100,100,100]},{"i":{"x":[0.667,0.667,0.667],"y":[1,1,1]},"o":{"x":[0.333,0.333,0.333],"y":[0,0,0]},"n":["0p667_1_0p333_0","0p667_1_0p333_0","0p667_1_0p333_0"],"t":64,"s":[100,100,100],"e":[90,90,100]},{"i":{"x":[0.667,0.667,0.667],"y":[1,1,1]},"o":{"x":[0.333,0.333,0.333],"y":[0,0,0]},"n":["0p667_1_0p333_0","0p667_1_0p333_0","0p667_1_0p333_0"],"t":72,"s":[90,90,100],"e":[95,95,100]},{"i":{"x":[0.833,0.833,0.833],"y":[1,1,1]},"o":{"x":[0.167,0.167,0.167],"y":[0,0,0]},"n":["0p833_1_0p167_0","0p833_1_0p167_0","0p833_1_0p167_0"],"t":76,"s":[95,95,100],"e":[95,95,100]},{"i":{"x":[0.833,0.833,0.833],"y":[1,1,1]},"o":{"x":[0.167,0.167,0.167],"y":[0,0,0]},"n":["0p833_1_0p167_0","0p833_1_0p167_0","0p833_1_0p167_0"],"t":120,"s":[95,95,100],"e":[924,924,100]},{"t":137}],"ix":6}},"ao":0,"shapes":[{"ty":"gr","it":[{"ty":"gr","it":[{"ind":0,"ty":"sh","ix":1,"ks":{"a":0,"k":{"i":[[0,0],[2.147,-1.24],[0,0],[0,-5.036],[0,0],[-4.363,-2.519],[0,0],[-4.362,2.518],[0,0],[0,5.037],[0,0],[4.362,2.519],[0,0],[2.396,0.019]],"o":[[-2.397,0.019],[0,0],[-4.363,2.519],[0,0],[0,5.037],[0,0],[4.362,2.518],[0,0],[4.362,-2.519],[0,0],[0,-5.036],[0,0],[-2.148,-1.24],[0,0]],"v":[[-0.111,-41.537],[-7.049,-39.648],[-30.631,-26.033],[-37.68,-13.824],[-37.68,13.407],[-30.631,25.617],[-7.049,39.232],[7.049,39.232],[30.632,25.617],[37.68,13.407],[37.68,-13.824],[30.632,-26.033],[7.049,-39.648],[0.113,-41.537]],"c":true},"ix":2},"nm":"Path 2","mn":"ADBE Vector Shape - Group","hd":false},{"ty":"tr","p":{"a":0,"k":[0,0],"ix":2},"a":{"a":0,"k":[0,0],"ix":1},"s":{"a":0,"k":[100,100],"ix":3},"r":{"a":0,"k":0,"ix":6},"o":{"a":0,"k":100,"ix":7},"sk":{"a":0,"k":0,"ix":4},"sa":{"a":0,"k":0,"ix":5},"nm":"Transform"}],"nm":"Group 1","np":1,"cix":2,"ix":1,"mn":"ADBE Vector Group","hd":false},{"ty":"gf","o":{"a":0,"k":100,"ix":10},"r":1,"g":{"p":3,"k":{"a":0,"k":[0,0.314,0.624,0.925,0.5,0.267,0.761,0.853,1,0.22,0.898,0.78],"ix":9}},"s":{"a":0,"k":[32.9,-32.191],"ix":5},"e":{"a":0,"k":[-33.545,34.768],"ix":6},"t":1,"nm":"Gradient Fill 1","mn":"ADBE Vector Graphic - G-Fill","hd":false},{"ty":"tr","p":{"a":0,"k":[37.681,41.537],"ix":2},"a":{"a":0,"k":[0,0],"ix":1},"s":{"a":0,"k":[100,100],"ix":3},"r":{"a":0,"k":0,"ix":6},"o":{"a":0,"k":100,"ix":7},"sk":{"a":0,"k":0,"ix":4},"sa":{"a":0,"k":0,"ix":5},"nm":"Transform"}],"nm":"Group 5","np":2,"cix":2,"ix":1,"mn":"ADBE Vector Group","hd":false}],"ip":0,"op":2880,"st":0,"bm":0},{"ddd":0,"ind":2,"ty":0,"nm":"Main Person","tt":1,"refId":"comp_0","sr":1,"ks":{"o":{"a":0,"k":100,"ix":11},"r":{"a":0,"k":0,"ix":10},"p":{"a":0,"k":[180,228,0],"ix":2},"a":{"a":0,"k":[180,228,0],"ix":1},"s":{"a":0,"k":[100,100,100],"ix":6}},"ao":0,"w":360,"h":456,"ip":0,"op":2880,"st":0,"bm":0}],"markers":[]}