{"v":"5.0.6","fr":24,"ip":216,"op":234,"w":360,"h":456,"nm":"PH_Onboarding_v2_Main","ddd":0,"assets":[{"id":"comp_0","layers":[{"ddd":0,"ind":1,"ty":4,"nm":"Google expressions Outlines","parent":3,"sr":1,"ks":{"o":{"a":0,"k":100,"ix":11},"r":{"a":1,"k":[{"i":{"x":[0.667],"y":[1]},"o":{"x":[0.333],"y":[0]},"n":["0p667_1_0p333_0"],"t":220,"s":[0],"e":[-9]},{"i":{"x":[0.667],"y":[1]},"o":{"x":[0.333],"y":[0]},"n":["0p667_1_0p333_0"],"t":226,"s":[-9],"e":[0]},{"t":234}],"ix":10},"p":{"a":0,"k":[77.5,81.375,0],"ix":2},"a":{"a":0,"k":[14.25,26,0],"ix":1},"s":{"a":0,"k":[100,100,100],"ix":6}},"ao":0,"shapes":[{"ty":"gr","it":[{"ind":0,"ty":"sh","ix":1,"ks":{"a":0,"k":{"i":[[0,0],[3.505,-4.598]],"o":[[0,0],[0,0]],"v":[[3.597,2.299],[-3.597,2.299]],"c":false},"ix":2},"nm":"Path 1","mn":"ADBE Vector Shape - Group","hd":false},{"ty":"st","c":{"a":0,"k":[0.536999990426,0.286000001197,0.286000001197,1],"ix":3},"o":{"a":0,"k":100,"ix":4},"w":{"a":0,"k":1.5,"ix":5},"lc":2,"lj":1,"ml":10,"nm":"Stroke 1","mn":"ADBE Vector Graphic - Stroke","hd":false},{"ty":"tr","p":{"a":0,"k":[23.76,0.494],"ix":2},"a":{"a":0,"k":[0,0],"ix":1},"s":{"a":0,"k":[100,100],"ix":3},"r":{"a":0,"k":0,"ix":6},"o":{"a":0,"k":100,"ix":7},"sk":{"a":0,"k":0,"ix":4},"sa":{"a":0,"k":0,"ix":5},"nm":"Transform"}],"nm":"Group 3","np":2,"cix":2,"ix":1,"mn":"ADBE Vector Group","hd":false},{"ty":"gr","it":[{"ind":0,"ty":"sh","ix":1,"ks":{"a":0,"k":{"i":[[0,0],[-3.506,-4.598]],"o":[[0,0],[0,0]],"v":[[-3.598,2.299],[3.598,2.299]],"c":false},"ix":2},"nm":"Path 1","mn":"ADBE Vector Shape - Group","hd":false},{"ty":"st","c":{"a":0,"k":[0.536999990426,0.286000001197,0.286000001197,1],"ix":3},"o":{"a":0,"k":100,"ix":4},"w":{"a":0,"k":1.5,"ix":5},"lc":2,"lj":1,"ml":10,"nm":"Stroke 1","mn":"ADBE Vector Graphic - Stroke","hd":false},{"ty":"tr","p":{"a":0,"k":[4.347,0.494],"ix":2},"a":{"a":0,"k":[0,0],"ix":1},"s":{"a":0,"k":[100,100],"ix":3},"r":{"a":0,"k":0,"ix":6},"o":{"a":0,"k":100,"ix":7},"sk":{"a":0,"k":0,"ix":4},"sa":{"a":0,"k":0,"ix":5},"nm":"Transform"}],"nm":"Group 4","np":2,"cix":2,"ix":2,"mn":"ADBE Vector Group","hd":false}],"ip":0,"op":2880,"st":0,"bm":0},{"ddd":0,"ind":2,"ty":4,"nm":"Face expressions Outlines","parent":11,"sr":1,"ks":{"o":{"a":0,"k":100,"ix":11},"r":{"a":0,"k":0,"ix":10},"p":{"a":0,"k":[78.257,73.55,0],"ix":2},"a":{"a":0,"k":[15.5,15.5,0],"ix":1},"s":{"a":0,"k":[99.01,99.01,100],"ix":6}},"ao":0,"shapes":[{"ty":"gr","it":[{"ind":0,"ty":"sh","ix":1,"ks":{"a":0,"k":{"i":[[0,0],[4.938,0],[0,4.937]],"o":[[0,4.937],[-4.939,0],[0,0]],"v":[[8.941,-4.471],[0.001,4.471],[-8.941,-4.471]],"c":false},"ix":2},"nm":"Path 1","mn":"ADBE Vector Shape - Group","hd":false},{"ty":"fl","c":{"a":0,"k":[0.952999997606,0.961000031116,0.980000035903,1],"ix":4},"o":{"a":0,"k":100,"ix":5},"r":1,"nm":"Fill 1","mn":"ADBE Vector Graphic - Fill","hd":false},{"ty":"tr","p":{"a":0,"k":[16.633,26.369],"ix":2},"a":{"a":0,"k":[0,0],"ix":1},"s":{"a":0,"k":[100,100],"ix":3},"r":{"a":0,"k":0,"ix":6},"o":{"a":0,"k":100,"ix":7},"sk":{"a":0,"k":0,"ix":4},"sa":{"a":0,"k":0,"ix":5},"nm":"Transform"}],"nm":"Group 3","np":2,"cix":2,"ix":1,"mn":"ADBE Vector Group","hd":false},{"ty":"gr","it":[{"ind":0,"ty":"sh","ix":1,"ks":{"a":0,"k":{"i":[[0,0],[3.667,-4.833]],"o":[[0,0],[0,0]],"v":[[4.5,2.417],[-4.5,2.417]],"c":false},"ix":2},"nm":"Path 1","mn":"ADBE Vector Shape - Group","hd":false},{"ty":"st","c":{"a":0,"k":[0.536999990426,0.286000001197,0.286000001197,1],"ix":3},"o":{"a":0,"k":100,"ix":4},"w":{"a":0,"k":1.5,"ix":5},"lc":2,"lj":1,"ml":10,"nm":"Stroke 1","mn":"ADBE Vector Graphic - Stroke","hd":false},{"ty":"tr","p":{"a":0,"k":[25.333,0.482],"ix":2},"a":{"a":0,"k":[0,0],"ix":1},"s":{"a":0,"k":[100,100],"ix":3},"r":{"a":0,"k":0,"ix":6},"o":{"a":0,"k":100,"ix":7},"sk":{"a":0,"k":0,"ix":4},"sa":{"a":0,"k":0,"ix":5},"nm":"Transform"}],"nm":"Group 4","np":2,"cix":2,"ix":2,"mn":"ADBE Vector Group","hd":false},{"ty":"gr","it":[{"ind":0,"ty":"sh","ix":1,"ks":{"a":0,"k":{"i":[[0,0],[-3.667,-4.833]],"o":[[0,0],[0,0]],"v":[[-4.5,2.417],[4.5,2.417]],"c":false},"ix":2},"nm":"Path 1","mn":"ADBE Vector Shape - Group","hd":false},{"ty":"st","c":{"a":0,"k":[0.536999990426,0.286000001197,0.286000001197,1],"ix":3},"o":{"a":0,"k":100,"ix":4},"w":{"a":0,"k":1.5,"ix":5},"lc":2,"lj":1,"ml":10,"nm":"Stroke 1","mn":"ADBE Vector Graphic - Stroke","hd":false},{"ty":"tr","p":{"a":0,"k":[5.25,0.482],"ix":2},"a":{"a":0,"k":[0,0],"ix":1},"s":{"a":0,"k":[100,100],"ix":3},"r":{"a":0,"k":0,"ix":6},"o":{"a":0,"k":100,"ix":7},"sk":{"a":0,"k":0,"ix":4},"sa":{"a":0,"k":0,"ix":5},"nm":"Transform"}],"nm":"Group 5","np":2,"cix":2,"ix":3,"mn":"ADBE Vector Group","hd":false}],"ip":0,"op":2880,"st":0,"bm":0},{"ddd":0,"ind":3,"ty":4,"nm":"Google Guy","sr":1,"ks":{"o":{"a":0,"k":100,"ix":11},"r":{"a":0,"k":0,"ix":10},"p":{"a":1,"k":[{"i":{"x":0.667,"y":1},"o":{"x":0.333,"y":0},"n":"0p667_1_0p333_0","t":216,"s":[439.852,236.565,0],"e":[259.852,236.565,0],"to":[-30,0,0],"ti":[30,0,0]},{"t":224}],"ix":2},"a":{"a":0,"k":[72.852,219.565,0],"ix":1},"s":{"a":0,"k":[100,100,100],"ix":6}},"ao":0,"shapes":[{"ty":"gr","it":[{"ind":0,"ty":"sh","ix":1,"ks":{"a":0,"k":{"i":[[-1.458,-1.211],[0,0],[0.972,0],[0.675,-1.965],[0,0],[-3.254,0]],"o":[[0,0],[-0.767,-0.479],[-2.194,0],[0,0],[1.401,-2.701],[2.043,0]],"v":[[6.425,-1.458],[3.698,0.774],[1.052,0.018],[-3.682,3.396],[-6.425,1.15],[1.052,-3.396]],"c":true},"ix":2},"nm":"Path 1","mn":"ADBE Vector Shape - Group","hd":false},{"ty":"fl","c":{"a":0,"k":[0.882000014361,0.438999998803,0.603999956916,1],"ix":4},"o":{"a":0,"k":100,"ix":5},"r":1,"nm":"Fill 1","mn":"ADBE Vector Graphic - Fill","hd":false},{"ty":"tr","p":{"a":0,"k":[47.092,150.69],"ix":2},"a":{"a":0,"k":[0,0],"ix":1},"s":{"a":0,"k":[100,100],"ix":3},"r":{"a":0,"k":0,"ix":6},"o":{"a":0,"k":100,"ix":7},"sk":{"a":0,"k":0,"ix":4},"sa":{"a":0,"k":0,"ix":5},"nm":"Transform"}],"nm":"Group 1","np":2,"cix":2,"ix":1,"mn":"ADBE Vector Group","hd":false},{"ty":"gr","it":[{"ind":0,"ty":"sh","ix":1,"ks":{"a":0,"k":{"i":[[0,0],[0,0],[1.996,0],[1.422,2.637],[0,0],[-2.145,0],[-0.741,0.434]],"o":[[0,0],[-1.443,1.159],[-3.206,0],[0,0],[0.711,1.898],[0.922,0],[0,0]],"v":[[6.342,1.477],[6.343,1.478],[1.072,3.331],[-6.343,-1.098],[-3.614,-3.331],[1.072,-0.083],[3.6,-0.767]],"c":true},"ix":2},"nm":"Path 1","mn":"ADBE Vector Shape - Group","hd":false},{"ty":"fl","c":{"a":0,"k":[0.286000001197,0.838999968884,0.847000002394,1],"ix":4},"o":{"a":0,"k":100,"ix":5},"r":1,"nm":"Fill 1","mn":"ADBE Vector Graphic - Fill","hd":false},{"ty":"tr","p":{"a":0,"k":[47.071,160.799],"ix":2},"a":{"a":0,"k":[0,0],"ix":1},"s":{"a":0,"k":[100,100],"ix":3},"r":{"a":0,"k":0,"ix":6},"o":{"a":0,"k":100,"ix":7},"sk":{"a":0,"k":0,"ix":4},"sa":{"a":0,"k":0,"ix":5},"nm":"Transform"}],"nm":"Group 2","np":2,"cix":2,"ix":2,"mn":"ADBE Vector Group","hd":false},{"ty":"gr","it":[{"ind":0,"ty":"sh","ix":1,"ks":{"a":0,"k":{"i":[[0,0],[0,-0.537],[0.12,-0.567],[1.483,-1.193],[0,0],[0,0],[0,0],[-0.405,1.082],[0,0],[0,0],[0,0]],"o":[[0.097,0.509],[0,0.603],[-0.41,1.93],[0,0],[0,0],[0,0],[0.984,-0.578],[0,0],[0,0],[0,0],[0,0]],"v":[[3.971,-4.069],[4.117,-2.497],[3.934,-0.739],[0.969,4.069],[0.969,4.068],[-1.434,3.946],[-1.773,1.824],[0.385,-0.739],[-4.117,-0.739],[-4.117,-4.069],[0.451,-4.069]],"c":true},"ix":2},"nm":"Path 1","mn":"ADBE Vector Shape - Group","hd":false},{"ty":"fl","c":{"a":0,"k":[0.470999983245,0.552999997606,0.875,1],"ix":4},"o":{"a":0,"k":100,"ix":5},"r":1,"nm":"Fill 1","mn":"ADBE Vector Graphic - Fill","hd":false},{"ty":"tr","p":{"a":0,"k":[52.445,158.209],"ix":2},"a":{"a":0,"k":[0,0],"ix":1},"s":{"a":0,"k":[100,100],"ix":3},"r":{"a":0,"k":0,"ix":6},"o":{"a":0,"k":100,"ix":7},"sk":{"a":0,"k":0,"ix":4},"sa":{"a":0,"k":0,"ix":5},"nm":"Transform"}],"nm":"Group 3","np":2,"cix":2,"ix":3,"mn":"ADBE Vector Group","hd":false},{"ty":"gr","it":[{"ind":0,"ty":"sh","ix":1,"ks":{"a":0,"k":{"i":[[-0.206,-0.547],[0,0],[0,0],[0,1.445],[-0.603,1.159],[0,0],[0,0],[0,-0.569]],"o":[[0,0],[0,0],[-0.64,-1.186],[0,-1.395],[0,0],[0,0],[-0.175,0.51],[0,0.618]],"v":[[1.866,1.698],[1.279,3.886],[-0.863,3.93],[-1.866,-0.059],[-0.924,-3.93],[0.982,-3.58],[1.818,-1.685],[1.549,-0.059]],"c":true},"ix":2},"nm":"Path 1","mn":"ADBE Vector Shape - Group","hd":false},{"ty":"fl","c":{"a":0,"k":[0.957000014361,0.728999956916,0.39199999641,1],"ix":4},"o":{"a":0,"k":100,"ix":5},"r":1,"nm":"Fill 1","mn":"ADBE Vector Graphic - Fill","hd":false},{"ty":"tr","p":{"a":0,"k":[41.592,155.771],"ix":2},"a":{"a":0,"k":[0,0],"ix":1},"s":{"a":0,"k":[100,100],"ix":3},"r":{"a":0,"k":0,"ix":6},"o":{"a":0,"k":100,"ix":7},"sk":{"a":0,"k":0,"ix":4},"sa":{"a":0,"k":0,"ix":5},"nm":"Transform"}],"nm":"Group 4","np":2,"cix":2,"ix":4,"mn":"ADBE Vector Group","hd":false},{"ty":"gr","it":[{"ind":0,"ty":"sh","ix":1,"ks":{"a":0,"k":{"i":[[0.001,-0.153],[0,0],[0.267,-1.234],[0.146,-0.298],[2.58,-1.591],[1.161,0.133],[0,0],[0.568,0.309],[0.128,-0.013],[0,0],[-0.412,1.202],[0,0],[0,0],[0,0],[-6.768,-0.346],[-0.304,0.102],[0,0]],"o":[[-0.021,4.729],[0.263,2.777],[-0.07,0.325],[-2.532,5.166],[-0.994,0.615],[-11.659,-1.329],[1.215,-3.912],[-0.113,-0.062],[0,0],[-0.773,0.119],[0,0],[3.529,-5.26],[2.539,-2.012],[0,0],[0.297,0.016],[0,0],[0,0]],"v":[[13.405,-13.912],[13.185,-4.252],[12.568,3.01],[11.12,5.881],[1.542,14.943],[-1.788,15.683],[-8.333,4.392],[-7.726,-0.025],[-8.09,-0.097],[-11.676,2.476],[-12.26,-0.438],[-8.93,-7.868],[-0.818,-11.879],[0.986,-15.816],[11.585,-13.914],[12.661,-14.075],[13.426,-14.272]],"c":true},"ix":2},"nm":"Path 1","mn":"ADBE Vector Shape - Group","hd":false},{"ty":"fl","c":{"a":0,"k":[1,0.816000007181,0.611999990426,1],"ix":4},"o":{"a":0,"k":100,"ix":5},"r":1,"nm":"Fill 1","mn":"ADBE Vector Graphic - Fill","hd":false},{"ty":"tr","p":{"a":0,"k":[123.896,283.158],"ix":2},"a":{"a":0,"k":[0,0],"ix":1},"s":{"a":0,"k":[100,100],"ix":3},"r":{"a":0,"k":0,"ix":6},"o":{"a":0,"k":100,"ix":7},"sk":{"a":0,"k":0,"ix":4},"sa":{"a":0,"k":0,"ix":5},"nm":"Transform"}],"nm":"Group 5","np":2,"cix":2,"ix":5,"mn":"ADBE Vector Group","hd":false},{"ty":"gr","it":[{"ind":0,"ty":"sh","ix":1,"ks":{"a":0,"k":{"i":[[1.349,0.826],[0.818,0.08],[0.921,-0.031],[1.01,-0.184],[-1.671,-0.191],[-0.813,0.093]],"o":[[-0.708,-0.433],[-0.918,-0.089],[-1.026,0.034],[1.617,0.463],[0.81,0.092],[0.33,-0.038]],"v":[[4.03,-0.174],[1.35,-0.611],[-1.412,-0.699],[-4.472,-0.373],[0.472,0.609],[2.918,0.664]],"c":true},"ix":2},"nm":"Path 1","mn":"ADBE Vector Shape - Group","hd":false},{"ty":"fl","c":{"a":0,"k":[0.136999990426,0.122000002394,0.125,1],"ix":4},"o":{"a":0,"k":100,"ix":5},"r":1,"nm":"Fill 1","mn":"ADBE Vector Graphic - Fill","hd":false},{"ty":"tr","p":{"a":0,"k":[19.452,211.625],"ix":2},"a":{"a":0,"k":[0,0],"ix":1},"s":{"a":0,"k":[100,100],"ix":3},"r":{"a":0,"k":0,"ix":6},"o":{"a":0,"k":15,"ix":7},"sk":{"a":0,"k":0,"ix":4},"sa":{"a":0,"k":0,"ix":5},"nm":"Transform"}],"nm":"Group 6","np":2,"cix":2,"ix":6,"mn":"ADBE Vector Group","hd":false},{"ty":"gr","it":[{"ind":0,"ty":"sh","ix":1,"ks":{"a":0,"k":{"i":[[0.273,0.04],[1.797,0.131],[1.036,0.032],[-0.58,-0.203],[-0.615,-0.043],[-1.208,-0.083],[-0.732,0.237],[0.172,0.306]],"o":[[-1.782,-0.26],[-1.033,-0.075],[0.259,0.558],[0.581,0.203],[1.207,0.083],[0.755,0.052],[0.235,-0.077],[-0.154,-0.274]],"v":[[3.701,-0.117],[-1.67,-0.704],[-4.775,-0.865],[-3.391,0.279],[-1.573,0.569],[2.049,0.819],[4.347,0.691],[4.724,0.162]],"c":true},"ix":2},"nm":"Path 1","mn":"ADBE Vector Shape - Group","hd":false},{"ty":"fl","c":{"a":0,"k":[0.136999990426,0.122000002394,0.125,1],"ix":4},"o":{"a":0,"k":100,"ix":5},"r":1,"nm":"Fill 1","mn":"ADBE Vector Graphic - Fill","hd":false},{"ty":"tr","p":{"a":0,"k":[19.681,206.663],"ix":2},"a":{"a":0,"k":[0,0],"ix":1},"s":{"a":0,"k":[100,100],"ix":3},"r":{"a":0,"k":0,"ix":6},"o":{"a":0,"k":15,"ix":7},"sk":{"a":0,"k":0,"ix":4},"sa":{"a":0,"k":0,"ix":5},"nm":"Transform"}],"nm":"Group 7","np":2,"cix":2,"ix":7,"mn":"ADBE Vector Group","hd":false},{"ty":"gr","it":[{"ind":0,"ty":"sh","ix":1,"ks":{"a":0,"k":{"i":[[-0.979,-0.152],[-0.887,0.121],[0.415,0.12],[0.507,0.146],[0,0],[1.896,0.065],[-1.923,-0.48]],"o":[[0.886,0.138],[-0.333,-0.254],[-0.506,-0.146],[0,0],[-1.823,-0.524],[1.803,0.822],[0.962,0.24]],"v":[[2.817,1.111],[5.702,1.407],[4.321,0.963],[2.802,0.526],[-0.139,-0.321],[-5.703,-1.437],[-0.097,0.522]],"c":true},"ix":2},"nm":"Path 1","mn":"ADBE Vector Shape - Group","hd":false},{"ty":"fl","c":{"a":0,"k":[0.136999990426,0.122000002394,0.125,1],"ix":4},"o":{"a":0,"k":100,"ix":5},"r":1,"nm":"Fill 1","mn":"ADBE Vector Graphic - Fill","hd":false},{"ty":"tr","p":{"a":0,"k":[19.036,200.329],"ix":2},"a":{"a":0,"k":[0,0],"ix":1},"s":{"a":0,"k":[100,100],"ix":3},"r":{"a":0,"k":0,"ix":6},"o":{"a":0,"k":15,"ix":7},"sk":{"a":0,"k":0,"ix":4},"sa":{"a":0,"k":0,"ix":5},"nm":"Transform"}],"nm":"Group 8","np":2,"cix":2,"ix":8,"mn":"ADBE Vector Group","hd":false},{"ty":"gr","it":[{"ind":0,"ty":"sh","ix":1,"ks":{"a":1,"k":[{"i":{"x":0.833,"y":0.833},"o":{"x":0.167,"y":0.167},"n":"0p833_0p833_0p167_0p167","t":225,"s":[{"i":[[-0.503,-0.613],[-0.118,-0.187],[-0.076,-0.203],[0.135,-0.886],[0.19,-1.265],[-0.394,-0.315],[-0.176,-0.019],[-0.302,1.123],[0.11,0.659],[0,0],[0.198,0.07],[-0.149,-0.283]],"o":[[0.141,0.172],[0.115,0.182],[0.317,0.839],[-0.19,1.266],[-0.071,0.503],[0.138,0.111],[-0.284,-2.485],[0.174,-0.645],[-0.429,-2.585],[-0.581,-0.258],[0.307,0.343],[0.378,0.707]],"v":[[-0.402,6.613],[0.428,7.087],[0.157,10.538],[0.209,13.198],[-0.361,16.994],[0.748,5.979],[1.179,6.177],[1.537,7.324],[0.733,7.847],[-1.667,6.904],[-2.723,6.51],[-2.089,5.881]],"c":true}],"e":[{"i":[[-0.503,-0.613],[-0.118,-0.187],[-0.076,-0.203],[0.135,-0.886],[0.19,-1.265],[-0.394,-0.315],[-0.176,-0.019],[-0.302,1.123],[0.11,0.659],[0,0],[0.198,0.07],[-0.149,-0.283]],"o":[[0.141,0.172],[0.115,0.182],[0.317,0.839],[-0.19,1.266],[-0.071,0.503],[0.138,0.111],[-0.284,-2.485],[0.174,-0.645],[-0.429,-2.585],[-0.581,-0.258],[0.307,0.343],[0.378,0.707]],"v":[[0.223,-3.262],[0.616,-2.725],[0.907,-2.149],[0.959,0.511],[0.389,4.307],[0.748,5.979],[1.179,6.177],[1.787,-0.051],[1.921,-2.028],[-0.917,-5.783],[-1.973,-6.177],[-1.276,-5.119]],"c":true}]},{"t":228}],"ix":2},"nm":"Path 1","mn":"ADBE Vector Shape - Group","hd":false},{"ty":"fl","c":{"a":0,"k":[0.136999990426,0.122000002394,0.125,1],"ix":4},"o":{"a":0,"k":100,"ix":5},"r":1,"nm":"Fill 1","mn":"ADBE Vector Graphic - Fill","hd":false},{"ty":"tr","p":{"a":0,"k":[17.055,188.799],"ix":2},"a":{"a":0,"k":[0,0],"ix":1},"s":{"a":0,"k":[100,100],"ix":3},"r":{"a":0,"k":0,"ix":6},"o":{"a":0,"k":15,"ix":7},"sk":{"a":0,"k":0,"ix":4},"sa":{"a":0,"k":0,"ix":5},"nm":"Transform"}],"nm":"Group 9","np":2,"cix":2,"ix":9,"mn":"ADBE Vector Group","hd":false},{"ty":"gr","it":[{"ind":0,"ty":"sh","ix":1,"ks":{"a":1,"k":[{"i":{"x":0.833,"y":0.833},"o":{"x":0.167,"y":0.167},"n":"0p833_0p833_0p167_0p167","t":225,"s":[{"i":[[4.883,2.776],[-0.052,1.733],[0.921,0.46],[2.488,0.646],[0.001,0.008],[-0.314,1.063],[0.544,0.023],[0,0],[0.198,0.069],[-0.01,-1.077],[-0.219,-0.221],[0,0],[0,0],[0.917,-1.612],[-2.481,-1.709],[-4.54,-3.551],[-3.553,-1.738],[-4.611,-1.406],[-2.24,4.627],[-0.185,0.189],[0,0],[-0.306,0.127],[2.49,3.067]],"o":[[0,0],[0.03,-1.029],[-1.36,-0.678],[-0.001,-0.008],[-0.281,-2.463],[0.156,-0.53],[-0.518,0.148],[-0.219,-0.098],[-3.383,-1.222],[0.002,0.311],[3.085,3.135],[0,0],[-1.681,0.267],[0,0],[0,0],[0,0],[0,0],[0,0],[0.115,-0.238],[0,0],[0.232,-0.237],[0.92,-0.381],[0,0]],"v":[[7.411,2.375],[8.39,-0.13],[6.925,-2.57],[0.75,-4.939],[0.746,-4.962],[0.436,-4.931],[-0.313,-4.877],[-1.13,-4.839],[-2.196,-5.09],[-5.946,-3.083],[-5.612,-2.247],[-4.529,-5.562],[-4.653,-5.396],[-8.712,-2.743],[-7.787,0.898],[-7.754,7.551],[-6.765,12.472],[-3.988,17.067],[5.416,13.497],[5.859,12.844],[5.996,12.704],[6.817,12.159],[7.128,7.494]],"c":true}],"e":[{"i":[[4.883,2.776],[-0.052,1.733],[0.921,0.46],[2.488,0.646],[0.001,0.008],[-0.314,1.063],[0.053,0.549],[0,0],[0.198,0.069],[-0.01,-1.077],[-0.219,-0.221],[0,0],[0,0],[0.917,-1.612],[-2.481,-1.709],[-4.54,-3.551],[-3.553,-1.738],[-4.611,-1.406],[-2.24,4.627],[-0.185,0.189],[0,0],[-0.306,0.127],[2.49,3.067]],"o":[[0,0],[0.03,-1.029],[-1.36,-0.678],[-0.001,-0.008],[-0.281,-2.463],[0.156,-0.53],[-0.267,-2.817],[-0.219,-0.098],[-3.383,-1.222],[0.002,0.311],[3.085,3.135],[0,0],[-1.681,0.267],[0,0],[0,0],[0,0],[0,0],[0,0],[0.115,-0.238],[0,0],[0.232,-0.237],[0.92,-0.381],[0,0]],"v":[[7.411,2.375],[8.39,-0.13],[6.925,-2.57],[0.75,-4.939],[0.746,-4.962],[1.373,-10.931],[1.562,-12.564],[-1.318,-16.651],[-1.946,-16.902],[-5.696,-14.895],[-5.362,-14.059],[-4.529,-5.562],[-4.653,-5.396],[-8.712,-2.743],[-7.787,0.898],[-7.754,7.551],[-6.765,12.472],[-3.988,17.067],[5.416,13.497],[5.859,12.844],[5.996,12.704],[6.817,12.159],[7.128,7.494]],"c":true}]},{"t":228}],"ix":2},"nm":"Path 1","mn":"ADBE Vector Shape - Group","hd":false},{"ty":"fl","c":{"a":0,"k":[1,0.816000007181,0.611999990426,1],"ix":4},"o":{"a":0,"k":100,"ix":5},"r":1,"nm":"Fill 1","mn":"ADBE Vector Graphic - Fill","hd":false},{"ty":"tr","p":{"a":0,"k":[17.456,199.666],"ix":2},"a":{"a":0,"k":[0,0],"ix":1},"s":{"a":0,"k":[100,100],"ix":3},"r":{"a":0,"k":0,"ix":6},"o":{"a":0,"k":100,"ix":7},"sk":{"a":0,"k":0,"ix":4},"sa":{"a":0,"k":0,"ix":5},"nm":"Transform"}],"nm":"Group 10","np":2,"cix":2,"ix":10,"mn":"ADBE Vector Group","hd":false},{"ty":"gr","it":[{"ty":"gr","it":[{"ind":0,"ty":"sh","ix":1,"ks":{"a":0,"k":{"i":[[1.478,-0.231],[0,0],[0,-1.51],[0,0],[0,0],[-4.078,2.258],[0,0]],"o":[[-2.557,0.402],[0,0],[0,0],[0,1.259],[0,0],[4.05,-2.243],[0,0]],"v":[[4.09,-2.922],[-9.034,-4.109],[-9,-1.894],[-9,1.986],[-9.034,4.195],[3.651,2.249],[9.033,-4.21]],"c":true},"ix":2},"nm":"Path 1","mn":"ADBE Vector Shape - Group","hd":false},{"ty":"fl","c":{"a":0,"k":[0.224000010771,0.250999989229,0.375999989229,1],"ix":4},"o":{"a":0,"k":100,"ix":5},"r":1,"nm":"Fill 1","mn":"ADBE Vector Graphic - Fill","hd":false},{"ty":"tr","p":{"a":0,"k":[77.988,92.539],"ix":2},"a":{"a":0,"k":[0,0],"ix":1},"s":{"a":0,"k":[100,100],"ix":3},"r":{"a":0,"k":0,"ix":6},"o":{"a":0,"k":15,"ix":7},"sk":{"a":0,"k":0,"ix":4},"sa":{"a":0,"k":0,"ix":5},"nm":"Transform"}],"nm":"Group 15","np":2,"cix":2,"ix":1,"mn":"ADBE Vector Group","hd":false},{"ty":"gr","it":[{"ind":0,"ty":"sh","ix":1,"ks":{"a":0,"k":{"i":[[2.292,0],[0,-2.291],[-2.292,0],[0,2.292]],"o":[[-2.292,0],[0,2.292],[2.292,0],[0,-2.291]],"v":[[0,-4.15],[-4.149,-0.001],[0,4.15],[4.149,-0.001]],"c":true},"ix":2},"nm":"Path 1","mn":"ADBE Vector Shape - Group","hd":false},{"ind":1,"ty":"sh","ix":2,"ks":{"a":0,"k":{"i":[[4.367,0],[0,0],[0,4.368],[-4.367,0],[0,-4.367]],"o":[[0,0],[-4.367,0],[0,-4.367],[4.367,0],[0,4.368]],"v":[[0,7.908],[0,7.908],[-7.907,-0.001],[0,-7.908],[7.907,-0.001]],"c":true},"ix":2},"nm":"Path 2","mn":"ADBE Vector Shape - Group","hd":false},{"ty":"fl","c":{"a":0,"k":[0.224000010771,0.250999989229,0.375999989229,1],"ix":4},"o":{"a":0,"k":100,"ix":5},"r":1,"nm":"Fill 1","mn":"ADBE Vector Graphic - Fill","hd":false},{"ty":"tr","p":{"a":0,"k":[78.178,81.685],"ix":2},"a":{"a":0,"k":[0,0],"ix":1},"s":{"a":0,"k":[100,100],"ix":3},"r":{"a":0,"k":0,"ix":6},"o":{"a":0,"k":100,"ix":7},"sk":{"a":0,"k":0,"ix":4},"sa":{"a":0,"k":0,"ix":5},"nm":"Transform"}],"nm":"Group 13","np":3,"cix":2,"ix":2,"mn":"ADBE Vector Group","hd":false},{"ty":"gr","it":[{"ind":0,"ty":"sh","ix":1,"ks":{"a":0,"k":{"i":[[0,0],[-0.176,-0.832],[-14.98,0.675],[-5.636,29.077],[0,0],[16.633,8.586],[0.048,0.027],[5.455,12.027]],"o":[[-0.64,0.56],[1.15,5.433],[0,0],[0,0],[0,0],[-0.049,-0.025],[-0.853,-0.48],[0,0]],"v":[[-21.16,-13.07],[-21.834,-10.813],[1.18,13.038],[22.01,-14.171],[19.796,-14.906],[-5.581,3.38],[-5.72,3.305],[-20.105,-13.992]],"c":true},"ix":2},"nm":"Path 1","mn":"ADBE Vector Shape - Group","hd":false},{"ty":"fl","c":{"a":0,"k":[0.224000010771,0.250999989229,0.375999989229,1],"ix":4},"o":{"a":0,"k":100,"ix":5},"r":1,"nm":"Fill 1","mn":"ADBE Vector Graphic - Fill","hd":false},{"ty":"tr","p":{"a":0,"k":[77.156,78.325],"ix":2},"a":{"a":0,"k":[0,0],"ix":1},"s":{"a":0,"k":[100,100],"ix":3},"r":{"a":0,"k":0,"ix":6},"o":{"a":0,"k":100,"ix":7},"sk":{"a":0,"k":0,"ix":4},"sa":{"a":0,"k":0,"ix":5},"nm":"Transform"}],"nm":"Group 14","np":2,"cix":2,"ix":3,"mn":"ADBE Vector Group","hd":false},{"ty":"gr","it":[{"ind":0,"ty":"sh","ix":1,"ks":{"a":0,"k":{"i":[[0,0],[1.4,-5.729],[0,0],[-0.929,12.006],[0,0],[-1.068,0.109]],"o":[[1.528,-0.156],[0,0],[0,0],[0,0],[0.406,-2.336],[0,0]],"v":[[1.169,-13.607],[3.533,-10.861],[-1.708,9.606],[-4.004,4.583],[-2.847,-11.361],[-0.867,-13.399]],"c":true},"ix":2},"nm":"Path 1","mn":"ADBE Vector Shape - Group","hd":false},{"ty":"fl","c":{"a":0,"k":[0.224000010771,0.250999989229,0.375999989229,1],"ix":4},"o":{"a":0,"k":100,"ix":5},"r":1,"nm":"Fill 1","mn":"ADBE Vector Graphic - Fill","hd":false},{"ty":"tr","p":{"a":0,"k":[100.873,54.548],"ix":2},"a":{"a":0,"k":[0,0],"ix":1},"s":{"a":0,"k":[100,100],"ix":3},"r":{"a":0,"k":0,"ix":6},"o":{"a":0,"k":100,"ix":7},"sk":{"a":0,"k":0,"ix":4},"sa":{"a":0,"k":0,"ix":5},"nm":"Transform"}],"nm":"Group 16","np":2,"cix":2,"ix":4,"mn":"ADBE Vector Group","hd":false},{"ty":"gr","it":[{"ind":0,"ty":"sh","ix":1,"ks":{"a":1,"k":[{"i":{"x":0.667,"y":1},"o":{"x":0.333,"y":0},"n":"0p667_1_0p333_0","t":218,"s":[{"i":[[2.138,6.902],[0.066,0.391],[-5.784,1.113],[-4.061,-1.467],[-4.808,1.211],[-4.104,0.784],[-4.73,3.483],[-0.614,5.582],[5.136,4.582],[3.767,-0.22],[3.21,-4.401],[7.339,-0.791],[3.535,1.137],[4.606,-0.555],[2.118,-5.643],[-3.115,-6.306],[-2.808,-5.69],[-0.561,-1.136],[-0.469,0.242]],"o":[[-0.262,-0.846],[-0.982,-5.838],[4.511,-0.867],[4.723,1.706],[4.043,-1.019],[6.232,-1.191],[4.488,-3.304],[0.72,-6.534],[-2.849,-2.542],[-5.824,0.339],[-4.327,5.933],[-3.701,0.398],[-4.245,-1.364],[-5.958,0.72],[-2.66,7.09],[2.81,5.688],[0.561,1.135],[0.228,0.46],[2.071,-1.077]],"v":[[-26.283,20.955],[-26.853,19.06],[-18.505,6.982],[-5.818,10.359],[9.164,10.499],[21.202,7.118],[29.14,-0.509],[34.993,-16.276],[31.044,-34.209],[19.931,-36.289],[6.857,-26.941],[-1.973,-15.942],[-12.924,-17.131],[-26.451,-19.556],[-39.803,-8.824],[-35.79,11.615],[-27.365,28.682],[-25.324,33.443],[-24.277,33.827]],"c":true}],"e":[{"i":[[2.138,6.902],[0.066,0.391],[-5.784,1.113],[-4.061,-1.467],[-4.808,1.211],[-4.104,0.784],[-4.73,3.483],[-0.614,5.582],[5.136,4.582],[3.767,-0.22],[3.21,-4.401],[7.339,-0.791],[3.535,1.137],[4.606,-0.555],[2.118,-5.643],[-3.115,-6.306],[-2.808,-5.69],[-0.561,-1.136],[-0.469,0.242]],"o":[[-0.262,-0.846],[-0.982,-5.838],[4.511,-0.867],[4.723,1.706],[4.043,-1.019],[6.232,-1.191],[4.488,-3.304],[0.72,-6.534],[-2.849,-2.542],[-5.824,0.339],[-4.327,5.933],[-3.701,0.398],[-4.245,-1.364],[-5.958,0.72],[-2.66,7.09],[2.81,5.688],[0.561,1.135],[0.228,0.46],[2.071,-1.077]],"v":[[-26.283,20.955],[-26.853,19.06],[-18.505,6.982],[-5.818,10.359],[9.164,10.499],[21.202,7.118],[29.14,-0.509],[34.993,-16.276],[31.044,-34.209],[19.931,-36.289],[6.857,-26.941],[-1.973,-15.942],[-12.924,-17.131],[-26.451,-19.556],[-39.803,-8.824],[-35.79,11.615],[-27.365,28.682],[-25.324,33.443],[-24.277,33.827]],"c":true}]},{"i":{"x":0.667,"y":1},"o":{"x":0.333,"y":0},"n":"0p667_1_0p333_0","t":221,"s":[{"i":[[2.138,6.902],[0.066,0.391],[-5.784,1.113],[-4.061,-1.467],[-4.808,1.211],[-4.104,0.784],[-4.73,3.483],[-0.614,5.582],[5.136,4.582],[3.767,-0.22],[3.21,-4.401],[7.339,-0.791],[3.535,1.137],[4.606,-0.555],[2.118,-5.643],[-3.115,-6.306],[-2.808,-5.69],[-0.561,-1.136],[-0.469,0.242]],"o":[[-0.262,-0.846],[-0.982,-5.838],[4.511,-0.867],[4.723,1.706],[4.043,-1.019],[6.232,-1.191],[4.488,-3.304],[0.72,-6.534],[-2.849,-2.542],[-5.824,0.339],[-4.327,5.933],[-3.701,0.398],[-4.245,-1.364],[-5.958,0.72],[-2.66,7.09],[2.81,5.688],[0.561,1.135],[0.228,0.46],[2.071,-1.077]],"v":[[-26.283,20.955],[-26.853,19.06],[-18.505,6.982],[-5.818,10.359],[9.164,10.499],[21.202,7.118],[29.14,-0.509],[34.993,-16.276],[31.044,-34.209],[19.931,-36.289],[6.857,-26.941],[-1.973,-15.942],[-12.924,-17.131],[-26.451,-19.556],[-39.803,-8.824],[-35.79,11.615],[-27.365,28.682],[-25.324,33.443],[-24.277,33.827]],"c":true}],"e":[{"i":[[2.138,6.902],[0.066,0.391],[-5.784,1.113],[-4.061,-1.467],[-4.808,1.211],[-4.104,0.784],[-2.286,4.191],[-0.614,5.582],[5.136,4.582],[2.995,-1.466],[0.746,-5.127],[7.339,-0.791],[3.535,1.137],[4.606,-0.555],[2.118,-5.643],[-3.115,-6.306],[-2.808,-5.69],[-0.561,-1.136],[-0.469,0.242]],"o":[[-0.262,-0.846],[-0.982,-5.838],[4.511,-0.867],[4.723,1.706],[4.043,-1.019],[6.232,-1.191],[2.668,-4.893],[0.72,-6.534],[-2.849,-2.542],[-6.577,3.221],[-1.058,7.267],[-3.701,0.398],[-4.245,-1.364],[-5.958,0.72],[-2.66,7.09],[2.81,5.688],[0.561,1.135],[0.228,0.46],[2.071,-1.077]],"v":[[-26.283,20.955],[-26.853,19.06],[-18.505,6.982],[-5.818,10.359],[9.164,10.499],[21.202,7.118],[26.14,-1.259],[32.493,-16.276],[24.544,-36.459],[10.681,-36.789],[3.858,-27.691],[-1.973,-15.942],[-12.923,-17.131],[-26.451,-19.556],[-39.803,-8.824],[-35.79,11.615],[-27.365,28.682],[-25.324,33.443],[-24.277,33.827]],"c":true}]},{"i":{"x":0.667,"y":1},"o":{"x":0.167,"y":0},"n":"0p667_1_0p167_0","t":226,"s":[{"i":[[2.138,6.902],[0.066,0.391],[-5.784,1.113],[-4.061,-1.467],[-4.808,1.211],[-4.104,0.784],[-2.286,4.191],[-0.614,5.582],[5.136,4.582],[2.995,-1.466],[0.746,-5.127],[7.339,-0.791],[3.535,1.137],[4.606,-0.555],[2.118,-5.643],[-3.115,-6.306],[-2.808,-5.69],[-0.561,-1.136],[-0.469,0.242]],"o":[[-0.262,-0.846],[-0.982,-5.838],[4.511,-0.867],[4.723,1.706],[4.043,-1.019],[6.232,-1.191],[2.668,-4.893],[0.72,-6.534],[-2.849,-2.542],[-6.577,3.221],[-1.058,7.267],[-3.701,0.398],[-4.245,-1.364],[-5.958,0.72],[-2.66,7.09],[2.81,5.688],[0.561,1.135],[0.228,0.46],[2.071,-1.077]],"v":[[-26.283,20.955],[-26.853,19.06],[-18.505,6.982],[-5.818,10.359],[9.164,10.499],[21.202,7.118],[26.14,-1.259],[32.493,-16.276],[24.544,-36.459],[10.681,-36.789],[3.858,-27.691],[-1.973,-15.942],[-12.923,-17.131],[-26.451,-19.556],[-39.803,-8.824],[-35.79,11.615],[-27.365,28.682],[-25.324,33.443],[-24.277,33.827]],"c":true}],"e":[{"i":[[2.138,6.902],[0.066,0.391],[-5.784,1.113],[-4.061,-1.467],[-4.808,1.211],[-4.104,0.784],[-4.73,3.483],[-0.614,5.582],[5.136,4.582],[3.767,-0.22],[3.21,-4.401],[7.339,-0.791],[3.535,1.137],[4.606,-0.555],[2.118,-5.643],[-3.115,-6.306],[-2.808,-5.69],[-0.561,-1.136],[-0.469,0.242]],"o":[[-0.262,-0.846],[-0.982,-5.838],[4.511,-0.867],[4.723,1.706],[4.043,-1.019],[6.232,-1.191],[4.488,-3.304],[0.72,-6.534],[-2.849,-2.542],[-5.824,0.339],[-4.327,5.933],[-3.701,0.398],[-4.245,-1.364],[-5.958,0.72],[-2.66,7.09],[2.81,5.688],[0.561,1.135],[0.228,0.46],[2.071,-1.077]],"v":[[-26.283,20.955],[-26.853,19.06],[-18.505,6.982],[-5.818,10.359],[9.164,10.499],[21.202,7.118],[29.14,-0.509],[34.993,-16.276],[31.044,-34.209],[19.931,-36.289],[6.857,-26.941],[-1.973,-15.942],[-12.924,-17.131],[-26.451,-19.556],[-39.803,-8.824],[-35.79,11.615],[-27.365,28.682],[-25.324,33.443],[-24.277,33.827]],"c":true}]},{"t":234}],"ix":2},"nm":"Path 1","mn":"ADBE Vector Shape - Group","hd":false},{"ty":"fl","c":{"a":0,"k":[0.224000010771,0.250999989229,0.375999989229,1],"ix":4},"o":{"a":0,"k":100,"ix":5},"r":1,"nm":"Fill 1","mn":"ADBE Vector Graphic - Fill","hd":false},{"ty":"tr","p":{"a":0,"k":[80.646,34.069],"ix":2},"a":{"a":0,"k":[0,0],"ix":1},"s":{"a":0,"k":[100,100],"ix":3},"r":{"a":0,"k":0,"ix":6},"o":{"a":0,"k":100,"ix":7},"sk":{"a":0,"k":0,"ix":4},"sa":{"a":0,"k":0,"ix":5},"nm":"Transform"}],"nm":"Group 17","np":2,"cix":2,"ix":5,"mn":"ADBE Vector Group","hd":false},{"ty":"gr","it":[{"ind":0,"ty":"sh","ix":1,"ks":{"a":0,"k":{"i":[[1.971,0.27],[0.056,0.004],[0,0],[1.386,0.072],[0,0],[-0.295,-1.418],[0,0],[0,0],[1.066,-1.168],[-1.338,-3.35],[-5.045,-1.853],[-0.516,0.836],[-6.763,-3.882],[0,-0.001],[0,0],[0,0],[0,0],[0,0],[0.003,0.013],[-2.326,8.075],[-0.178,-0.027],[0,0]],"o":[[-0.057,-0.008],[0,0],[0.332,-1.348],[0,0],[-1.445,-0.075],[0,0],[0,0],[-0.642,-1.445],[-1.25,1.371],[0,0],[1.083,0.398],[1.881,5.259],[0,0.001],[0,0],[-1.148,9.041],[8.036,-1.435],[0,0],[-0.002,-0.013],[3.09,-2.449],[0.158,0.066],[7.907,1.209],[0,-4.429]],"v":[[25.879,-19.903],[25.712,-19.911],[28.706,-32.062],[26.674,-34.798],[-23.475,-37.381],[-25.751,-34.726],[-20.518,-9.553],[-24.701,-18.984],[-28.333,-19.605],[-29.221,-12.656],[-21.393,-2.268],[-18.745,-3.199],[-6.318,13.722],[-6.318,13.725],[-6.387,28.416],[9.829,34.587],[15.282,28.559],[12.469,13.046],[12.46,13.011],[21.247,-1.969],[21.751,-1.824],[30.56,-14.028]],"c":true},"ix":2},"nm":"Path 1","mn":"ADBE Vector Shape - Group","hd":false},{"ty":"fl","c":{"a":0,"k":[1,0.816000007181,0.611999990426,1],"ix":4},"o":{"a":0,"k":100,"ix":5},"r":1,"nm":"Fill 1","mn":"ADBE Vector Graphic - Fill","hd":false},{"ty":"tr","p":{"a":0,"k":[75.273,74.705],"ix":2},"a":{"a":0,"k":[0,0],"ix":1},"s":{"a":0,"k":[100,100],"ix":3},"r":{"a":0,"k":0,"ix":6},"o":{"a":0,"k":100,"ix":7},"sk":{"a":0,"k":0,"ix":4},"sa":{"a":0,"k":0,"ix":5},"nm":"Transform"}],"nm":"Group 18","np":2,"cix":2,"ix":6,"mn":"ADBE Vector Group","hd":false},{"ty":"tr","p":{"a":0,"k":[78.645,104.676],"ix":2},"a":{"a":0,"k":[78.645,104.676],"ix":1},"s":{"a":0,"k":[100,100],"ix":3},"r":{"a":1,"k":[{"i":{"x":[0.667],"y":[1]},"o":{"x":[0.333],"y":[0]},"n":["0p667_1_0p333_0"],"t":218,"s":[0],"e":[-5]},{"i":{"x":[0.667],"y":[1]},"o":{"x":[0.333],"y":[0]},"n":["0p667_1_0p333_0"],"t":226,"s":[-5],"e":[0]},{"t":234}],"ix":6},"o":{"a":0,"k":100,"ix":7},"sk":{"a":0,"k":0,"ix":4},"sa":{"a":0,"k":0,"ix":5},"nm":"Transform"}],"nm":"Group 21","np":6,"cix":2,"ix":11,"mn":"ADBE Vector Group","hd":false},{"ty":"gr","it":[{"ind":0,"ty":"sh","ix":1,"ks":{"a":0,"k":{"i":[[0.186,0.187],[0,0],[0.153,-0.551],[0,0],[0,0],[0.357,-0.352],[0,0],[-0.049,-0.214],[-1.03,-5.211],[-0.081,-0.14],[0,0],[-0.184,0.702],[0,0]],"o":[[0,0],[-0.409,-0.524],[0,0],[0,0],[-0.193,-0.554],[0,0],[-0.157,0.155],[1.403,5.945],[0.05,0.251],[0,0],[0.256,0.678],[0,0],[0.068,-0.256]],"v":[[25.987,-47.757],[18.3,-50.817],[16.876,-50.557],[-2.487,19.221],[-16.509,-50.417],[-17.79,-50.806],[-26.024,-47.444],[-26.197,-46.856],[-4.844,42.969],[-4.646,43.547],[-2.972,50.663],[-1.556,50.589],[26.178,-47.043]],"c":true},"ix":2},"nm":"Path 1","mn":"ADBE Vector Shape - Group","hd":false},{"ty":"fl","c":{"a":0,"k":[0.875,0.905999995213,0.957000014361,1],"ix":4},"o":{"a":0,"k":100,"ix":5},"r":1,"nm":"Fill 1","mn":"ADBE Vector Graphic - Fill","hd":false},{"ty":"tr","p":{"a":0,"k":[80.335,156.898],"ix":2},"a":{"a":0,"k":[0,0],"ix":1},"s":{"a":0,"k":[100,100],"ix":3},"r":{"a":0,"k":0,"ix":6},"o":{"a":0,"k":100,"ix":7},"sk":{"a":0,"k":0,"ix":4},"sa":{"a":0,"k":0,"ix":5},"nm":"Transform"}],"nm":"Group 11","np":2,"cix":2,"ix":12,"mn":"ADBE Vector Group","hd":false},{"ty":"gr","it":[{"ind":0,"ty":"sh","ix":1,"ks":{"a":0,"k":{"i":[[0.759,25.392],[1.565,9.136],[2.436,4.431],[0.138,0.063],[0.109,0.054],[0,0],[1.999,0.92],[0,0],[0.179,-0.655],[0,0],[0.174,0.889],[0,0],[0.5,-0.418],[0,0],[0.57,-0.306],[0,0],[0.487,-0.36],[0,0],[0.066,-0.076],[5.411,-35.04],[2.306,-2.624],[-1.769,-5.507],[-6.18,4.809],[-2.336,23.085],[0,0],[0.002,-0.046],[0,0],[-3.859,-0.663],[0,0],[-1.479,4.636],[0,0],[0.003,0.097],[0,0],[0,0],[-0.013,-0.051],[0,0],[-5.04,0.785],[0,0],[0.114,4.177],[0,0],[-0.486,3.267],[0,0],[0,0],[0,0],[-2.418,0.184],[0,0],[-0.223,1.956]],"o":[[-0.475,-15.878],[-4.181,-24.401],[-0.086,-0.157],[-0.075,-0.09],[0,0],[-2.125,-0.937],[0,0],[-0.622,-0.373],[0,0],[-0.47,3.242],[0,0],[-0.125,-0.639],[0,0],[-0.376,0.209],[0,0],[-0.169,0.017],[0,0],[-0.092,0.05],[-2.448,2.095],[-0.544,3.525],[-5.388,6.133],[3.567,11.093],[1.37,-1.067],[0,0],[0.005,0.046],[0,0],[-0.157,3.912],[0,0],[4.796,0.824],[0,0],[0.029,-0.092],[0,0],[0,0],[0.003,0.053],[0,0],[1.167,4.965],[0,0],[4.129,-0.643],[0,0],[-0.09,-3.303],[0,0],[0,0],[0,0],[-0.052,2.425],[0,0],[1.962,-0.15],[1.072,-9.404]],"v":[[72.785,5.27],[68.371,-35.225],[57.69,-77.064],[57.342,-77.393],[57.072,-77.618],[39.068,-84.943],[34.956,-86.812],[25.785,-90.436],[24.32,-90.09],[5.643,-21.89],[3.976,-21.954],[-9.025,-90.036],[-10.415,-90.529],[-22.112,-85.559],[-23.9,-84.787],[-42.333,-76.222],[-43.331,-75.758],[-43.353,-75.749],[-43.587,-75.554],[-56.816,-29.831],[-64.169,-16.566],[-72.471,6.581],[-47.046,13.025],[-37.753,-10.917],[-37.253,-5.622],[-37.247,-5.484],[-40.624,78.263],[-34.154,86.261],[-11.682,90.123],[-0.737,83.475],[6.46,60.926],[6.499,60.641],[4.676,-0.398],[7.508,60.765],[7.53,60.921],[12.348,81.451],[23.348,88.86],[43.245,85.757],[50.268,77.325],[48.215,1.408],[48.812,-8.465],[49.062,-10.424],[52.005,14.934],[50.867,67.835],[55.283,72.018],[62.806,72.817],[66.573,69.192]],"c":true},"ix":2},"nm":"Path 1","mn":"ADBE Vector Shape - Group","hd":false},{"ty":"fl","c":{"a":0,"k":[0.952999997606,0.972999961703,1,1],"ix":4},"o":{"a":0,"k":100,"ix":5},"r":1,"nm":"Fill 1","mn":"ADBE Vector Graphic - Fill","hd":false},{"ty":"tr","p":{"a":0,"k":[72.852,196.517],"ix":2},"a":{"a":0,"k":[0,0],"ix":1},"s":{"a":0,"k":[100,100],"ix":3},"r":{"a":0,"k":0,"ix":6},"o":{"a":0,"k":100,"ix":7},"sk":{"a":0,"k":0,"ix":4},"sa":{"a":0,"k":0,"ix":5},"nm":"Transform"}],"nm":"Group 12","np":2,"cix":2,"ix":13,"mn":"ADBE Vector Group","hd":false},{"ty":"gr","it":[{"ind":0,"ty":"sh","ix":1,"ks":{"a":0,"k":{"i":[[0,0],[-4.885,1.399],[-12.989,-4.625],[-2.135,-1.587],[0,0],[0,0]],"o":[[0,0],[10.63,-3.039],[2.204,0.785],[0,0],[0,0],[0,0]],"v":[[-21.661,-81.701],[-14.214,-85.96],[18.706,-85.268],[23.118,-81.701],[28.295,89.893],[-28.295,88.021]],"c":true},"ix":2},"nm":"Path 1","mn":"ADBE Vector Shape - Group","hd":false},{"ty":"fl","c":{"a":0,"k":[0.808000033509,0.851000019148,0.936999990426,1],"ix":4},"o":{"a":0,"k":100,"ix":5},"r":1,"nm":"Fill 1","mn":"ADBE Vector Graphic - Fill","hd":false},{"ty":"tr","p":{"a":0,"k":[79.318,191.18],"ix":2},"a":{"a":0,"k":[0,0],"ix":1},"s":{"a":0,"k":[100,100],"ix":3},"r":{"a":0,"k":0,"ix":6},"o":{"a":0,"k":100,"ix":7},"sk":{"a":0,"k":0,"ix":4},"sa":{"a":0,"k":0,"ix":5},"nm":"Transform"}],"nm":"Group 19","np":2,"cix":2,"ix":14,"mn":"ADBE Vector Group","hd":false},{"ty":"gr","it":[{"ind":0,"ty":"sh","ix":1,"ks":{"a":0,"k":{"i":[[0,0],[0,0],[-4.406,-0.55],[0.55,-18.176],[0,0],[0,0],[0,0],[0,0],[0,0],[0.551,-29.741],[0,0]],"o":[[0,0],[0,0],[0,0],[0,0],[0,0],[0,0],[0,0],[0,0],[0,0],[0,0],[0,0]],"v":[[-11.62,83.435],[-2.128,-41.026],[1.178,-49.288],[4.482,-33.315],[11.734,83.435],[38.331,83.435],[39.732,-39.374],[39.18,-80.681],[-36.826,-83.435],[-39.029,-13.488],[-39.732,83.435]],"c":true},"ix":2},"nm":"Path 1","mn":"ADBE Vector Shape - Group","hd":false},{"ty":"fl","c":{"a":0,"k":[0.289999988032,0.322000002394,0.486000001197,1],"ix":4},"o":{"a":0,"k":100,"ix":5},"r":1,"nm":"Fill 1","mn":"ADBE Vector Graphic - Fill","hd":false},{"ty":"tr","p":{"a":0,"k":[78.586,355.695],"ix":2},"a":{"a":0,"k":[0,0],"ix":1},"s":{"a":0,"k":[100,100],"ix":3},"r":{"a":0,"k":0,"ix":6},"o":{"a":0,"k":100,"ix":7},"sk":{"a":0,"k":0,"ix":4},"sa":{"a":0,"k":0,"ix":5},"nm":"Transform"}],"nm":"Group 20","np":2,"cix":2,"ix":15,"mn":"ADBE Vector Group","hd":false}],"ip":0,"op":2880,"st":0,"bm":0},{"ddd":0,"ind":4,"ty":4,"nm":"Thumbs up","parent":11,"sr":1,"ks":{"o":{"a":1,"k":[{"i":{"x":[0.833],"y":[0.833]},"o":{"x":[0.167],"y":[0.167]},"n":["0p833_0p833_0p167_0p167"],"t":219,"s":[0],"e":[100]},{"t":224}],"ix":11},"r":{"a":0,"k":0,"ix":10},"p":{"a":1,"k":[{"i":{"x":0.833,"y":0.833},"o":{"x":0.167,"y":0.167},"n":"0p833_0p833_0p167_0p167","t":216,"s":[162.889,226.556,0],"e":[162.889,232.111,0],"to":[0,0.92592591047287,0],"ti":[0,0,0]},{"i":{"x":0.833,"y":0.833},"o":{"x":0.167,"y":0.167},"n":"0p833_0p833_0p167_0p167","t":224,"s":[162.889,232.111,0],"e":[162.889,226.556,0],"to":[0,0,0],"ti":[0,0.92592591047287,0]},{"t":228}],"ix":2},"a":{"a":0,"k":[9.5,17,0],"ix":1},"s":{"a":0,"k":[124.524,124.524,100],"ix":6}},"ao":0,"shapes":[{"ty":"gr","it":[{"ind":0,"ty":"sh","ix":1,"ks":{"a":0,"k":{"i":[[0.9,-0.042],[0.712,-0.388],[-0.32,-0.054],[-0.796,0.05],[-1.602,0.371],[1,0.084]],"o":[[-0.802,0.037],[-1.358,0.739],[0.789,0.132],[1.641,-0.102],[-0.977,-0.229],[-0.898,-0.076]],"v":[[-1.29,-0.624],[-3.927,-0.331],[-2.884,0.542],[-0.493,0.61],[4.382,-0.101],[1.411,-0.572]],"c":true},"ix":2},"nm":"Path 1","mn":"ADBE Vector Shape - Group","hd":false},{"ty":"fl","c":{"a":0,"k":[0.136999990426,0.122000002394,0.125,1],"ix":4},"o":{"a":0,"k":100,"ix":5},"r":1,"nm":"Fill 1","mn":"ADBE Vector Graphic - Fill","hd":false},{"ty":"tr","p":{"a":0,"k":[6.985,28.207],"ix":2},"a":{"a":0,"k":[0,0],"ix":1},"s":{"a":0,"k":[100,100],"ix":3},"r":{"a":0,"k":0,"ix":6},"o":{"a":0,"k":15,"ix":7},"sk":{"a":0,"k":0,"ix":4},"sa":{"a":0,"k":0,"ix":5},"nm":"Transform"}],"nm":"Group 1","np":2,"cix":2,"ix":1,"mn":"ADBE Vector Group","hd":false},{"ty":"gr","it":[{"ind":0,"ty":"sh","ix":1,"ks":{"a":0,"k":{"i":[[1.753,-0.165],[0.164,-0.261],[-0.225,-0.086],[-0.74,0.013],[0,0],[-0.577,0.169],[-0.282,0.532],[1.013,-0.021]],"o":[[-0.269,0.025],[-0.183,0.29],[0.703,0.268],[0,0],[0.601,-0.011],[0.576,-0.169],[-1.013,-0.02],[-1.759,0.038]],"v":[[-3.621,-0.34],[-4.634,-0.118],[-4.292,0.416],[-2.054,0.656],[1.494,0.592],[3.282,0.4],[4.691,-0.648],[1.651,-0.645]],"c":true},"ix":2},"nm":"Path 1","mn":"ADBE Vector Shape - Group","hd":false},{"ty":"fl","c":{"a":0,"k":[0.136999990426,0.122000002394,0.125,1],"ix":4},"o":{"a":0,"k":100,"ix":5},"r":1,"nm":"Fill 1","mn":"ADBE Vector Graphic - Fill","hd":false},{"ty":"tr","p":{"a":0,"k":[7.02,23.434],"ix":2},"a":{"a":0,"k":[0,0],"ix":1},"s":{"a":0,"k":[100,100],"ix":3},"r":{"a":0,"k":0,"ix":6},"o":{"a":0,"k":15,"ix":7},"sk":{"a":0,"k":0,"ix":4},"sa":{"a":0,"k":0,"ix":5},"nm":"Transform"}],"nm":"Group 2","np":2,"cix":2,"ix":2,"mn":"ADBE Vector Group","hd":false},{"ty":"gr","it":[{"ind":0,"ty":"sh","ix":1,"ks":{"a":0,"k":{"i":[[-0.872,0.09],[-0.95,0.187],[-1.8,0.713],[1.806,-0.421],[0.972,-0.227],[0.502,-0.117],[0.338,-0.231]],"o":[[0.964,-0.1],[1.901,-0.374],[-1.853,-0.031],[-0.971,0.227],[-0.501,0.116],[-0.411,0.096],[0.86,0.162]],"v":[[-2.806,0.931],[0.067,0.501],[5.637,-1.132],[0.151,-0.319],[-2.763,0.361],[-4.267,0.711],[-5.637,1.076]],"c":true},"ix":2},"nm":"Path 1","mn":"ADBE Vector Shape - Group","hd":false},{"ty":"fl","c":{"a":0,"k":[0.136999990426,0.122000002394,0.125,1],"ix":4},"o":{"a":0,"k":100,"ix":5},"r":1,"nm":"Fill 1","mn":"ADBE Vector Graphic - Fill","hd":false},{"ty":"tr","p":{"a":0,"k":[7.952,17.256],"ix":2},"a":{"a":0,"k":[0,0],"ix":1},"s":{"a":0,"k":[100,100],"ix":3},"r":{"a":0,"k":0,"ix":6},"o":{"a":0,"k":15,"ix":7},"sk":{"a":0,"k":0,"ix":4},"sa":{"a":0,"k":0,"ix":5},"nm":"Transform"}],"nm":"Group 3","np":2,"cix":2,"ix":3,"mn":"ADBE Vector Group","hd":false},{"ty":"gr","it":[{"ind":0,"ty":"sh","ix":1,"ks":{"a":1,"k":[{"i":{"x":0.833,"y":0.833},"o":{"x":0.167,"y":0.167},"n":"0p833_0p833_0p167_0p167","t":224,"s":[{"i":[[0.401,-2.412],[-0.141,0.101],[0.044,0.494],[0.122,1.246],[-0.353,0.803],[-0.288,0.317],[-0.404,0.67],[-0.317,0.319],[0.58,-0.223],[0.548,-2.501],[-0.138,-0.637]],"o":[[0.172,-0.011],[0.4,-0.289],[-0.123,-1.245],[-0.088,-0.872],[0.171,-0.394],[0.523,-0.573],[0.16,-0.269],[-0.197,0.058],[0,0],[-0.14,0.638],[0.239,1.111]],"v":[[-1.644,5.951],[-1.213,5.779],[-2.174,16.434],[-2.541,12.699],[-2.356,10.106],[-1.635,9.053],[-0.078,7.316],[0.655,6.318],[-0.395,6.649],[-3.353,10.173],[-3.321,12.109]],"c":true}],"e":[{"i":[[0.401,-2.412],[-0.141,0.101],[0.044,0.494],[0.122,1.246],[-0.353,0.803],[-0.288,0.317],[-0.404,0.67],[-0.317,0.319],[0.58,-0.223],[0.548,-2.501],[-0.138,-0.637]],"o":[[0.172,-0.011],[0.4,-0.289],[-0.123,-1.245],[-0.088,-0.872],[0.171,-0.394],[0.523,-0.573],[0.16,-0.269],[-0.197,0.058],[0,0],[-0.14,0.638],[0.239,1.111]],"v":[[-1.644,5.951],[-1.213,5.779],[-0.78,4.165],[-1.147,0.43],[-0.962,-2.163],[-0.241,-3.216],[1.316,-4.953],[2.049,-5.951],[0.999,-5.62],[-1.959,-2.096],[-1.927,-0.16]],"c":true}]},{"t":228}],"ix":2},"nm":"Path 1","mn":"ADBE Vector Shape - Group","hd":false},{"ty":"fl","c":{"a":0,"k":[0.136999990426,0.122000002394,0.125,1],"ix":4},"o":{"a":0,"k":100,"ix":5},"r":1,"nm":"Fill 1","mn":"ADBE Vector Graphic - Fill","hd":false},{"ty":"tr","p":{"a":0,"k":[10.647,6.106],"ix":2},"a":{"a":0,"k":[0,0],"ix":1},"s":{"a":0,"k":[100,100],"ix":3},"r":{"a":0,"k":0,"ix":6},"o":{"a":1,"k":[{"i":{"x":[0.833],"y":[0.833]},"o":{"x":[0.167],"y":[0.167]},"n":["0p833_0p833_0p167_0p167"],"t":224,"s":[0],"e":[15]},{"t":228}],"ix":7},"sk":{"a":0,"k":0,"ix":4},"sa":{"a":0,"k":0,"ix":5},"nm":"Transform"}],"nm":"Group 4","np":2,"cix":2,"ix":4,"mn":"ADBE Vector Group","hd":false},{"ty":"gr","it":[{"ind":0,"ty":"sh","ix":1,"ks":{"a":1,"k":[{"i":{"x":0.833,"y":0.833},"o":{"x":0.167,"y":0.167},"n":"0p833_0p833_0p167_0p167","t":224,"s":[{"i":[[0,0],[0,0],[1.627,0.344],[0,0],[-3.169,2.907],[-0.018,0.304],[3.362,-1.023],[0.218,-0.084],[0.402,-2.736],[-0.126,-0.525],[0.397,-2.391],[0.001,-0.007],[1.361,-0.595],[0.021,-1.006],[0,0],[0,0],[-0.879,-0.418],[-0.215,-0.243],[0,0],[-0.101,-0.24],[0,0],[0,0],[0,0]],"o":[[2.507,-1.545],[-0.815,-1.619],[0,0],[0,0],[0.224,-0.205],[0.064,-1.05],[-0.198,0.059],[0,0],[-0.078,0.534],[0.253,1.053],[-0.001,0.007],[-2.461,0.507],[-0.922,0.403],[-0.036,1.693],[-4.904,2.466],[-2.583,2.87],[0.293,0.138],[0,0],[0.172,0.194],[1.956,4.628],[4.571,-1.142],[3.556,-1.518],[4.609,-3.24]],"v":[[7.65,1.156],[8.735,-2.353],[4.906,-5.145],[4.793,-5.314],[1.959,-2.022],[2.549,-3.601],[-0.899,-4.968],[-1.524,-4.754],[-2.032,-0.74],[-1.928,0.864],[-0.387,-4.99],[-0.392,-4.969],[-6.538,-2.964],[-8.089,-0.655],[-7.259,1.839],[-7.239,6.849],[-7.168,11.42],[-6.394,11.992],[-6.267,12.135],[-5.867,12.796],[3.134,16.749],[6.074,12.402],[7.286,7.648]],"c":true}],"e":[{"i":[[0,0],[0,0],[1.627,0.344],[0,0],[-3.169,2.907],[-0.018,0.304],[3.362,-1.023],[0.218,-0.084],[0.402,-2.736],[-0.126,-0.525],[0.397,-2.391],[0.001,-0.007],[1.361,-0.595],[0.021,-1.006],[0,0],[0,0],[-0.879,-0.418],[-0.215,-0.243],[0,0],[-0.101,-0.24],[0,0],[0,0],[0,0]],"o":[[2.507,-1.545],[-0.815,-1.619],[0,0],[0,0],[0.224,-0.205],[0.064,-1.05],[-0.198,0.059],[0,0],[-0.078,0.534],[0.253,1.053],[-0.001,0.007],[-2.461,0.507],[-0.922,0.403],[-0.036,1.693],[-4.904,2.466],[-2.583,2.87],[0.293,0.138],[0,0],[0.172,0.194],[1.956,4.628],[4.571,-1.142],[3.556,-1.518],[4.609,-3.24]],"v":[[7.65,1.156],[8.735,-2.353],[4.906,-5.145],[4.793,-5.314],[6.03,-13.566],[6.397,-14.365],[2.837,-16.512],[2.212,-16.298],[-0.805,-12.452],[-0.701,-10.848],[-0.387,-4.99],[-0.392,-4.969],[-6.538,-2.964],[-8.089,-0.655],[-7.259,1.839],[-7.239,6.849],[-7.168,11.42],[-6.394,11.992],[-6.267,12.135],[-5.867,12.796],[3.134,16.749],[6.074,12.402],[7.286,7.648]],"c":true}]},{"t":228}],"ix":2},"nm":"Path 1","mn":"ADBE Vector Shape - Group","hd":false},{"ty":"fl","c":{"a":0,"k":[1,0.816000007181,0.611999990426,1],"ix":4},"o":{"a":0,"k":100,"ix":5},"r":1,"nm":"Fill 1","mn":"ADBE Vector Graphic - Fill","hd":false},{"ty":"tr","p":{"a":0,"k":[9.433,16.784],"ix":2},"a":{"a":0,"k":[0,0],"ix":1},"s":{"a":0,"k":[100,100],"ix":3},"r":{"a":0,"k":0,"ix":6},"o":{"a":0,"k":100,"ix":7},"sk":{"a":0,"k":0,"ix":4},"sa":{"a":0,"k":0,"ix":5},"nm":"Transform"}],"nm":"Group 5","np":2,"cix":2,"ix":5,"mn":"ADBE Vector Group","hd":false}],"ip":0,"op":2880,"st":0,"bm":0},{"ddd":0,"ind":5,"ty":4,"nm":"Hat","parent":11,"sr":1,"ks":{"o":{"a":1,"k":[{"i":{"x":[0],"y":[1]},"o":{"x":[0.333],"y":[0]},"n":["0_1_0p333_0"],"t":135,"s":[100],"e":[100]},{"i":{"x":[0.833],"y":[1]},"o":{"x":[0.333],"y":[0]},"n":["0p833_1_0p333_0"],"t":154,"s":[100],"e":[100]},{"i":{"x":[0.833],"y":[1]},"o":{"x":[0.167],"y":[0]},"n":["0p833_1_0p167_0"],"t":218,"s":[100],"e":[0]},{"t":223}],"ix":11},"r":{"a":0,"k":0,"ix":10},"p":{"a":1,"k":[{"i":{"x":0,"y":1},"o":{"x":0.333,"y":0},"n":"0_1_0p333_0","t":162,"s":[79.555,-59.124,0],"e":[79.555,-39.322,0],"to":[0,3.30032992362976,0],"ti":[0,-3.30032992362976,0]},{"t":174}],"ix":2},"a":{"a":0,"k":[65.311,0,0],"ix":1},"s":{"a":1,"k":[{"i":{"x":[0,0,0.667],"y":[1,1,1]},"o":{"x":[0.333,0.333,0.333],"y":[0,0,0]},"n":["0_1_0p333_0","0_1_0p333_0","0p667_1_0p333_0"],"t":144,"s":[0,0,100],"e":[99.01,99.01,100]},{"t":155}],"ix":6}},"ao":0,"shapes":[{"ty":"gr","it":[{"ind":0,"ty":"sh","ix":1,"ks":{"a":0,"k":{"i":[[-1.098,4.258],[-0.003,0.195],[-2.505,-0.545],[-0.108,-1.8],[-0.898,-5.436],[1.843,-2.585]],"o":[[0.227,-0.879],[0.031,-1.898],[2.327,0.505],[0.775,5.455],[0.476,2.877],[-1.312,1.839]],"v":[[-5.712,15.195],[-5.01,-14.768],[-1.363,-18.909],[1.311,-13.18],[3.993,3.131],[4.967,15.223]],"c":true},"ix":2},"nm":"Path 1","mn":"ADBE Vector Shape - Group","hd":false},{"ty":"fl","c":{"a":0,"k":[1,0.713999968884,0.33300000359,1],"ix":4},"o":{"a":0,"k":100,"ix":5},"r":1,"nm":"Fill 1","mn":"ADBE Vector Graphic - Fill","hd":false},{"ty":"tr","p":{"a":0,"k":[114.432,33.875],"ix":2},"a":{"a":0,"k":[-2.438,-18.586],"ix":1},"s":{"a":0,"k":[100,100],"ix":3},"r":{"a":1,"k":[{"i":{"x":[0.667],"y":[1]},"o":{"x":[0.333],"y":[0]},"n":["0p667_1_0p333_0"],"t":152,"s":[15],"e":[-4]},{"t":174}],"ix":6,"x":"var $bm_rt;\n$bm_rt = loopOut('pingpong');"},"o":{"a":0,"k":100,"ix":7},"sk":{"a":0,"k":0,"ix":4},"sa":{"a":0,"k":0,"ix":5},"nm":"Transform"}],"nm":"Group 1","np":2,"cix":2,"ix":1,"mn":"ADBE Vector Group","hd":false},{"ty":"gr","it":[{"ind":0,"ty":"sh","ix":1,"ks":{"a":0,"k":{"i":[[0,0],[-33.327,-17.608],[0.214,8.908],[6.195,1.45],[28.841,-7.873],[0,-5.178]],"o":[[0,0],[0,0],[0,0],[0,0],[0,0],[0,0]],"v":[[-36.618,16.412],[35.577,19.44],[35.124,-4.472],[30.424,-9.858],[-31.085,-11.567],[-35.357,-6.389]],"c":true},"ix":2},"nm":"Path 1","mn":"ADBE Vector Shape - Group","hd":false},{"ty":"fl","c":{"a":0,"k":[0.404000016755,0.455000005984,0.620000023935,1],"ix":4},"o":{"a":0,"k":100,"ix":5},"r":1,"nm":"Fill 1","mn":"ADBE Vector Graphic - Fill","hd":false},{"ty":"tr","p":{"a":0,"k":[62.953,55.95],"ix":2},"a":{"a":0,"k":[0,0],"ix":1},"s":{"a":0,"k":[100,100],"ix":3},"r":{"a":0,"k":0,"ix":6},"o":{"a":0,"k":100,"ix":7},"sk":{"a":0,"k":0,"ix":4},"sa":{"a":0,"k":0,"ix":5},"nm":"Transform"}],"nm":"Group 2","np":2,"cix":2,"ix":2,"mn":"ADBE Vector Group","hd":false},{"ty":"gr","it":[{"ind":0,"ty":"sh","ix":1,"ks":{"a":0,"k":{"i":[[0,0],[0,0],[0,0],[0,0],[0,0]],"o":[[0,0],[0,0],[0,0],[0,0],[0,0]],"v":[[1.973,-25.88],[-65.311,4.01],[-35.427,20.048],[30.918,25.88],[65.311,7.29]],"c":true},"ix":2},"nm":"Path 1","mn":"ADBE Vector Shape - Group","hd":false},{"ty":"fl","c":{"a":0,"k":[0.289999988032,0.322000002394,0.486000001197,1],"ix":4},"o":{"a":0,"k":100,"ix":5},"r":1,"nm":"Fill 1","mn":"ADBE Vector Graphic - Fill","hd":false},{"ty":"tr","p":{"a":0,"k":[65.311,25.879],"ix":2},"a":{"a":0,"k":[0,0],"ix":1},"s":{"a":0,"k":[100,100],"ix":3},"r":{"a":0,"k":0,"ix":6},"o":{"a":0,"k":100,"ix":7},"sk":{"a":0,"k":0,"ix":4},"sa":{"a":0,"k":0,"ix":5},"nm":"Transform"}],"nm":"Group 3","np":2,"cix":2,"ix":3,"mn":"ADBE Vector Group","hd":false}],"ip":11,"op":2891,"st":11,"bm":0},{"ddd":0,"ind":6,"ty":4,"nm":"L fist","parent":8,"sr":1,"ks":{"o":{"a":0,"k":100,"ix":11},"r":{"a":0,"k":0,"ix":10},"p":{"a":1,"k":[{"i":{"x":0.833,"y":0.833},"o":{"x":0.167,"y":0.167},"n":"0p833_0p833_0p167_0p167","t":216,"s":[187.184,73.03,0],"e":[187.184,78.641,0],"to":[0,0.9351851940155,0],"ti":[0,0,0]},{"i":{"x":0.833,"y":0.833},"o":{"x":0.167,"y":0.167},"n":"0p833_0p833_0p167_0p167","t":224,"s":[187.184,78.641,0],"e":[187.184,73.03,0],"to":[0,0,0],"ti":[0,0.9351851940155,0]},{"t":228}],"ix":2},"a":{"a":0,"k":[14.934,15.905,0],"ix":1},"s":{"a":0,"k":[100,100,100],"ix":6}},"ao":0,"shapes":[{"ty":"gr","it":[{"ind":0,"ty":"sh","ix":1,"ks":{"a":0,"k":{"i":[[-1.647,6.589],[0,0],[7.577,-1.648],[0,-6.919],[-3.954,-3.953]],"o":[[0,0],[0,0],[0,0],[0,0],[0,0]],"v":[[7.138,13.284],[7.467,-8.131],[-0.11,-15.708],[-7.357,-5.824],[-4.392,11.966]],"c":true},"ix":2},"nm":"Path 1","mn":"ADBE Vector Shape - Group","hd":false},{"ty":"fl","c":{"a":0,"k":[1,0.816000007181,0.611999990426,1],"ix":4},"o":{"a":0,"k":100,"ix":5},"r":1,"nm":"Fill 1","mn":"ADBE Vector Graphic - Fill","hd":false},{"ty":"tr","p":{"a":0,"k":[7.467,15.905],"ix":2},"a":{"a":0,"k":[0,0],"ix":1},"s":{"a":0,"k":[100,100],"ix":3},"r":{"a":0,"k":0,"ix":6},"o":{"a":0,"k":100,"ix":7},"sk":{"a":0,"k":0,"ix":4},"sa":{"a":0,"k":0,"ix":5},"nm":"Transform"}],"nm":"Group 1","np":2,"cix":2,"ix":1,"mn":"ADBE Vector Group","hd":false}],"ip":0,"op":2880,"st":0,"bm":0},{"ddd":0,"ind":7,"ty":4,"nm":"R fist","parent":8,"sr":1,"ks":{"o":{"a":0,"k":100,"ix":11},"r":{"a":0,"k":0,"ix":10},"p":{"a":1,"k":[{"i":{"x":0.833,"y":0.833},"o":{"x":0.167,"y":0.167},"n":"0p833_0p833_0p167_0p167","t":216,"s":[-3,72.844,0],"e":[29.014,119.809,0],"to":[5.335768699646,7.82759094238281,0],"ti":[-5.335768699646,-7.82759094238281,0]},{"t":224}],"ix":2},"a":{"a":0,"k":[0,16.219,0],"ix":1},"s":{"a":0,"k":[100,100,100],"ix":6}},"ao":0,"shapes":[{"ty":"gr","it":[{"ind":0,"ty":"sh","ix":1,"ks":{"a":1,"k":[{"i":{"x":0.833,"y":0.833},"o":{"x":0.167,"y":0.167},"n":"0p833_0p833_0p167_0p167","t":216,"s":[{"i":[[0,2.388],[0,0],[0,0],[0,0],[0,0],[0,0],[-0.108,0.566],[-0.432,0.7],[-0.973,0.401],[-1.73,-0.329],[-1.289,-2.729],[-0.194,-3.566],[0.903,-2.967],[2.003,-0.93],[0.865,-0.252],[1.153,0.062],[0.865,0.942]],"o":[[0,0],[0,0],[0,0],[0,0],[0,0],[0,0],[0.108,-0.566],[0.432,-0.7],[0.973,-0.401],[2.381,0.453],[1.289,2.729],[0.194,3.566],[-0.903,2.967],[0,0],[-0.865,0.252],[-1.153,-0.062],[-0.865,-0.942]],"v":[[-7.349,9.991],[-7.349,7.798],[-7.349,4.846],[-7.349,0.714],[-7.349,-5.19],[-7.349,-11.094],[-7.241,-12.051],[-6.484,-14.059],[-4.43,-15.819],[-0.431,-16.035],[5.074,-10.903],[7.298,-1.101],[6.234,9.058],[1.876,15.262],[0.435,15.782],[-2.736,16.209],[-5.908,14.845]],"c":true}],"e":[{"i":[[0,2.388],[0,0],[0,0],[0,0],[0,0],[0,0],[-0.108,0.566],[-0.432,0.7],[-0.973,0.401],[-1.73,-0.329],[-1.289,-2.729],[-0.194,-3.566],[0.903,-2.967],[2.003,-0.93],[0.865,-0.252],[1.153,0.062],[0.865,0.942]],"o":[[0,0],[0,0],[0,0],[0,0],[0,0],[0,0],[0.108,-0.566],[0.432,-0.7],[0.973,-0.401],[2.381,0.453],[1.289,2.729],[0.194,3.566],[-0.903,2.967],[0,0],[-0.865,0.252],[-1.153,-0.062],[-0.865,-0.942]],"v":[[-7.349,9.991],[-7.349,7.798],[-7.349,4.846],[-7.349,0.714],[-7.349,-5.19],[-7.349,-11.094],[-7.241,-12.051],[-6.484,-14.059],[-4.43,-15.819],[-0.431,-16.035],[5.074,-10.903],[7.298,-1.101],[6.234,9.058],[1.876,15.262],[0.435,15.782],[-2.736,16.209],[-5.908,14.845]],"c":true}]},{"i":{"x":0.833,"y":0.833},"o":{"x":0.167,"y":0.167},"n":"0p833_0p833_0p167_0p167","t":217,"s":[{"i":[[0,2.388],[0,0],[0,0],[0,0],[0,0],[0,0],[-0.108,0.566],[-0.432,0.7],[-0.973,0.401],[-1.73,-0.329],[-1.289,-2.729],[-0.194,-3.566],[0.903,-2.967],[2.003,-0.93],[0.865,-0.252],[1.153,0.062],[0.865,0.942]],"o":[[0,0],[0,0],[0,0],[0,0],[0,0],[0,0],[0.108,-0.566],[0.432,-0.7],[0.973,-0.401],[2.381,0.453],[1.289,2.729],[0.194,3.566],[-0.903,2.967],[0,0],[-0.865,0.252],[-1.153,-0.062],[-0.865,-0.942]],"v":[[-7.349,9.991],[-7.349,7.798],[-7.349,4.846],[-7.349,0.714],[-7.349,-5.19],[-7.349,-11.094],[-7.241,-12.051],[-6.484,-14.059],[-4.43,-15.819],[-0.431,-16.035],[5.074,-10.903],[7.298,-1.101],[6.234,9.058],[1.876,15.262],[0.435,15.782],[-2.736,16.209],[-5.908,14.845]],"c":true}],"e":[{"i":[[0,2.388],[0,0],[0,0],[0,0],[0,0],[0,0],[-0.108,0.566],[-0.432,0.7],[-0.973,0.401],[-1.73,-0.329],[-1.289,-2.729],[-0.194,-3.566],[0.903,-2.967],[2.003,-0.93],[0.865,-0.252],[1.153,0.062],[0.865,0.942]],"o":[[0,0],[0,0],[0,0],[0,0],[0,0],[0,0],[0.108,-0.566],[0.432,-0.7],[0.973,-0.401],[2.381,0.453],[1.289,2.729],[0.194,3.566],[-0.903,2.967],[0,0],[-0.865,0.252],[-1.153,-0.062],[-0.865,-0.942]],"v":[[-7.349,9.991],[-7.349,7.798],[-7.349,4.846],[-7.349,0.714],[-7.349,-5.19],[-7.349,-11.094],[-7.241,-12.051],[-6.484,-14.059],[-4.43,-15.819],[-0.431,-16.035],[5.074,-10.903],[7.298,-1.101],[6.234,9.058],[1.876,15.262],[0.435,15.782],[-2.736,16.209],[-5.908,14.845]],"c":true}]},{"i":{"x":0.833,"y":0.833},"o":{"x":0.167,"y":0.167},"n":"0p833_0p833_0p167_0p167","t":219,"s":[{"i":[[0,2.388],[0,0],[0,0],[0,0],[0,0],[0,0],[-0.108,0.566],[-0.432,0.7],[-0.973,0.401],[-1.73,-0.329],[-1.289,-2.729],[-0.194,-3.566],[0.903,-2.967],[2.003,-0.93],[0.865,-0.252],[1.153,0.062],[0.865,0.942]],"o":[[0,0],[0,0],[0,0],[0,0],[0,0],[0,0],[0.108,-0.566],[0.432,-0.7],[0.973,-0.401],[2.381,0.453],[1.289,2.729],[0.194,3.566],[-0.903,2.967],[0,0],[-0.865,0.252],[-1.153,-0.062],[-0.865,-0.942]],"v":[[-7.349,9.991],[-7.349,7.798],[-7.349,4.846],[-7.349,0.714],[-7.349,-5.19],[-7.349,-11.094],[-7.241,-12.051],[-6.484,-14.059],[-4.43,-15.819],[-0.431,-16.035],[5.074,-10.903],[7.298,-1.101],[6.234,9.058],[1.876,15.262],[0.435,15.782],[-2.736,16.209],[-5.908,14.845]],"c":true}],"e":[{"i":[[0,2.388],[0,0],[0,0],[0,0],[0,0],[0,0],[-0.436,0.339],[-0.87,0.397],[-1.301,0.174],[-1.73,-0.329],[-1.087,-2.905],[0.075,-3.802],[1.105,-3.143],[2.003,-0.93],[1.218,0.53],[1.624,1.104],[1.218,1.724]],"o":[[0,0],[0,0],[0,0],[0,0],[0,0],[0,0],[0.436,-0.339],[0.87,-0.397],[1.301,-0.174],[2.381,0.453],[1.087,2.905],[-0.075,3.802],[-1.105,3.143],[0,0],[-1.218,-0.53],[-1.624,-1.104],[-1.218,-1.724]],"v":[[-14.344,-3.191],[-14.092,-4.964],[-13.753,-7.351],[-13.279,-10.693],[-12.601,-15.467],[-11.923,-20.241],[-11.268,-20.82],[-9.309,-21.995],[-6.053,-22.923],[-1.507,-22.761],[3.661,-17.335],[5.146,-6.886],[3.343,3.921],[-1.352,10.419],[-3.382,9.636],[-7.848,7.196],[-12.314,2.966]],"c":true}]},{"i":{"x":0.833,"y":0.833},"o":{"x":0.167,"y":0.167},"n":"0p833_0p833_0p167_0p167","t":221,"s":[{"i":[[0,2.388],[0,0],[0,0],[0,0],[0,0],[0,0],[-0.436,0.339],[-0.87,0.397],[-1.301,0.174],[-1.73,-0.329],[-1.087,-2.905],[0.075,-3.802],[1.105,-3.143],[2.003,-0.93],[1.218,0.53],[1.624,1.104],[1.218,1.724]],"o":[[0,0],[0,0],[0,0],[0,0],[0,0],[0,0],[0.436,-0.339],[0.87,-0.397],[1.301,-0.174],[2.381,0.453],[1.087,2.905],[-0.075,3.802],[-1.105,3.143],[0,0],[-1.218,-0.53],[-1.624,-1.104],[-1.218,-1.724]],"v":[[-14.344,-3.191],[-14.092,-4.964],[-13.753,-7.351],[-13.279,-10.693],[-12.601,-15.467],[-11.923,-20.241],[-11.268,-20.82],[-9.309,-21.995],[-6.053,-22.923],[-1.507,-22.761],[3.661,-17.335],[5.146,-6.886],[3.343,3.921],[-1.352,10.419],[-3.382,9.636],[-7.848,7.196],[-12.314,2.966]],"c":true}],"e":[{"i":[[-0.001,1.119],[0,0],[-0.13,-0.602],[-0.071,-0.146],[-3.806,-4.384],[-0.567,0.065],[-0.218,0.17],[0.686,1.077],[-0.375,-0.611],[1.509,9.724],[0.676,0.639],[1.901,1.592],[1.07,1.414],[1.175,0.892],[1.431,-0.366],[0.929,0.638],[0.662,-0.822]],"o":[[0.01,2.311],[-0.128,1.357],[0.035,0.159],[1.238,2.525],[0.374,0.431],[5.697,-0.65],[1.646,-2.157],[-0.291,-0.456],[1.103,1.799],[-0.244,-1.575],[-1.554,-1.469],[-1.086,-1.395],[-1.778,-2.476],[0,0],[-0.751,-0.296],[-0.812,-0.552],[-1.083,1.344]],"v":[[-10.271,-10.785],[-10.29,-6.679],[-10.254,-3.57],[-9.661,-2.144],[-4.746,7.239],[-0.107,9.082],[5.364,6.332],[6.654,1.49],[6.57,0.303],[11.461,-0.786],[8.217,-7.139],[5.248,-9.575],[2.813,-11.759],[-0.418,-15.544],[-3.661,-15.606],[-7.123,-15.548],[-9.414,-15.51]],"c":true}]},{"i":{"x":0.833,"y":0.833},"o":{"x":0.167,"y":0.167},"n":"0p833_0p833_0p167_0p167","t":222,"s":[{"i":[[-0.001,1.119],[0,0],[-0.13,-0.602],[-0.071,-0.146],[-3.806,-4.384],[-0.567,0.065],[-0.218,0.17],[0.686,1.077],[-0.375,-0.611],[1.509,9.724],[0.676,0.639],[1.901,1.592],[1.07,1.414],[1.175,0.892],[1.431,-0.366],[0.929,0.638],[0.662,-0.822]],"o":[[0.01,2.311],[-0.128,1.357],[0.035,0.159],[1.238,2.525],[0.374,0.431],[5.697,-0.65],[1.646,-2.157],[-0.291,-0.456],[1.103,1.799],[-0.244,-1.575],[-1.554,-1.469],[-1.086,-1.395],[-1.778,-2.476],[0,0],[-0.751,-0.296],[-0.812,-0.552],[-1.083,1.344]],"v":[[-10.271,-10.785],[-10.29,-6.679],[-10.254,-3.57],[-9.661,-2.144],[-4.746,7.239],[-0.107,9.082],[5.364,6.332],[6.654,1.49],[6.57,0.303],[11.461,-0.786],[8.217,-7.139],[5.248,-9.575],[2.813,-11.759],[-0.418,-15.544],[-3.661,-15.606],[-7.123,-15.548],[-9.414,-15.51]],"c":true}],"e":[{"i":[[-0.001,-0.15],[0,0],[-0.26,-1.205],[-0.142,-0.292],[-2.521,-1.557],[-1.134,0.13],[0,0],[-0.554,0.303],[-0.124,-0.014],[0,0],[0.403,1.175],[0,0],[0,0],[0,0],[6.627,1.451],[0.235,0.171],[0,0]],"o":[[0.02,4.622],[-0.257,2.714],[0.069,0.317],[2.476,5.049],[0.971,0.601],[11.395,-1.299],[-1.187,-3.825],[0.111,-0.059],[0,0],[0.756,0.117],[0,0],[-3.449,-5.141],[-3.009,-0.232],[0,0],[-0.284,-0.062],[0,0],[0,0]],"v":[[-7.309,-13.933],[-7.094,-2.616],[-6.492,4.482],[-5.077,7.289],[4.286,16.146],[7.54,16.869],[13.937,5.834],[13.342,1.515],[13.7,1.446],[17.204,3.96],[17.775,1.112],[14.521,-6.15],[6.592,-10.07],[4.962,-16.218],[-5.607,-13.476],[-6.398,-13.838],[-7.348,-14.532]],"c":true}]},{"t":224}],"ix":2},"nm":"Path 1","mn":"ADBE Vector Shape - Group","hd":false},{"ty":"fl","c":{"a":0,"k":[1,0.816000007181,0.611999990426,1],"ix":4},"o":{"a":0,"k":100,"ix":5},"r":1,"nm":"Fill 1","mn":"ADBE Vector Graphic - Fill","hd":false},{"ty":"tr","p":{"a":0,"k":[7.349,16.218],"ix":2},"a":{"a":0,"k":[0,0],"ix":1},"s":{"a":0,"k":[100,100],"ix":3},"r":{"a":0,"k":0,"ix":6},"o":{"a":0,"k":100,"ix":7},"sk":{"a":0,"k":0,"ix":4},"sa":{"a":0,"k":0,"ix":5},"nm":"Transform"}],"nm":"Group 1","np":2,"cix":2,"ix":1,"mn":"ADBE Vector Group","hd":false}],"ip":0,"op":2880,"st":0,"bm":0},{"ddd":0,"ind":8,"ty":4,"nm":"Cert","parent":11,"sr":1,"ks":{"o":{"a":1,"k":[{"i":{"x":[0.833],"y":[0.833]},"o":{"x":[0.167],"y":[0.167]},"n":["0p833_0p833_0p167_0p167"],"t":216,"s":[100],"e":[0]},{"t":224}],"ix":11},"r":{"a":0,"k":0,"ix":10},"p":{"a":1,"k":[{"i":{"x":0.011,"y":1},"o":{"x":0.333,"y":0},"n":"0p011_1_0p333_0","t":129,"s":[77.02,245.579,0],"e":[77.02,230.975,0],"to":[0,-2.43399333953857,0],"ti":[0,2.43399333953857,0]},{"t":144}],"ix":2},"a":{"a":0,"k":[92.5,71.5,0],"ix":1},"s":{"a":0,"k":[99.01,99.01,100],"ix":6}},"ao":0,"shapes":[{"ty":"gr","it":[{"ind":0,"ty":"sh","ix":1,"ks":{"a":0,"k":{"i":[[-0.001,-0.007],[-1.161,-0.53],[-2.923,-0.37],[-3.446,1.73],[-0.185,0.098],[5.051,8.001],[-1.658,-1.335],[-1.733,-1.267],[-1.827,-1.137],[3.291,4.835],[-7.149,-4.924],[-0.255,0.828],[1.032,3.398],[1.422,2.239],[-0.045,-0.033],[-2.264,-5.231],[0.098,-3.17],[0.488,-1.427],[-0.222,-0.235],[-0.02,-2.845],[0.078,-0.833],[0.095,0.083],[1.367,0.646],[1.205,-0.369],[0.297,-0.268],[2.234,-0.432],[4.147,1.797],[2.512,1.972],[1.459,2.042],[0.067,0.102]],"o":[[1.126,0.563],[2.676,1.223],[3.778,0.478],[0.118,-0.06],[-7.163,-6.121],[1.642,1.354],[1.673,1.347],[1.729,1.262],[-4.028,-4.289],[6.529,5.497],[0.347,-0.899],[1.06,-3.451],[-0.75,-2.47],[0.116,0.051],[4.543,3.375],[1.253,2.895],[-0.046,1.503],[-0.107,0.313],[1.958,2.081],[0.005,0.734],[-0.184,-0.15],[-1.128,-0.998],[-1.097,-0.519],[-0.391,0.12],[-1.721,1.553],[-4.482,0.868],[-2.952,-1.278],[-1.963,-1.542],[-0.071,-0.099],[-0.013,-0.017]],"v":[[-20.618,5.622],[-17.206,7.323],[-8.812,9.767],[2.062,8.098],[2.481,7.877],[-16.382,-12.777],[-11.452,-8.717],[-6.378,-4.747],[-1.017,-1.193],[-11.71,-15.087],[8.429,0.911],[9.395,-1.611],[9.126,-11.885],[5.815,-18.885],[6.035,-18.788],[16.44,-6.035],[18.275,3.051],[17.505,7.458],[17.678,8.197],[20.617,15.614],[20.411,17.916],[20.03,17.605],[16.34,15.06],[12.893,14.622],[11.789,15.187],[5.787,18.018],[-7.129,16.357],[-15.181,11.253],[-20.402,5.961],[-20.609,5.661]],"c":true},"ix":2},"nm":"Path 1","mn":"ADBE Vector Shape - Group","hd":false},{"ty":"fl","c":{"a":0,"k":[1,0.713999968884,0.33300000359,1],"ix":4},"o":{"a":0,"k":100,"ix":5},"r":1,"nm":"Fill 1","mn":"ADBE Vector Graphic - Fill","hd":false},{"ty":"tr","p":{"a":0,"k":[137.422,34.979],"ix":2},"a":{"a":0,"k":[0,0],"ix":1},"s":{"a":0,"k":[100,100],"ix":3},"r":{"a":0,"k":0,"ix":6},"o":{"a":1,"k":[{"i":{"x":[0.833],"y":[0.833]},"o":{"x":[0.167],"y":[0.167]},"n":["0p833_0p833_0p167_0p167"],"t":174,"s":[0],"e":[100]},{"i":{"x":[0.833],"y":[0.833]},"o":{"x":[0.167],"y":[0.167]},"n":["0p833_0p833_0p167_0p167"],"t":176,"s":[100],"e":[100]},{"i":{"x":[0.833],"y":[0.833]},"o":{"x":[0.167],"y":[0.167]},"n":["0p833_0p833_0p167_0p167"],"t":182,"s":[100],"e":[0]},{"t":184}],"ix":7},"sk":{"a":0,"k":0,"ix":4},"sa":{"a":0,"k":0,"ix":5},"nm":"Transform"}],"nm":"Group 1","np":2,"cix":2,"ix":1,"mn":"ADBE Vector Group","hd":false},{"ty":"gr","it":[{"ind":0,"ty":"sh","ix":1,"ks":{"a":0,"k":{"i":[[0.351,0],[0,0],[0,0.352],[0,0],[-0.351,0],[0,0],[0,-0.352],[0,0]],"o":[[0,0],[-0.351,0],[0,0],[0,-0.352],[0,0],[0.351,0],[0,0],[0,0.352]],"v":[[22.656,2.796],[-22.656,2.796],[-23.294,2.156],[-23.294,-2.157],[-22.656,-2.796],[22.656,-2.796],[23.295,-2.157],[23.295,2.156]],"c":true},"ix":2},"nm":"Path 1","mn":"ADBE Vector Shape - Group","hd":false},{"ty":"fl","c":{"a":0,"k":[0.913999968884,0.929000016755,0.952999997606,1],"ix":4},"o":{"a":0,"k":100,"ix":5},"r":1,"nm":"Fill 1","mn":"ADBE Vector Graphic - Fill","hd":false},{"ty":"tr","p":{"a":0,"k":[17.882,65.942],"ix":2},"a":{"a":0,"k":[-23.252,-0.105],"ix":1},"s":{"a":0,"k":[128.311,100],"ix":3},"r":{"a":0,"k":0,"ix":6},"o":{"a":0,"k":100,"ix":7},"sk":{"a":0,"k":0,"ix":4},"sa":{"a":0,"k":0,"ix":5},"nm":"Transform"}],"nm":"Group 12","np":2,"cix":2,"ix":2,"mn":"ADBE Vector Group","hd":false},{"ty":"gr","it":[{"ind":0,"ty":"sh","ix":1,"ks":{"a":0,"k":{"i":[[0.351,0],[0,0],[0,0.352],[0,0],[-0.351,0],[0,0],[0,-0.352],[0,0]],"o":[[0,0],[-0.351,0],[0,0],[0,-0.352],[0,0],[0.351,0],[0,0],[0,0.352]],"v":[[22.656,2.796],[-22.656,2.796],[-23.294,2.156],[-23.294,-2.157],[-22.656,-2.796],[22.656,-2.796],[23.295,-2.157],[23.295,2.156]],"c":true},"ix":2},"nm":"Path 1","mn":"ADBE Vector Shape - Group","hd":false},{"ty":"fl","c":{"a":0,"k":[0.913999968884,0.929000016755,0.952999997606,1],"ix":4},"o":{"a":0,"k":100,"ix":5},"r":1,"nm":"Fill 1","mn":"ADBE Vector Graphic - Fill","hd":false},{"ty":"tr","p":{"a":0,"k":[17.882,54.556],"ix":2},"a":{"a":0,"k":[-23.252,-0.105],"ix":1},"s":{"a":0,"k":[144.564,100],"ix":3},"r":{"a":0,"k":0,"ix":6},"o":{"a":0,"k":100,"ix":7},"sk":{"a":0,"k":0,"ix":4},"sa":{"a":0,"k":0,"ix":5},"nm":"Transform"}],"nm":"Group 11","np":2,"cix":2,"ix":3,"mn":"ADBE Vector Group","hd":false},{"ty":"gr","it":[{"ind":0,"ty":"sh","ix":1,"ks":{"a":0,"k":{"i":[[0.351,0],[0,0],[0,0.352],[0,0],[-0.351,0],[0,0],[0,-0.352],[0,0]],"o":[[0,0],[-0.351,0],[0,0],[0,-0.352],[0,0],[0.351,0],[0,0],[0,0.352]],"v":[[22.656,2.796],[-22.656,2.796],[-23.294,2.156],[-23.294,-2.157],[-22.656,-2.796],[22.656,-2.796],[23.295,-2.157],[23.295,2.156]],"c":true},"ix":2},"nm":"Path 1","mn":"ADBE Vector Shape - Group","hd":false},{"ty":"fl","c":{"a":0,"k":[0.913999968884,0.929000016755,0.952999997606,1],"ix":4},"o":{"a":0,"k":100,"ix":5},"r":1,"nm":"Fill 1","mn":"ADBE Vector Graphic - Fill","hd":false},{"ty":"tr","p":{"a":0,"k":[17.786,43.96],"ix":2},"a":{"a":0,"k":[-23.252,-0.105],"ix":1},"s":{"a":0,"k":[108.296,100],"ix":3},"r":{"a":0,"k":0,"ix":6},"o":{"a":0,"k":100,"ix":7},"sk":{"a":0,"k":0,"ix":4},"sa":{"a":0,"k":0,"ix":5},"nm":"Transform"}],"nm":"Group 10","np":2,"cix":2,"ix":4,"mn":"ADBE Vector Group","hd":false},{"ty":"gr","it":[{"ind":0,"ty":"sh","ix":1,"ks":{"a":0,"k":{"i":[[0.351,0],[0,0],[0,0.352],[0,0],[-0.351,0],[0,0],[0,-0.352],[0,0]],"o":[[0,0],[-0.351,0],[0,0],[0,-0.352],[0,0],[0.351,0],[0,0],[0,0.352]],"v":[[22.656,2.796],[-22.656,2.796],[-23.294,2.156],[-23.294,-2.157],[-22.656,-2.796],[22.656,-2.796],[23.295,-2.157],[23.295,2.156]],"c":true},"ix":2},"nm":"Path 1","mn":"ADBE Vector Shape - Group","hd":false},{"ty":"fl","c":{"a":0,"k":[0.913999968884,0.929000016755,0.952999997606,1],"ix":4},"o":{"a":0,"k":100,"ix":5},"r":1,"nm":"Fill 1","mn":"ADBE Vector Graphic - Fill","hd":false},{"ty":"tr","p":{"a":0,"k":[17.786,34.181],"ix":2},"a":{"a":0,"k":[-23.252,-0.105],"ix":1},"s":{"a":0,"k":[117.369,100],"ix":3},"r":{"a":0,"k":0,"ix":6},"o":{"a":0,"k":100,"ix":7},"sk":{"a":0,"k":0,"ix":4},"sa":{"a":0,"k":0,"ix":5},"nm":"Transform"}],"nm":"Group 9","np":2,"cix":2,"ix":5,"mn":"ADBE Vector Group","hd":false},{"ty":"gr","it":[{"ind":0,"ty":"sh","ix":1,"ks":{"a":0,"k":{"i":[[0.351,0],[0,0],[0,0.352],[0,0],[-0.351,0],[0,0],[0,-0.352],[0,0]],"o":[[0,0],[-0.351,0],[0,0],[0,-0.352],[0,0],[0.351,0],[0,0],[0,0.352]],"v":[[22.656,2.796],[-22.656,2.796],[-23.294,2.156],[-23.294,-2.157],[-22.656,-2.796],[22.656,-2.796],[23.295,-2.157],[23.295,2.156]],"c":true},"ix":2},"nm":"Path 1","mn":"ADBE Vector Shape - Group","hd":false},{"ty":"fl","c":{"a":0,"k":[0.913999968884,0.929000016755,0.952999997606,1],"ix":4},"o":{"a":0,"k":100,"ix":5},"r":1,"nm":"Fill 1","mn":"ADBE Vector Graphic - Fill","hd":false},{"ty":"tr","p":{"a":0,"k":[17.786,24.956],"ix":2},"a":{"a":0,"k":[-23.252,-0.105],"ix":1},"s":{"a":0,"k":[91.186,100],"ix":3},"r":{"a":0,"k":0,"ix":6},"o":{"a":0,"k":100,"ix":7},"sk":{"a":0,"k":0,"ix":4},"sa":{"a":0,"k":0,"ix":5},"nm":"Transform"}],"nm":"Group 8","np":2,"cix":2,"ix":6,"mn":"ADBE Vector Group","hd":false},{"ty":"gr","it":[{"ind":0,"ty":"sh","ix":1,"ks":{"a":0,"k":{"i":[[0.351,0],[0,0],[0,0.352],[0,0],[-0.351,0],[0,0],[0,-0.352],[0,0]],"o":[[0,0],[-0.351,0],[0,0],[0,-0.352],[0,0],[0.351,0],[0,0],[0,0.352]],"v":[[22.656,2.796],[-22.656,2.796],[-23.294,2.156],[-23.294,-2.157],[-22.656,-2.796],[22.656,-2.796],[23.295,-2.157],[23.295,2.156]],"c":true},"ix":2},"nm":"Path 1","mn":"ADBE Vector Shape - Group","hd":false},{"ty":"fl","c":{"a":0,"k":[0.913999968884,0.929000016755,0.952999997606,1],"ix":4},"o":{"a":0,"k":100,"ix":5},"r":1,"nm":"Fill 1","mn":"ADBE Vector Graphic - Fill","hd":false},{"ty":"tr","p":{"a":0,"k":[41.038,114.17],"ix":2},"a":{"a":0,"k":[0,0],"ix":1},"s":{"a":0,"k":[100,100],"ix":3},"r":{"a":0,"k":0,"ix":6},"o":{"a":0,"k":100,"ix":7},"sk":{"a":0,"k":0,"ix":4},"sa":{"a":0,"k":0,"ix":5},"nm":"Transform"}],"nm":"Group 2","np":2,"cix":2,"ix":7,"mn":"ADBE Vector Group","hd":false},{"ty":"gr","it":[{"ind":0,"ty":"sh","ix":1,"ks":{"a":0,"k":{"i":[[0,0],[0.12,0.958],[0.772,-1.033],[0.852,-1.915],[0.024,-0.267],[-0.288,0.314],[-0.574,0.64],[-1.209,1.569],[-0.199,0.646],[0.736,-1.167],[0.496,-0.787],[0,0],[0.101,-0.197],[-0.234,0.155],[-0.064,0.091],[-0.21,-0.372],[-0.189,-0.196],[-0.272,0.14],[-0.185,0.114],[-0.02,0],[0.023,-0.057],[0.036,-0.175],[-0.015,-0.028],[-0.068,0.035],[-0.192,-0.071],[-0.029,-0.029],[-0.408,0.374],[-0.315,0.371],[0.333,-0.043],[0.06,-0.102],[0.239,-0.532],[-0.898,0.785],[-0.011,0.012],[-0.104,-0.076],[-0.329,0.223],[-0.123,-0.18],[0.185,-0.097]],"o":[[0,0],[-0.826,0.991],[-1.249,1.671],[-0.108,0.245],[0.337,-0.256],[0.582,-0.633],[1.321,-1.475],[0.403,-0.524],[-0.737,1.167],[-0.497,0.787],[0,0],[-0.118,0.186],[-0.102,0.197],[0.093,-0.06],[0.141,-0.205],[0.128,0.226],[0.224,0.233],[0.184,-0.113],[0.017,-0.011],[0.06,0.002],[-0.066,0.165],[-0.006,0.029],[0.038,0.066],[0.17,-0.088],[0.039,0.015],[0.562,0.602],[0.357,-0.326],[0.079,-0.092],[-0.146,0.019],[-0.297,0.504],[0,0],[0,0],[0.229,-0.249],[0.394,0.291],[0.141,-0.096],[0.204,0.301],[0,0]],"v":[[-1.094,-2.914],[-0.017,-4.59],[-2.407,-1.544],[-5.814,3.783],[-6.099,4.59],[-5.184,3.616],[-3.451,1.708],[0.399,-2.824],[1.54,-4.59],[-0.669,-1.088],[-2.158,1.273],[-2.903,2.454],[-3.26,3.021],[-3.053,3.206],[-2.836,2.958],[-2.073,2.456],[-1.884,3.258],[-1.049,3.342],[-0.496,3.001],[-0.44,2.98],[-0.395,3.126],[-0.65,3.592],[-0.643,3.682],[-0.436,3.691],[0.407,3.197],[0.501,3.275],[2.312,2.451],[3.403,1.501],[3.559,0.807],[3.184,1.296],[2.407,2.87],[2.924,3.432],[3.687,2.602],[3.934,3.109],[5.258,2.826],[5.895,2.801],[5.325,3.499]],"c":false},"ix":2},"nm":"Path 1","mn":"ADBE Vector Shape - Group","hd":false},{"ty":"st","c":{"a":0,"k":[0.289999988032,0.322000002394,0.486000001197,1],"ix":3},"o":{"a":0,"k":100,"ix":4},"w":{"a":0,"k":0.25,"ix":5},"lc":2,"lj":2,"nm":"Stroke 1","mn":"ADBE Vector Graphic - Stroke","hd":false},{"ty":"tr","p":{"a":0,"k":[25.111,101.337],"ix":2},"a":{"a":0,"k":[0,0],"ix":1},"s":{"a":0,"k":[100,100],"ix":3},"r":{"a":0,"k":0,"ix":6},"o":{"a":0,"k":100,"ix":7},"sk":{"a":0,"k":0,"ix":4},"sa":{"a":0,"k":0,"ix":5},"nm":"Transform"}],"nm":"Group 3","np":2,"cix":2,"ix":8,"mn":"ADBE Vector Group","hd":false},{"ty":"gr","it":[{"ind":0,"ty":"sh","ix":1,"ks":{"a":0,"k":{"i":[[0,0],[0,0],[0,0],[0,0],[0,0],[0,0],[0,0],[0,0],[0,0],[0,0],[0,0],[0,0]],"o":[[0,0],[0,0],[0,0],[0,0],[0,0],[0,0],[0,0],[0,0],[0,0],[0,0],[0,0],[0,0]],"v":[[-83.225,66.246],[83.225,66.246],[83.225,62.735],[86.773,62.735],[86.773,-62.001],[83.225,-62.001],[83.225,-66.245],[-83.225,-66.245],[-83.225,-62.001],[-86.773,-62.001],[-86.773,62.735],[-83.225,62.735]],"c":true},"ix":2},"nm":"Path 1","mn":"ADBE Vector Shape - Group","hd":false},{"ind":1,"ty":"sh","ix":2,"ks":{"a":0,"k":{"i":[[0,0],[0,0],[0,0],[0,0],[0,0],[0,0],[0,0],[0,0],[0,0],[0,0],[0,0],[0,0]],"o":[[0,0],[0,0],[0,0],[0,0],[0,0],[0,0],[0,0],[0,0],[0,0],[0,0],[0,0],[0,0]],"v":[[83.691,66.712],[-83.691,66.712],[-83.691,63.201],[-87.24,63.201],[-87.24,-62.467],[-83.691,-62.467],[-83.691,-66.712],[83.691,-66.712],[83.691,-62.467],[87.24,-62.467],[87.24,63.201],[83.691,63.201]],"c":true},"ix":2},"nm":"Path 2","mn":"ADBE Vector Shape - Group","hd":false},{"ty":"fl","c":{"a":0,"k":[0.246999987434,0.560999971278,0.936999990426,1],"ix":4},"o":{"a":0,"k":100,"ix":5},"r":1,"nm":"Fill 1","mn":"ADBE Vector Graphic - Fill","hd":false},{"ty":"tr","p":{"a":0,"k":[92.124,71.448],"ix":2},"a":{"a":0,"k":[0,0],"ix":1},"s":{"a":0,"k":[100,100],"ix":3},"r":{"a":0,"k":0,"ix":6},"o":{"a":0,"k":100,"ix":7},"sk":{"a":0,"k":0,"ix":4},"sa":{"a":0,"k":0,"ix":5},"nm":"Transform"}],"nm":"Group 4","np":3,"cix":2,"ix":9,"mn":"ADBE Vector Group","hd":false},{"ty":"gr","it":[{"ind":0,"ty":"sh","ix":1,"ks":{"a":0,"k":{"i":[[0,0],[0,0],[0,0],[0,0],[0,0],[0,0],[0,0],[0,0],[0,0],[0,0]],"o":[[0,0],[0,0],[0,0],[0,0],[0,0],[0,0],[0,0],[0,0],[0,0],[0,0]],"v":[[0.001,-8.992],[-2.932,-7.451],[-2.37,-10.715],[-4.742,-13.025],[-1.465,-13.503],[0.001,-16.471],[1.465,-13.503],[4.742,-13.025],[2.371,-10.715],[2.932,-7.451]],"c":true},"ix":2},"nm":"Path 1","mn":"ADBE Vector Shape - Group","hd":false},{"ind":1,"ty":"sh","ix":2,"ks":{"a":0,"k":{"i":[[0.002,-0.002],[0,0],[0,0]],"o":[[0,0],[0,0],[-0.002,0.002]],"v":[[-0.635,15.743],[-0.635,15.74],[-0.629,15.738]],"c":true},"ix":2},"nm":"Path 2","mn":"ADBE Vector Shape - Group","hd":false},{"ind":2,"ty":"sh","ix":3,"ks":{"a":0,"k":{"i":[[0.393,4.891],[0,0],[0,-0.04],[-2.011,-2.888]],"o":[[0,0],[-0.007,0.038],[0,4.757],[-3.961,-2.568]],"v":[[-14.993,-15.449],[-11.077,-15.449],[-11.099,-15.336],[-7.892,-3.594]],"c":true},"ix":2},"nm":"Path 3","mn":"ADBE Vector Shape - Group","hd":false},{"ind":3,"ty":"sh","ix":4,"ks":{"a":0,"k":{"i":[[0,4.605],[0.007,0.038],[0,0],[3.735,-2.601]],"o":[[0,-0.04],[0,0],[-0.38,4.716],[1.951,-2.87]],"v":[[11.413,-15.336],[11.391,-15.449],[14.992,-15.449],[8.311,-3.878]],"c":true},"ix":2},"nm":"Path 4","mn":"ADBE Vector Shape - Group","hd":false},{"ind":4,"ty":"sh","ix":5,"ks":{"a":0,"k":{"i":[[0,8.798],[0.672,0],[0,0],[0,0],[0,0.544],[0.672,0],[0,0],[0,-0.672],[-0.494,-0.156],[0,0],[0,0],[0,-0.673],[-8.533,-1.147],[0,0],[1.411,-0.89],[1.057,-1.343],[0,0],[0,-0.672],[-0.672,0],[0,0],[0,0.671],[0.672,0],[0,0],[1.392,0.879],[0,1.797],[0,0.005]],"o":[[0,-0.673],[0,0],[0,0],[0.492,-0.156],[0,-0.672],[0,0],[-0.673,0],[0,0.544],[0,0],[0,0],[-0.673,0],[0,8.842],[0,0],[0,1.797],[-1.394,0.877],[0,0],[-0.672,0],[0,0.671],[0,0],[0.672,0],[0,-0.672],[0,0],[-1.057,-1.343],[-1.41,-0.888],[0,-0.007],[8.471,-1.204]],"v":[[17.477,-16.667],[16.258,-17.883],[11.384,-17.883],[11.384,-18.648],[12.234,-19.805],[11.018,-21.021],[-10.704,-21.021],[-11.922,-19.805],[-11.07,-18.648],[-11.07,-17.883],[-16.258,-17.883],[-17.477,-16.667],[-2.339,0.648],[-2.339,0.65],[-4.458,15.473],[-8.32,18.587],[-8.461,18.587],[-9.678,19.803],[-8.461,21.021],[8.688,21.021],[9.906,19.803],[8.688,18.587],[8.449,18.587],[4.589,15.473],[2.467,0.65],[2.469,0.632]],"c":true},"ix":2},"nm":"Path 5","mn":"ADBE Vector Shape - Group","hd":false},{"ty":"fl","c":{"a":0,"k":[0.913999968884,0.929000016755,0.952999997606,1],"ix":4},"o":{"a":0,"k":100,"ix":5},"r":1,"nm":"Fill 1","mn":"ADBE Vector Graphic - Fill","hd":false},{"ty":"tr","p":{"a":0,"k":[140.562,103.198],"ix":2},"a":{"a":0,"k":[0,0],"ix":1},"s":{"a":0,"k":[100,100],"ix":3},"r":{"a":0,"k":0,"ix":6},"o":{"a":0,"k":100,"ix":7},"sk":{"a":0,"k":0,"ix":4},"sa":{"a":0,"k":0,"ix":5},"nm":"Transform"}],"nm":"Group 5","np":6,"cix":2,"ix":10,"mn":"ADBE Vector Group","hd":false},{"ty":"gr","it":[{"ind":0,"ty":"sh","ix":1,"ks":{"a":0,"k":{"i":[[0,0],[0,0],[0,0],[0,0]],"o":[[0,0],[0,0],[0,0],[0,0]],"v":[[90.187,69.467],[-90.187,69.467],[-90.187,-69.467],[90.187,-69.467]],"c":true},"ix":2},"nm":"Path 1","mn":"ADBE Vector Shape - Group","hd":false},{"ty":"fl","c":{"a":0,"k":[1,1,1,1],"ix":4},"o":{"a":0,"k":100,"ix":5},"r":1,"nm":"Fill 1","mn":"ADBE Vector Graphic - Fill","hd":false},{"ty":"tr","p":{"a":0,"k":[92.125,71.447],"ix":2},"a":{"a":0,"k":[0,0],"ix":1},"s":{"a":0,"k":[100,100],"ix":3},"r":{"a":0,"k":0,"ix":6},"o":{"a":0,"k":100,"ix":7},"sk":{"a":0,"k":0,"ix":4},"sa":{"a":0,"k":0,"ix":5},"nm":"Transform"}],"nm":"Group 6","np":2,"cix":2,"ix":11,"mn":"ADBE Vector Group","hd":false},{"ty":"gr","it":[{"ind":0,"ty":"sh","ix":1,"ks":{"a":0,"k":{"i":[[0,0],[0,0],[0,0],[0,0]],"o":[[0,0],[0,0],[0,0],[0,0]],"v":[[-92.124,71.448],[92.124,71.448],[92.124,-71.448],[-92.124,-71.448]],"c":true},"ix":2},"nm":"Path 1","mn":"ADBE Vector Shape - Group","hd":false},{"ty":"fl","c":{"a":0,"k":[0.246999987434,0.560999971278,0.936999990426,1],"ix":4},"o":{"a":0,"k":100,"ix":5},"r":1,"nm":"Fill 1","mn":"ADBE Vector Graphic - Fill","hd":false},{"ty":"tr","p":{"a":0,"k":[92.124,71.448],"ix":2},"a":{"a":0,"k":[0,0],"ix":1},"s":{"a":0,"k":[100,100],"ix":3},"r":{"a":0,"k":0,"ix":6},"o":{"a":0,"k":100,"ix":7},"sk":{"a":0,"k":0,"ix":4},"sa":{"a":0,"k":0,"ix":5},"nm":"Transform"}],"nm":"Group 7","np":2,"cix":2,"ix":12,"mn":"ADBE Vector Group","hd":false}],"ip":0,"op":2880,"st":0,"bm":0},{"ddd":0,"ind":9,"ty":4,"nm":"PH New Logo","parent":11,"sr":1,"ks":{"o":{"a":0,"k":100,"ix":11},"r":{"a":0,"k":0,"ix":10},"p":{"a":0,"k":[112.889,169.611,0],"ix":2},"a":{"a":0,"k":[43,40,0],"ix":1},"s":{"a":0,"k":[19.857,19.857,100],"ix":6}},"ao":0,"shapes":[{"ty":"gr","it":[{"ind":0,"ty":"sh","ix":1,"ks":{"a":0,"k":{"i":[[17.564,0],[0,0],[0,0],[0,0],[0,0],[0,0],[0,0],[0,0],[0,0],[0,0],[0,0],[0,0],[0,0],[0,0],[0,0],[0,0],[0,4.763],[0,0],[0,0],[0,16.928]],"o":[[0,0],[0,0],[0,0],[0,0],[0,0],[0,0],[0,0],[0,0],[0,0],[0,0],[0,0],[0,0],[0,0],[0,0],[0,0],[4.763,0],[0,0],[0,0],[17.564,0],[0,-16.928]],"v":[[6.484,-39.983],[-27.244,-39.983],[-27.244,-28.717],[-33.567,-28.717],[-33.567,-23.218],[-6.782,-23.218],[-6.782,-28.717],[21.644,-10.024],[-6.782,9.711],[-6.792,9.711],[-6.792,4.212],[-33.212,4.212],[-33.212,9.711],[-27.244,9.711],[-27.244,39.983],[-15.503,39.983],[-6.88,31.36],[-6.88,21.11],[6.484,21.11],[37.668,-9.437]],"c":true},"ix":2},"nm":"Path 1","mn":"ADBE Vector Shape - Group","hd":false},{"ind":1,"ty":"sh","ix":2,"ks":{"a":0,"k":{"i":[[0,0],[0,0],[0,0],[0,0]],"o":[[0,0],[0,0],[0,0],[0,0]],"v":[[-6.792,-6.786],[-29.278,-6.786],[-29.278,-1.287],[-6.792,-1.287]],"c":true},"ix":2},"nm":"Path 2","mn":"ADBE Vector Shape - Group","hd":false},{"ind":2,"ty":"sh","ix":3,"ks":{"a":0,"k":{"i":[[0,0]],"o":[[0,0]],"v":[[-6.792,-1.287]],"c":false},"ix":2},"nm":"Path 3","mn":"ADBE Vector Shape - Group","hd":false},{"ind":3,"ty":"sh","ix":4,"ks":{"a":0,"k":{"i":[[0,0],[0,0],[0,0],[0,0]],"o":[[0,0],[0,0],[0,0],[0,0]],"v":[[-6.792,-17.784],[-37.667,-17.784],[-37.667,-12.285],[-6.792,-12.285]],"c":true},"ix":2},"nm":"Path 4","mn":"ADBE Vector Shape - Group","hd":false},{"ty":"fl","c":{"a":0,"k":[0.254901960784,0.529411764706,0.96862745098,1],"ix":4},"o":{"a":0,"k":100,"ix":5},"r":1,"nm":"Fill 1","mn":"ADBE Vector Graphic - Fill","hd":false},{"ty":"tr","p":{"a":0,"k":[47.372,39.983],"ix":2},"a":{"a":0,"k":[0,0],"ix":1},"s":{"a":0,"k":[100,100],"ix":3},"r":{"a":0,"k":0,"ix":6},"o":{"a":0,"k":100,"ix":7},"sk":{"a":0,"k":0,"ix":4},"sa":{"a":0,"k":0,"ix":5},"nm":"Transform"}],"nm":"Group 1","np":5,"cix":2,"ix":1,"mn":"ADBE Vector Group","hd":false},{"ty":"gr","it":[{"ind":0,"ty":"sh","ix":1,"ks":{"a":0,"k":{"i":[[17.564,0],[0,0],[0,0],[0,0],[0,0],[0,0],[0,0],[0,0],[0,0],[0,0],[0,0],[0,0],[0,0],[0,0],[0,0],[0,0],[0,4.763],[0,0],[0,0],[0,16.928]],"o":[[0,0],[0,0],[0,0],[0,0],[0,0],[0,0],[0,0],[0,0],[0,0],[0,0],[0,0],[0,0],[0,0],[0,0],[0,0],[4.763,0],[0,0],[0,0],[17.564,0],[0,-16.928]],"v":[[11.336,-39.983],[-22.392,-39.983],[-22.392,-28.717],[-28.715,-28.717],[-28.715,-23.218],[-1.93,-23.218],[-1.93,-28.717],[26.496,-10.024],[-1.93,9.711],[-1.94,9.711],[-1.94,4.212],[-28.36,4.212],[-28.36,9.711],[-22.392,9.711],[-22.392,39.983],[-10.651,39.983],[-2.028,31.36],[-2.028,21.11],[11.336,21.11],[42.52,-9.437]],"c":true},"ix":2},"nm":"Path 1","mn":"ADBE Vector Shape - Group","hd":false},{"ind":1,"ty":"sh","ix":2,"ks":{"a":0,"k":{"i":[[0,0],[0,0],[0,0],[0,0]],"o":[[0,0],[0,0],[0,0],[0,0]],"v":[[-38.064,9.711],[-32.335,9.711],[-32.335,4.212],[-38.064,4.212]],"c":true},"ix":2},"nm":"Path 2","mn":"ADBE Vector Shape - Group","hd":false},{"ind":2,"ty":"sh","ix":3,"ks":{"a":0,"k":{"i":[[0,0],[0,0],[0,0],[0,0]],"o":[[0,0],[0,0],[0,0],[0,0]],"v":[[-1.94,-6.786],[-24.426,-6.786],[-24.426,-1.287],[-1.94,-1.287]],"c":true},"ix":2},"nm":"Path 3","mn":"ADBE Vector Shape - Group","hd":false},{"ind":3,"ty":"sh","ix":4,"ks":{"a":0,"k":{"i":[[0,0]],"o":[[0,0]],"v":[[-1.94,-1.287]],"c":false},"ix":2},"nm":"Path 4","mn":"ADBE Vector Shape - Group","hd":false},{"ind":4,"ty":"sh","ix":5,"ks":{"a":0,"k":{"i":[[0,0],[0,0],[0,0],[0,0]],"o":[[0,0],[0,0],[0,0],[0,0]],"v":[[-34.13,-1.287],[-28.401,-1.287],[-28.401,-6.786],[-34.13,-6.786]],"c":true},"ix":2},"nm":"Path 5","mn":"ADBE Vector Shape - Group","hd":false},{"ind":5,"ty":"sh","ix":6,"ks":{"a":0,"k":{"i":[[0,0],[0,0],[0,0],[0,0]],"o":[[0,0],[0,0],[0,0],[0,0]],"v":[[-1.94,-17.784],[-32.815,-17.784],[-32.815,-12.285],[-1.94,-12.285]],"c":true},"ix":2},"nm":"Path 6","mn":"ADBE Vector Shape - Group","hd":false},{"ind":6,"ty":"sh","ix":7,"ks":{"a":0,"k":{"i":[[0,0],[0,0],[0,0],[0,0]],"o":[[0,0],[0,0],[0,0],[0,0]],"v":[[-36.79,-17.784],[-42.519,-17.784],[-42.519,-12.285],[-36.79,-12.285]],"c":true},"ix":2},"nm":"Path 7","mn":"ADBE Vector Shape - Group","hd":false},{"ind":7,"ty":"sh","ix":8,"ks":{"a":0,"k":{"i":[[0,0],[0,0],[0,0],[0,0]],"o":[[0,0],[0,0],[0,0],[0,0]],"v":[[-32.69,-23.218],[-38.419,-23.218],[-38.419,-28.717],[-32.69,-28.717]],"c":true},"ix":2},"nm":"Path 8","mn":"ADBE Vector Shape - Group","hd":false},{"ty":"fl","c":{"a":0,"k":[0.254901960784,0.529411764706,0.96862745098,1],"ix":4},"o":{"a":0,"k":100,"ix":5},"r":1,"nm":"Fill 1","mn":"ADBE Vector Graphic - Fill","hd":false},{"ty":"tr","p":{"a":0,"k":[42.52,39.983],"ix":2},"a":{"a":0,"k":[0,0],"ix":1},"s":{"a":0,"k":[100,100],"ix":3},"r":{"a":0,"k":0,"ix":6},"o":{"a":0,"k":100,"ix":7},"sk":{"a":0,"k":0,"ix":4},"sa":{"a":0,"k":0,"ix":5},"nm":"Transform"}],"nm":"Group 2","np":9,"cix":2,"ix":2,"mn":"ADBE Vector Group","hd":false}],"ip":0,"op":2880,"st":0,"bm":0},{"ddd":0,"ind":10,"ty":4,"nm":"","parent":11,"sr":1,"ks":{"o":{"a":0,"k":100,"ix":11},"r":{"a":0,"k":0,"ix":10},"p":{"a":0,"k":[23.651,192.59,0],"ix":2},"a":{"a":0,"k":[1025.141,199.681,0],"ix":1},"s":{"a":0,"k":[111.111,111.111,100],"ix":6}},"ao":0,"shapes":[{"ty":"gr","it":[{"ind":0,"ty":"sh","ix":1,"ks":{"a":1,"k":[{"i":{"x":0.833,"y":0.833},"o":{"x":0.167,"y":0.167},"n":"0p833_0p833_0p167_0p167","t":216,"s":[{"i":[[0,0],[0,0],[0,0],[0,0],[0,0],[0,0],[0,0],[0,0],[0,0]],"o":[[-8.64,1.675],[-16.524,18.868],[-5.197,11.851],[0,0],[1.814,12.167],[7.87,-0.818],[0,0],[0,0],[0,0]],"v":[[1042.827,135.87],[1027.543,141.177],[1002.687,185.876],[994.732,207.077],[989.634,222.683],[997.324,249.161],[1013.472,216.415],[1017.784,211.94],[1022.79,203.801]],"c":false}],"e":[{"i":[[0,0],[0,0],[0,0],[0,0],[0,0],[0,0],[0,0],[0,0],[0,0]],"o":[[-16.122,10.63],[-9.786,25.825],[-5.197,11.851],[0,0],[1.814,12.167],[7.87,-0.818],[0,0],[0,0],[0,0]],"v":[[1042.827,135.87],[1024.201,152.984],[1011.821,191.78],[1008.989,228.909],[1012.803,256.098],[1019.602,266.092],[1027.73,263.197],[1028.922,256.495],[1035.711,209.593]],"c":false}]},{"t":224}],"ix":2},"nm":"Path 1","mn":"ADBE Vector Shape - Group","hd":false},{"ty":"fl","c":{"a":0,"k":[0.952941176471,0.960784313725,0.980392156863,1],"ix":4},"o":{"a":0,"k":100,"ix":5},"r":1,"nm":"Fill 1","mn":"ADBE Vector Graphic - Fill","hd":false},{"ty":"tr","p":{"a":0,"k":[0,0],"ix":2},"a":{"a":0,"k":[0,0],"ix":1},"s":{"a":0,"k":[100,100],"ix":3},"r":{"a":0,"k":0,"ix":6},"o":{"a":0,"k":100,"ix":7},"sk":{"a":0,"k":0,"ix":4},"sa":{"a":0,"k":0,"ix":5},"nm":"Transform"}],"nm":"Group 1","np":2,"cix":2,"ix":1,"mn":"ADBE Vector Group","hd":false}],"ip":0,"op":2880,"st":0,"bm":0},{"ddd":0,"ind":11,"ty":4,"nm":"Person 3","sr":1,"ks":{"o":{"a":0,"k":100,"ix":11},"r":{"a":0,"k":0,"ix":10},"p":{"a":1,"k":[{"i":{"x":0.667,"y":1},"o":{"x":0.333,"y":0},"n":"0p667_1_0p333_0","t":120,"s":[185,226,0],"e":[180,266,0],"to":[-0.83333331346512,6.66666650772095,0],"ti":[0.83333331346512,-6.66666650772095,0]},{"i":{"x":0.667,"y":0.667},"o":{"x":0.333,"y":0.333},"n":"0p667_0p667_0p333_0p333","t":132,"s":[180,266,0],"e":[180,266,0],"to":[0,0,0],"ti":[0,0,0]},{"i":{"x":0.667,"y":1},"o":{"x":0.333,"y":0},"n":"0p667_1_0p333_0","t":216,"s":[180,266,0],"e":[93.5,205.5,0],"to":[-14.4166669845581,-10.0833330154419,0],"ti":[14.4166669845581,10.0833330154419,0]},{"t":224}],"ix":2},"a":{"a":0,"k":[79,203.5,0],"ix":1},"s":{"a":1,"k":[{"i":{"x":[0.667,0.667,0.667],"y":[1,1,1]},"o":{"x":[0.333,0.333,0.333],"y":[0,0,0]},"n":["0p667_1_0p333_0","0p667_1_0p333_0","0p667_1_0p333_0"],"t":120,"s":[42,42,100],"e":[101,101,100]},{"i":{"x":[0.833,0.833,0.833],"y":[1,1,1]},"o":{"x":[0.333,0.333,0.333],"y":[0,0,0]},"n":["0p833_1_0p333_0","0p833_1_0p333_0","0p833_1_0p333_0"],"t":132,"s":[101,101,100],"e":[101,101,100]},{"i":{"x":[0.833,0.833,0.833],"y":[1,1,1]},"o":{"x":[0.167,0.167,0.167],"y":[0,0,0]},"n":["0p833_1_0p167_0","0p833_1_0p167_0","0p833_1_0p167_0"],"t":216,"s":[101,101,100],"e":[90,90,100]},{"t":224}],"ix":6}},"ao":0,"shapes":[{"ty":"gr","it":[{"ind":0,"ty":"sh","ix":1,"ks":{"a":0,"k":{"i":[[0.183,2.039],[0.958,4.778],[-0.209,3.704],[2.162,2.583],[3.388,0.495],[3.292,-0.566],[3.666,-0.156],[5.393,-1.511],[2.943,-3.172],[0.8,-4.565],[-1.08,-4.81],[-1.069,-4.859],[-2.593,-4.187],[-0.213,-0.128],[-0.284,0.482],[-0.04,1.651],[-0.779,2.709],[0.799,3.865],[-0.868,1.322],[-1.186,-0.298],[-1.061,-0.655],[-2.628,-0.84],[-4.929,0.528],[-2.259,0.976],[-2.243,0.299],[-0.021,-2.298],[0.331,-1.36],[-0.422,-6.657],[-0.193,-0.233],[-0.49,0.325],[-0.694,1.113],[-1.414,1.916],[-0.275,4.248]],"o":[[-0.437,-4.868],[-0.732,-3.646],[0.17,-3.019],[-2.345,-2.799],[-3.302,-0.481],[-3.594,0.619],[-5.479,0.232],[-4.174,1.17],[-3.055,3.293],[-0.843,4.802],[1.09,4.853],[1.049,4.775],[0.131,0.211],[0.48,0.288],[0.868,-1.471],[0.07,-2.897],[1.088,-3.78],[-0.336,-1.624],[0.783,-0.923],[1.209,0.304],[2.347,1.454],[4.669,1.494],[2.439,-0.262],[2.008,-0.87],[2.563,-0.342],[0.014,1.401],[-1.573,6.483],[0.019,0.303],[0.373,0.455],[1.092,-0.726],[1.258,-2.021],[2.527,-3.425],[0.133,-2.059]],"v":[[35.157,6.223],[32.613,-8.238],[31.982,-19.327],[31.419,-29.051],[20.63,-33.116],[10.648,-33.079],[0.252,-29.521],[-16.012,-29.312],[-26.665,-22.325],[-33.908,-10.666],[-34.316,4.224],[-30.624,18.666],[-25.499,32.647],[-25.014,33.202],[-23.589,32.711],[-23.837,26.786],[-21.801,18.843],[-21.357,7.107],[-20.812,2.625],[-17.637,1.797],[-14.622,3.132],[-7.118,6.573],[7.176,8.533],[14.4,6.739],[20.303,3.559],[24.529,8.119],[23.812,12.247],[22.604,32.146],[22.844,33.006],[24.45,32.983],[26.798,29.873],[31.277,24.317],[35.264,12.369]],"c":true},"ix":2},"nm":"Path 1","mn":"ADBE Vector Shape - Group","hd":false},{"ty":"fl","c":{"a":0,"k":[0.224000010771,0.250999989229,0.375999989229,1],"ix":4},"o":{"a":0,"k":100,"ix":5},"r":1,"nm":"Fill 1","mn":"ADBE Vector Graphic - Fill","hd":false},{"ty":"tr","p":{"a":0,"k":[77.097,33.49],"ix":2},"a":{"a":0,"k":[0,0],"ix":1},"s":{"a":0,"k":[100,100],"ix":3},"r":{"a":0,"k":0,"ix":6},"o":{"a":0,"k":100,"ix":7},"sk":{"a":0,"k":0,"ix":4},"sa":{"a":0,"k":0,"ix":5},"nm":"Transform"}],"nm":"Group 1","np":2,"cix":2,"ix":1,"mn":"ADBE Vector Group","hd":false},{"ty":"gr","it":[{"ind":0,"ty":"sh","ix":1,"ks":{"a":1,"k":[{"i":{"x":0.667,"y":1},"o":{"x":0.333,"y":0},"n":"0p667_1_0p333_0","t":216,"s":[{"i":[[2.722,10.777],[0,0],[0,0],[-0.029,-1.717],[0,0],[-0.852,-0.924],[-0.445,-9.216],[-2.48,-1.958],[-3.334,3.667],[0.261,2.709]],"o":[[1.858,-1.78],[1.167,-6.052],[-6.584,-0.218],[0.009,0.516],[0.5,2.24],[-0.703,6.006],[0,0],[0,0],[0,0],[-2.087,-21.653]],"v":[[-0.528,-66.693],[2.805,-71.421],[-2.607,-77.628],[-9.861,-72.443],[-9.778,-71.589],[-6.09,-66.63],[-13.778,65.911],[-1.112,77.911],[14.223,67.911],[13.817,63.688]],"c":true}],"e":[{"i":[[2.056,14.116],[0,0],[0,0],[2.278,0.089],[0,0],[-0.559,-11.936],[9.841,-7.03],[-6.655,0.613],[-9.257,1.853],[0.624,7.194]],"o":[[0.515,-9.451],[0.482,-6.41],[-6.978,3.85],[-1.961,-0.554],[0.468,3.965],[-0.703,6.006],[-0.714,0.595],[0,0],[0,0],[-2.093,-23.249]],"v":[[4.334,-33.394],[5.236,-66.803],[6.734,-78.713],[-10.104,-76.775],[-14.938,-79.286],[-9.909,-51.492],[-16.999,108.259],[0.523,110.793],[19.353,109.54],[12.89,80.798]],"c":true}]},{"i":{"x":0.667,"y":1},"o":{"x":0.333,"y":0},"n":"0p667_1_0p333_0","t":220,"s":[{"i":[[2.056,14.116],[0,0],[0,0],[2.278,0.089],[0,0],[-0.559,-11.936],[9.841,-7.03],[-6.655,0.613],[-9.257,1.853],[0.624,7.194]],"o":[[0.515,-9.451],[0.482,-6.41],[-6.978,3.85],[-1.961,-0.554],[0.468,3.965],[-0.703,6.006],[-0.714,0.595],[0,0],[0,0],[-2.093,-23.249]],"v":[[4.334,-33.394],[5.236,-66.803],[6.734,-78.713],[-10.104,-76.775],[-14.938,-79.286],[-9.909,-51.492],[-16.999,108.259],[0.523,110.793],[19.353,109.54],[12.89,80.798]],"c":true}],"e":[{"i":[[1.39,17.455],[0,0],[0,0],[4.585,1.896],[0,0],[-0.266,-22.949],[24.505,6.732],[-8.022,0.843],[-13.356,1.815],[0.986,11.678]],"o":[[-0.828,-17.123],[-0.203,-6.769],[-3.755,10.674],[-3.93,-1.625],[0.436,5.69],[-0.703,6.006],[0,0],[0,0],[0,0],[-2.098,-24.846]],"v":[[9.195,-0.095],[7.667,-62.185],[9.268,-83.462],[-14.274,-78.489],[-18.528,-84.366],[-13.728,-36.353],[-16.555,109.245],[1.111,110.689],[24.223,109.023],[11.964,97.909]],"c":true}]},{"t":224}],"ix":2},"nm":"Path 1","mn":"ADBE Vector Shape - Group","hd":false},{"ty":"fl","c":{"a":1,"k":[{"i":{"x":[0.667],"y":[1]},"o":{"x":[0.333],"y":[0]},"n":["0p667_1_0p333_0"],"t":216,"s":[1,0.430999995213,0.430999995213,1],"e":[0.807843148708,0.850980401039,0.937254905701,1]},{"t":224}],"ix":4},"o":{"a":0,"k":100,"ix":5},"r":1,"nm":"Fill 1","mn":"ADBE Vector Graphic - Fill","hd":false},{"ty":"tr","p":{"a":0,"k":[86.05,198.913],"ix":2},"a":{"a":0,"k":[0,0],"ix":1},"s":{"a":0,"k":[100,100],"ix":3},"r":{"a":0,"k":0,"ix":6},"o":{"a":0,"k":100,"ix":7},"sk":{"a":0,"k":0,"ix":4},"sa":{"a":0,"k":0,"ix":5},"nm":"Transform"}],"nm":"Group 2","np":2,"cix":2,"ix":2,"mn":"ADBE Vector Group","hd":false},{"ty":"gr","it":[{"ind":0,"ty":"sh","ix":1,"ks":{"a":0,"k":{"i":[[0,0],[-10.926,7.284],[19.666,1.822]],"o":[[0,0],[0,0],[0,0]],"v":[[-9.768,-4.432],[10.494,-5.44],[-10.493,5.258]],"c":true},"ix":2},"nm":"Path 1","mn":"ADBE Vector Shape - Group","hd":false},{"ty":"fl","c":{"a":0,"k":[0.224000010771,0.250999989229,0.375999989229,1],"ix":4},"o":{"a":0,"k":100,"ix":5},"r":1,"nm":"Fill 1","mn":"ADBE Vector Graphic - Fill","hd":false},{"ty":"tr","p":{"a":0,"k":[80.327,102.913],"ix":2},"a":{"a":0,"k":[0,0],"ix":1},"s":{"a":0,"k":[100,100],"ix":3},"r":{"a":0,"k":0,"ix":6},"o":{"a":0,"k":15,"ix":7},"sk":{"a":0,"k":0,"ix":4},"sa":{"a":0,"k":0,"ix":5},"nm":"Transform"}],"nm":"Group 3","np":2,"cix":2,"ix":3,"mn":"ADBE Vector Group","hd":false},{"ty":"gr","it":[{"ind":0,"ty":"sh","ix":1,"ks":{"a":0,"k":{"i":[[10.565,0.146],[0,0],[0,0],[0,0],[-0.68,-8.926],[-0.786,-7.166],[-7.166,-0.821],[-2.218,1.036],[-0.559,-1.128],[-7.994,-3.812],[0,0],[0,0],[-4.501,6.961],[1.074,3.986],[0.008,2.902],[-2.757,8.331],[-2.415,8.398]],"o":[[0,0],[0,0],[0,0],[0,0],[-0.328,-0.033],[0,0],[0,0],[0.626,1.305],[3.838,7.756],[-0.039,0.007],[0.48,7.304],[-3.878,10.859],[2.674,-4.135],[-0.175,-0.651],[6.468,-4.659],[1.486,0.391],[0,0]],"v":[[28.968,-18.965],[31.064,-41.445],[-8.506,-50.521],[-33.909,-40.333],[-32.417,-20.766],[-38.747,-14.242],[-32.217,1.031],[-28.419,0.634],[-26.6,4.32],[-9.197,23.452],[-9.257,23.462],[-11.224,37.62],[14.388,43.56],[11.781,30.298],[11.145,22.212],[24.942,0.728],[34.043,-6.581]],"c":true},"ix":2},"nm":"Path 1","mn":"ADBE Vector Shape - Group","hd":false},{"ty":"fl","c":{"a":0,"k":[1,0.816000007181,0.611999990426,1],"ix":4},"o":{"a":0,"k":100,"ix":5},"r":1,"nm":"Fill 1","mn":"ADBE Vector Graphic - Fill","hd":false},{"ty":"tr","p":{"a":0,"k":[79.815,75.02],"ix":2},"a":{"a":0,"k":[0,0],"ix":1},"s":{"a":0,"k":[100,100],"ix":3},"r":{"a":0,"k":0,"ix":6},"o":{"a":0,"k":100,"ix":7},"sk":{"a":0,"k":0,"ix":4},"sa":{"a":0,"k":0,"ix":5},"nm":"Transform"}],"nm":"Group 4","np":2,"cix":2,"ix":4,"mn":"ADBE Vector Group","hd":false},{"ty":"gr","it":[{"ind":0,"ty":"sh","ix":1,"ks":{"a":1,"k":[{"i":{"x":0.833,"y":0.833},"o":{"x":0.167,"y":0.167},"n":"0p833_0p833_0p167_0p167","t":216,"s":[{"i":[[0,0],[9.952,-3.388],[4.658,-7.622],[0,0],[-2.964,-2.964],[-9.528,-0.847],[-2.169,2.466],[0,0],[-0.423,-5.505],[0,0],[0,0],[-8.258,-3.599],[-6.291,-2.238],[-16.899,1.077],[-13.927,7.274],[3.388,7.834],[0,0],[-0.211,8.469],[0,0],[-1.646,-3.846],[0,0],[0.81,-1.013],[-2.259,1.447],[-2.406,24.969],[19.843,28.954],[6.775,6.775],[7.835,-0.212],[0,0]],"o":[[0,0],[0,0],[0,0],[0,0],[0,0],[0,0],[0,0],[0,0],[0,0],[0,0],[0,0],[0,0],[8.831,3.141],[12.029,-0.767],[0,0],[0,0],[0,0],[0,0],[0,0],[0,0],[0.46,1.212],[-10.995,13.746],[0,0],[0,0],[0,0],[0,0],[0,0],[0,0]],"v":[[-8.173,-104.598],[-40.992,-96.128],[-54.516,-88.082],[-69.435,-34.373],[-68.588,-28.656],[-44.715,-21.966],[-39.807,-23.295],[-35.996,-27.953],[-46.921,-34.725],[-39.51,16.516],[-38.663,70.508],[-33.581,81.095],[-23.688,85.362],[16.17,90.978],[55.56,79.825],[58.524,69.874],[51.749,34.09],[50.266,14.187],[51.537,-39.594],[48.764,-39.259],[49.016,-31.633],[50.383,-27.679],[62.449,10.099],[87.551,-2.018],[74.267,-51.22],[55.324,-92.31],[40.738,-99.304],[9.613,-104.598]],"c":true}],"e":[{"i":[[0,0],[9.952,-3.388],[4.658,-7.622],[0,0],[-2.964,-2.964],[-9.528,-0.847],[-2.169,2.466],[0,0],[-0.423,-5.505],[0,0],[0,0],[-8.258,-3.599],[-12.91,3.306],[-14.307,-3.361],[-8.76,4.575],[3.388,7.834],[0,0],[-0.211,8.469],[0,0],[-1.646,-3.846],[0,0],[0.81,-1.013],[-2.259,1.447],[-2.406,24.969],[19.843,28.954],[6.775,6.775],[7.835,-0.212],[0,0]],"o":[[0,0],[0,0],[0,0],[0,0],[0,0],[0,0],[0,0],[0,0],[0,0],[0,0],[0,0],[0,0],[3.458,-0.885],[9.713,2.282],[0,0],[0,0],[0,0],[0,0],[0,0],[0,0],[0.46,1.212],[-10.995,13.746],[0,0],[0,0],[0,0],[0,0],[0,0],[0,0]],"v":[[-8.173,-104.598],[-40.992,-96.128],[-54.516,-88.082],[-69.435,-34.373],[-68.588,-28.656],[-44.715,-21.966],[-39.807,-23.295],[-35.996,-27.953],[-46.921,-34.725],[-39.51,16.516],[-38.663,70.508],[-33.581,81.095],[-9.507,89.845],[31.759,89.341],[55.56,79.825],[58.524,69.874],[51.749,34.09],[50.266,14.187],[51.537,-39.594],[48.764,-39.259],[49.016,-31.633],[50.383,-27.679],[62.449,10.099],[93.739,-2.513],[74.267,-51.22],[55.324,-92.31],[40.738,-99.304],[9.613,-104.598]],"c":true}]},{"t":224}],"ix":2},"nm":"Path 1","mn":"ADBE Vector Shape - Group","hd":false},{"ty":"fl","c":{"a":0,"k":[0.952999997606,0.961000031116,0.980000035903,1],"ix":4},"o":{"a":0,"k":100,"ix":5},"r":1,"nm":"Fill 1","mn":"ADBE Vector Graphic - Fill","hd":false},{"ty":"tr","p":{"a":0,"k":[78.779,218.822],"ix":2},"a":{"a":0,"k":[0,0],"ix":1},"s":{"a":0,"k":[100,100],"ix":3},"r":{"a":0,"k":0,"ix":6},"o":{"a":0,"k":100,"ix":7},"sk":{"a":0,"k":0,"ix":4},"sa":{"a":0,"k":0,"ix":5},"nm":"Transform"}],"nm":"Group 5","np":2,"cix":2,"ix":5,"mn":"ADBE Vector Group","hd":false},{"ty":"gr","it":[{"ind":0,"ty":"sh","ix":1,"ks":{"a":1,"k":[{"i":{"x":0.667,"y":1},"o":{"x":0.333,"y":0},"n":"0p667_1_0p333_0","t":216,"s":[{"i":[[0,0],[0,0],[-5.099,-0.637],[0.638,-21.038],[0,0],[0,0],[0,0],[0,0],[0,0],[0.638,-34.425],[0,0]],"o":[[0,0],[0,0],[0,0],[0,0],[0,0],[0,0],[0,0],[0,0],[0,0],[0,0],[0,0]],"v":[[-7.386,153.847],[-2.765,-5.75],[1.06,-15.312],[4.885,3.176],[8.094,153.847],[45.016,153.847],[45.685,-3.837],[45.048,-51.649],[-42.927,-54.837],[-45.477,26.125],[-45.685,153.847]],"c":true}],"e":[{"i":[[0,0],[0,0],[-5.099,-0.637],[0.638,-21.038],[0,0],[0,0],[0,0],[0,0],[0,0],[0.638,-34.425],[0,0]],"o":[[0,0],[0,0],[0,0],[0,0],[0,0],[0,0],[0,0],[0,0],[0,0],[0,0],[0,0]],"v":[[-7.386,153.847],[-2.765,-5.75],[1.06,-15.312],[4.885,3.176],[8.094,153.847],[45.016,153.847],[45.685,-3.837],[45.048,-51.649],[-42.927,-54.837],[-45.477,26.125],[-45.685,153.847]],"c":true}]},{"t":224}],"ix":2},"nm":"Path 1","mn":"ADBE Vector Shape - Group","hd":false},{"ty":"fl","c":{"a":0,"k":[0.224000010771,0.250999989229,0.375999989229,1],"ix":4},"o":{"a":0,"k":100,"ix":5},"r":1,"nm":"Fill 1","mn":"ADBE Vector Graphic - Fill","hd":false},{"ty":"tr","p":{"a":0,"k":[84.656,351.713],"ix":2},"a":{"a":0,"k":[0,0],"ix":1},"s":{"a":0,"k":[100,100],"ix":3},"r":{"a":0,"k":0,"ix":6},"o":{"a":0,"k":100,"ix":7},"sk":{"a":0,"k":0,"ix":4},"sa":{"a":0,"k":0,"ix":5},"nm":"Transform"}],"nm":"Group 6","np":2,"cix":2,"ix":6,"mn":"ADBE Vector Group","hd":false}],"ip":0,"op":2880,"st":0,"bm":0},{"ddd":0,"ind":12,"ty":4,"nm":"hat back","parent":5,"sr":1,"ks":{"o":{"a":1,"k":[{"i":{"x":[0.833],"y":[0.833]},"o":{"x":[0.167],"y":[0.167]},"n":["0p833_0p833_0p167_0p167"],"t":216,"s":[100],"e":[0]},{"t":224}],"ix":11},"r":{"a":0,"k":0,"ix":10},"p":{"a":0,"k":[62.455,72.931,0],"ix":2},"a":{"a":0,"k":[62.455,72.931,0],"ix":1},"s":{"a":0,"k":[100,100,100],"ix":6}},"ao":0,"shapes":[{"ty":"gr","it":[{"ind":0,"ty":"sh","ix":1,"ks":{"a":0,"k":{"i":[[-0.672,-11.203],[-8.625,3]],"o":[[9.922,10.203],[2.624,-10.373]],"v":[[26.453,72.547],[98.375,75.5]],"c":true},"ix":2},"nm":"Path 1","mn":"ADBE Vector Shape - Group","hd":false},{"ty":"st","c":{"a":0,"k":[1,1,1,1],"ix":3},"o":{"a":0,"k":100,"ix":4},"w":{"a":0,"k":0,"ix":5},"lc":1,"lj":1,"ml":4,"nm":"Stroke 1","mn":"ADBE Vector Graphic - Stroke","hd":false},{"ty":"fl","c":{"a":0,"k":[0.291944765577,0.308592493394,0.36237745098,1],"ix":4},"o":{"a":0,"k":100,"ix":5},"r":1,"nm":"Fill 1","mn":"ADBE Vector Graphic - Fill","hd":false},{"ty":"tr","p":{"a":0,"k":[0,0],"ix":2},"a":{"a":0,"k":[0,0],"ix":1},"s":{"a":0,"k":[100,100],"ix":3},"r":{"a":0,"k":0,"ix":6},"o":{"a":0,"k":100,"ix":7},"sk":{"a":0,"k":0,"ix":4},"sa":{"a":0,"k":0,"ix":5},"nm":"Transform"}],"nm":"Shape 1","np":3,"cix":2,"ix":1,"mn":"ADBE Vector Group","hd":false}],"ip":11,"op":2891,"st":11,"bm":0}]}],"layers":[{"ddd":0,"ind":1,"ty":0,"nm":"Main Person","refId":"comp_0","sr":1,"ks":{"o":{"a":0,"k":100,"ix":11},"r":{"a":0,"k":0,"ix":10},"p":{"a":0,"k":[180,228,0],"ix":2},"a":{"a":0,"k":[180,228,0],"ix":1},"s":{"a":0,"k":[100,100,100],"ix":6}},"ao":0,"w":360,"h":456,"ip":0,"op":2880,"st":0,"bm":0}],"markers":[]}