{"v":"5.0.6","fr":10,"ip":2,"op":18,"w":100,"h":100,"nm":"PH Play Button","ddd":0,"assets":[],"layers":[{"ddd":0,"ind":1,"ty":4,"nm":"Play","sr":1,"ks":{"o":{"a":0,"k":100,"ix":11},"r":{"a":0,"k":0,"ix":10},"p":{"a":0,"k":[54.25,50.5,0],"ix":2},"a":{"a":0,"k":[13,13,0],"ix":1},"s":{"a":0,"k":[100,100,100],"ix":6}},"ao":0,"shapes":[{"ty":"gr","it":[{"ind":0,"ty":"sh","ix":1,"ks":{"a":0,"k":{"i":[[0.194,-0.097],[0,0],[0.247,0.494],[0,0.156],[0,0],[-0.552,0],[-0.138,-0.07],[0,0],[0.247,-0.494]],"o":[[0,0],[-0.494,0.247],[-0.07,-0.139],[0,0],[0,-0.552],[0.155,0],[0,0],[0.494,0.247],[-0.096,0.193]],"v":[[12.258,0.895],[-11.506,12.777],[-12.847,12.329],[-12.953,11.882],[-12.953,-11.883],[-11.953,-12.883],[-11.506,-12.777],[12.258,-0.895],[12.705,0.447]],"c":true},"ix":2},"nm":"Path 1","mn":"ADBE Vector Shape - Group","hd":false},{"ty":"fl","c":{"a":0,"k":[1,1,1,1],"ix":4},"o":{"a":0,"k":100,"ix":5},"r":1,"nm":"Fill 1","mn":"ADBE Vector Graphic - Fill","hd":false},{"ty":"tr","p":{"a":0,"k":[12.952,12.882],"ix":2},"a":{"a":0,"k":[0,0],"ix":1},"s":{"a":0,"k":[100,100],"ix":3},"r":{"a":0,"k":0,"ix":6},"o":{"a":0,"k":100,"ix":7},"sk":{"a":0,"k":0,"ix":4},"sa":{"a":0,"k":0,"ix":5},"nm":"Transform"}],"nm":"Group 1","np":2,"cix":2,"ix":1,"mn":"ADBE Vector Group","hd":false}],"ip":0,"op":1200,"st":0,"bm":0},{"ddd":0,"ind":2,"ty":4,"nm":"Inner Ripple","sr":1,"ks":{"o":{"a":1,"k":[{"i":{"x":[0.667],"y":[1]},"o":{"x":[0.333],"y":[0]},"n":["0p667_1_0p333_0"],"t":12.083,"s":[100],"e":[0]},{"t":17.5}],"ix":11},"r":{"a":0,"k":0,"ix":10},"p":{"a":0,"k":[49.684,49.44,0],"ix":2},"a":{"a":0,"k":[0,0,0],"ix":1},"s":{"a":1,"k":[{"i":{"x":[0.667,0.667,0.667],"y":[1,1,1]},"o":{"x":[0.333,0.333,0.333],"y":[0,0,0]},"n":["0p667_1_0p333_0","0p667_1_0p333_0","0p667_1_0p333_0"],"t":2.083,"s":[16.304,16.304,100],"e":[100,100,100]},{"t":9.58349609375}],"ix":6}},"ao":0,"shapes":[{"ty":"gr","it":[{"ind":0,"ty":"sh","ix":1,"ks":{"a":0,"k":{"i":[[0,-17.95],[-17.949,0],[0,17.948],[17.949,0]],"o":[[0,17.948],[17.949,0],[0,-17.95],[-17.949,0]],"v":[[-32,0.501],[0.5,33],[33,0.501],[0.5,-32]],"c":true},"ix":2},"nm":"Path 2","mn":"ADBE Vector Shape - Group","hd":false},{"ty":"fl","c":{"a":0,"k":[1,1,1,1],"ix":4},"o":{"a":0,"k":100,"ix":5},"r":1,"nm":"Fill 1","mn":"ADBE Vector Graphic - Fill","hd":false},{"ty":"tr","p":{"a":0,"k":[0.133,0.619],"ix":2},"a":{"a":0,"k":[0,0],"ix":1},"s":{"a":0,"k":[100,100],"ix":3},"r":{"a":0,"k":0,"ix":6},"o":{"a":0,"k":20,"ix":7},"sk":{"a":0,"k":0,"ix":4},"sa":{"a":0,"k":0,"ix":5},"nm":"Transform"}],"nm":"Group 3","np":2,"cix":2,"ix":1,"mn":"ADBE Vector Group","hd":false}],"ip":0,"op":1200,"st":0,"bm":0},{"ddd":0,"ind":3,"ty":4,"nm":"Outer Ripple","sr":1,"ks":{"o":{"a":1,"k":[{"i":{"x":[0.667],"y":[1]},"o":{"x":[0.167],"y":[0]},"n":["0p667_1_0p167_0"],"t":7,"s":[0],"e":[100]},{"i":{"x":[0.667],"y":[1]},"o":{"x":[0.333],"y":[0]},"n":["0p667_1_0p333_0"],"t":9.417,"s":[100],"e":[0]},{"t":16.5}],"ix":11},"r":{"a":0,"k":0,"ix":10},"p":{"a":0,"k":[50.316,50.56,0],"ix":2},"a":{"a":0,"k":[46,46,0],"ix":1},"s":{"a":1,"k":[{"i":{"x":[0.667,0.667,0.667],"y":[1,1,1]},"o":{"x":[0.333,0.333,0.333],"y":[0,0,0]},"n":["0p667_1_0p333_0","0p667_1_0p333_0","0p667_1_0p333_0"],"t":3.583,"s":[16.304,16.304,100],"e":[100,100,100]},{"t":10.25}],"ix":6}},"ao":0,"shapes":[{"ty":"gr","it":[{"ind":0,"ty":"sh","ix":1,"ks":{"a":0,"k":{"i":[[0,-25.405],[-25.405,0],[0,25.405],[25.405,0]],"o":[[0,25.405],[25.405,0],[0,-25.405],[-25.405,0]],"v":[[-46,0],[0,46],[46,0],[0,-46]],"c":true},"ix":2},"nm":"Path 2","mn":"ADBE Vector Shape - Group","hd":false},{"ty":"fl","c":{"a":0,"k":[1,1,1,1],"ix":4},"o":{"a":0,"k":100,"ix":5},"r":1,"nm":"Fill 1","mn":"ADBE Vector Graphic - Fill","hd":false},{"ty":"tr","p":{"a":0,"k":[46,46],"ix":2},"a":{"a":0,"k":[0,0],"ix":1},"s":{"a":0,"k":[100,100],"ix":3},"r":{"a":0,"k":0,"ix":6},"o":{"a":0,"k":20,"ix":7},"sk":{"a":0,"k":0,"ix":4},"sa":{"a":0,"k":0,"ix":5},"nm":"Transform"}],"nm":"Group 4","np":2,"cix":2,"ix":1,"mn":"ADBE Vector Group","hd":false}],"ip":2,"op":1200,"st":0,"bm":0}],"markers":[]}