{"v":"5.0.6","fr":10,"ip":0,"op":40,"w":252,"h":242,"nm":"ProScreen2","ddd":0,"assets":[{"id":"comp_0","layers":[{"ddd":0,"ind":1,"ty":4,"nm":"cashstack 2","sr":1,"ks":{"o":{"a":0,"k":100,"ix":11},"r":{"a":0,"k":0,"ix":10},"p":{"a":0,"k":[344.75,354.312,0],"ix":2},"a":{"a":0,"k":[29,11,0],"ix":1},"s":{"a":0,"k":[100,100,100],"ix":6}},"ao":0,"shapes":[{"ty":"gr","it":[{"ind":0,"ty":"sh","ix":1,"ks":{"a":0,"k":{"i":[[0,0],[0,0],[0,0],[0,0]],"o":[[0,0],[0,0],[0,0],[0,0]],"v":[[-6.204,-9.269],[6.204,-9.269],[6.204,9.269],[-6.204,9.269]],"c":true},"ix":2},"nm":"Path 1","mn":"ADBE Vector Shape - Group","hd":false},{"ty":"fl","c":{"a":0,"k":[0.987999949736,0.980000035903,0.969000004787,1],"ix":4},"o":{"a":0,"k":100,"ix":5},"r":1,"nm":"Fill 1","mn":"ADBE Vector Graphic - Fill","hd":false},{"ty":"tr","p":{"a":0,"k":[28.699,9.274],"ix":2},"a":{"a":0,"k":[0,0],"ix":1},"s":{"a":0,"k":[100,100],"ix":3},"r":{"a":0,"k":0,"ix":6},"o":{"a":0,"k":100,"ix":7},"sk":{"a":0,"k":0,"ix":4},"sa":{"a":0,"k":0,"ix":5},"nm":"Transform"}],"nm":"Group 1","np":2,"cix":2,"ix":1,"mn":"ADBE Vector Group","hd":false},{"ty":"gr","it":[{"ind":0,"ty":"sh","ix":1,"ks":{"a":0,"k":{"i":[[0,0],[0,0],[0,0],[0,0]],"o":[[0,0],[0,0],[0,0],[0,0]],"v":[[-6.204,-1.552],[6.204,-1.552],[6.204,1.552],[-6.204,1.552]],"c":true},"ix":2},"nm":"Path 1","mn":"ADBE Vector Shape - Group","hd":false},{"ty":"fl","c":{"a":0,"k":[0.957000014361,0.941000007181,0.902000038297,1],"ix":4},"o":{"a":0,"k":100,"ix":5},"r":1,"nm":"Fill 1","mn":"ADBE Vector Graphic - Fill","hd":false},{"ty":"tr","p":{"a":0,"k":[28.699,20.092],"ix":2},"a":{"a":0,"k":[0,0],"ix":1},"s":{"a":0,"k":[100,100],"ix":3},"r":{"a":0,"k":0,"ix":6},"o":{"a":0,"k":100,"ix":7},"sk":{"a":0,"k":0,"ix":4},"sa":{"a":0,"k":0,"ix":5},"nm":"Transform"}],"nm":"Group 2","np":2,"cix":2,"ix":2,"mn":"ADBE Vector Group","hd":false},{"ty":"gr","it":[{"ind":0,"ty":"sh","ix":1,"ks":{"a":0,"k":{"i":[[0.504,0],[0.194,0.466],[-0.358,0.358],[-0.467,-0.194],[0.266,-0.636]],"o":[[-0.508,0],[-0.195,-0.466],[0.36,-0.356],[0.637,0.265],[-0.193,0.466]],"v":[[25.558,-3.623],[24.4,-4.394],[24.671,-5.756],[26.037,-6.025],[26.71,-4.393]],"c":true},"ix":2},"nm":"Path 1","mn":"ADBE Vector Shape - Group","hd":false},{"ind":1,"ty":"sh","ix":2,"ks":{"a":0,"k":{"i":[[0.692,0],[0.001,0.69],[-0.693,0],[0,-0.69]],"o":[[-0.69,0.001],[0,-0.69],[0.692,0],[0,0.69]],"v":[[25.558,6.217],[24.305,4.969],[25.558,3.72],[26.812,4.969]],"c":true},"ix":2},"nm":"Path 2","mn":"ADBE Vector Shape - Group","hd":false},{"ind":2,"ty":"sh","ix":3,"ks":{"a":0,"k":{"i":[[0,0],[0.193,0.466],[-0.36,0.358],[-0.469,-0.194],[0.264,-0.636],[0.505,0]],"o":[[-0.507,0],[-0.195,-0.466],[0.359,-0.356],[0.637,0.265],[-0.195,0.466],[0,0]],"v":[[-25.623,-3.623],[-26.781,-4.394],[-26.509,-5.756],[-25.143,-6.025],[-24.47,-4.393],[-25.624,-3.623]],"c":false},"ix":2},"nm":"Path 3","mn":"ADBE Vector Shape - Group","hd":false},{"ind":3,"ty":"sh","ix":4,"ks":{"a":0,"k":{"i":[[0.693,0],[0.002,0.691],[-0.692,0],[0,-0.69]],"o":[[-0.69,0.002],[0,-0.69],[0.693,0],[0,0.69]],"v":[[-25.623,6.217],[-26.877,4.969],[-25.623,3.72],[-24.37,4.969]],"c":true},"ix":2},"nm":"Path 4","mn":"ADBE Vector Shape - Group","hd":false},{"ty":"fl","c":{"a":0,"k":[0.361000001197,0.917999985639,0.611999990426,1],"ix":4},"o":{"a":0,"k":100,"ix":5},"r":1,"nm":"Fill 1","mn":"ADBE Vector Graphic - Fill","hd":false},{"ty":"tr","p":{"a":0,"k":[28.946,9.194],"ix":2},"a":{"a":0,"k":[0,0],"ix":1},"s":{"a":0,"k":[100,100],"ix":3},"r":{"a":0,"k":0,"ix":6},"o":{"a":0,"k":100,"ix":7},"sk":{"a":0,"k":0,"ix":4},"sa":{"a":0,"k":0,"ix":5},"nm":"Transform"}],"nm":"Group 3","np":5,"cix":2,"ix":3,"mn":"ADBE Vector Group","hd":false},{"ty":"gr","it":[{"ind":0,"ty":"sh","ix":1,"ks":{"a":0,"k":{"i":[[-5.562,0],[0,-2.973],[5.561,0],[0,2.972]],"o":[[5.561,0],[0,2.972],[-5.562,0],[0,-2.973]],"v":[[0.001,-5.381],[10.068,0],[0.001,5.381],[-10.068,0]],"c":true},"ix":2},"nm":"Path 1","mn":"ADBE Vector Shape - Group","hd":false},{"ty":"fl","c":{"a":0,"k":[0.361000001197,0.917999985639,0.611999990426,1],"ix":4},"o":{"a":0,"k":100,"ix":5},"r":1,"nm":"Fill 1","mn":"ADBE Vector Graphic - Fill","hd":false},{"ty":"tr","p":{"a":0,"k":[28.844,9.188],"ix":2},"a":{"a":0,"k":[0,0],"ix":1},"s":{"a":0,"k":[100,100],"ix":3},"r":{"a":0,"k":0,"ix":6},"o":{"a":0,"k":100,"ix":7},"sk":{"a":0,"k":0,"ix":4},"sa":{"a":0,"k":0,"ix":5},"nm":"Transform"}],"nm":"Group 4","np":2,"cix":2,"ix":4,"mn":"ADBE Vector Group","hd":false},{"ty":"gr","it":[{"ind":0,"ty":"sh","ix":1,"ks":{"a":0,"k":{"i":[[0,0],[0,0],[0,0],[0,0]],"o":[[0,0],[0,0],[0,0],[0,0]],"v":[[-28.947,1.546],[28.947,1.546],[28.947,-1.546],[-28.947,-1.546]],"c":true},"ix":2},"nm":"Path 1","mn":"ADBE Vector Shape - Group","hd":false},{"ty":"fl","c":{"a":0,"k":[0.234999997008,0.736999990426,0.438999998803,1],"ix":4},"o":{"a":0,"k":100,"ix":5},"r":1,"nm":"Fill 1","mn":"ADBE Vector Graphic - Fill","hd":false},{"ty":"tr","p":{"a":0,"k":[28.947,20.088],"ix":2},"a":{"a":0,"k":[0,0],"ix":1},"s":{"a":0,"k":[100,100],"ix":3},"r":{"a":0,"k":0,"ix":6},"o":{"a":0,"k":100,"ix":7},"sk":{"a":0,"k":0,"ix":4},"sa":{"a":0,"k":0,"ix":5},"nm":"Transform"}],"nm":"Group 5","np":2,"cix":2,"ix":5,"mn":"ADBE Vector Group","hd":false},{"ty":"gr","it":[{"ind":0,"ty":"sh","ix":1,"ks":{"a":0,"k":{"i":[[0,0],[0,0],[0,0],[0,0]],"o":[[0,0],[0,0],[0,0],[0,0]],"v":[[-28.949,9.266],[28.949,9.266],[28.949,-9.266],[-28.949,-9.266]],"c":true},"ix":2},"nm":"Path 1","mn":"ADBE Vector Shape - Group","hd":false},{"ty":"fl","c":{"a":0,"k":[0.298000021542,0.838999968884,0.564999988032,1],"ix":4},"o":{"a":0,"k":100,"ix":5},"r":1,"nm":"Fill 1","mn":"ADBE Vector Graphic - Fill","hd":false},{"ty":"tr","p":{"a":0,"k":[28.948,9.266],"ix":2},"a":{"a":0,"k":[0,0],"ix":1},"s":{"a":0,"k":[100,100],"ix":3},"r":{"a":0,"k":0,"ix":6},"o":{"a":0,"k":100,"ix":7},"sk":{"a":0,"k":0,"ix":4},"sa":{"a":0,"k":0,"ix":5},"nm":"Transform"}],"nm":"Group 6","np":2,"cix":2,"ix":6,"mn":"ADBE Vector Group","hd":false}],"ip":0,"op":1200,"st":0,"bm":0},{"ddd":0,"ind":2,"ty":4,"nm":"cashstack","sr":1,"ks":{"o":{"a":0,"k":100,"ix":11},"r":{"a":0,"k":0,"ix":10},"p":{"a":0,"k":[344.75,360.5,0],"ix":2},"a":{"a":0,"k":[29,11,0],"ix":1},"s":{"a":0,"k":[100,100,100],"ix":6}},"ao":0,"shapes":[{"ty":"gr","it":[{"ind":0,"ty":"sh","ix":1,"ks":{"a":0,"k":{"i":[[0,0],[0,0],[0,0],[0,0]],"o":[[0,0],[0,0],[0,0],[0,0]],"v":[[-6.204,-9.269],[6.204,-9.269],[6.204,9.269],[-6.204,9.269]],"c":true},"ix":2},"nm":"Path 1","mn":"ADBE Vector Shape - Group","hd":false},{"ty":"fl","c":{"a":0,"k":[0.987999949736,0.980000035903,0.969000004787,1],"ix":4},"o":{"a":0,"k":100,"ix":5},"r":1,"nm":"Fill 1","mn":"ADBE Vector Graphic - Fill","hd":false},{"ty":"tr","p":{"a":0,"k":[28.699,9.274],"ix":2},"a":{"a":0,"k":[0,0],"ix":1},"s":{"a":0,"k":[100,100],"ix":3},"r":{"a":0,"k":0,"ix":6},"o":{"a":0,"k":100,"ix":7},"sk":{"a":0,"k":0,"ix":4},"sa":{"a":0,"k":0,"ix":5},"nm":"Transform"}],"nm":"Group 1","np":2,"cix":2,"ix":1,"mn":"ADBE Vector Group","hd":false},{"ty":"gr","it":[{"ind":0,"ty":"sh","ix":1,"ks":{"a":0,"k":{"i":[[0,0],[0,0],[0,0],[0,0]],"o":[[0,0],[0,0],[0,0],[0,0]],"v":[[-6.204,-1.552],[6.204,-1.552],[6.204,1.552],[-6.204,1.552]],"c":true},"ix":2},"nm":"Path 1","mn":"ADBE Vector Shape - Group","hd":false},{"ty":"fl","c":{"a":0,"k":[0.957000014361,0.941000007181,0.902000038297,1],"ix":4},"o":{"a":0,"k":100,"ix":5},"r":1,"nm":"Fill 1","mn":"ADBE Vector Graphic - Fill","hd":false},{"ty":"tr","p":{"a":0,"k":[28.699,20.092],"ix":2},"a":{"a":0,"k":[0,0],"ix":1},"s":{"a":0,"k":[100,100],"ix":3},"r":{"a":0,"k":0,"ix":6},"o":{"a":0,"k":100,"ix":7},"sk":{"a":0,"k":0,"ix":4},"sa":{"a":0,"k":0,"ix":5},"nm":"Transform"}],"nm":"Group 2","np":2,"cix":2,"ix":2,"mn":"ADBE Vector Group","hd":false},{"ty":"gr","it":[{"ind":0,"ty":"sh","ix":1,"ks":{"a":0,"k":{"i":[[0.504,0],[0.194,0.466],[-0.358,0.358],[-0.467,-0.194],[0.266,-0.636]],"o":[[-0.508,0],[-0.195,-0.466],[0.36,-0.356],[0.637,0.265],[-0.193,0.466]],"v":[[25.558,-3.623],[24.4,-4.394],[24.671,-5.756],[26.037,-6.025],[26.71,-4.393]],"c":true},"ix":2},"nm":"Path 1","mn":"ADBE Vector Shape - Group","hd":false},{"ind":1,"ty":"sh","ix":2,"ks":{"a":0,"k":{"i":[[0.692,0],[0.001,0.69],[-0.693,0],[0,-0.69]],"o":[[-0.69,0.001],[0,-0.69],[0.692,0],[0,0.69]],"v":[[25.558,6.217],[24.305,4.969],[25.558,3.72],[26.812,4.969]],"c":true},"ix":2},"nm":"Path 2","mn":"ADBE Vector Shape - Group","hd":false},{"ind":2,"ty":"sh","ix":3,"ks":{"a":0,"k":{"i":[[0,0],[0.193,0.466],[-0.36,0.358],[-0.469,-0.194],[0.264,-0.636],[0.505,0]],"o":[[-0.507,0],[-0.195,-0.466],[0.359,-0.356],[0.637,0.265],[-0.195,0.466],[0,0]],"v":[[-25.623,-3.623],[-26.781,-4.394],[-26.509,-5.756],[-25.143,-6.025],[-24.47,-4.393],[-25.624,-3.623]],"c":false},"ix":2},"nm":"Path 3","mn":"ADBE Vector Shape - Group","hd":false},{"ind":3,"ty":"sh","ix":4,"ks":{"a":0,"k":{"i":[[0.693,0],[0.002,0.691],[-0.692,0],[0,-0.69]],"o":[[-0.69,0.002],[0,-0.69],[0.693,0],[0,0.69]],"v":[[-25.623,6.217],[-26.877,4.969],[-25.623,3.72],[-24.37,4.969]],"c":true},"ix":2},"nm":"Path 4","mn":"ADBE Vector Shape - Group","hd":false},{"ty":"fl","c":{"a":0,"k":[0.361000001197,0.917999985639,0.611999990426,1],"ix":4},"o":{"a":0,"k":100,"ix":5},"r":1,"nm":"Fill 1","mn":"ADBE Vector Graphic - Fill","hd":false},{"ty":"tr","p":{"a":0,"k":[28.946,9.194],"ix":2},"a":{"a":0,"k":[0,0],"ix":1},"s":{"a":0,"k":[100,100],"ix":3},"r":{"a":0,"k":0,"ix":6},"o":{"a":0,"k":100,"ix":7},"sk":{"a":0,"k":0,"ix":4},"sa":{"a":0,"k":0,"ix":5},"nm":"Transform"}],"nm":"Group 3","np":5,"cix":2,"ix":3,"mn":"ADBE Vector Group","hd":false},{"ty":"gr","it":[{"ind":0,"ty":"sh","ix":1,"ks":{"a":0,"k":{"i":[[-5.562,0],[0,-2.973],[5.561,0],[0,2.972]],"o":[[5.561,0],[0,2.972],[-5.562,0],[0,-2.973]],"v":[[0.001,-5.381],[10.068,0],[0.001,5.381],[-10.068,0]],"c":true},"ix":2},"nm":"Path 1","mn":"ADBE Vector Shape - Group","hd":false},{"ty":"fl","c":{"a":0,"k":[0.361000001197,0.917999985639,0.611999990426,1],"ix":4},"o":{"a":0,"k":100,"ix":5},"r":1,"nm":"Fill 1","mn":"ADBE Vector Graphic - Fill","hd":false},{"ty":"tr","p":{"a":0,"k":[28.844,9.188],"ix":2},"a":{"a":0,"k":[0,0],"ix":1},"s":{"a":0,"k":[100,100],"ix":3},"r":{"a":0,"k":0,"ix":6},"o":{"a":0,"k":100,"ix":7},"sk":{"a":0,"k":0,"ix":4},"sa":{"a":0,"k":0,"ix":5},"nm":"Transform"}],"nm":"Group 4","np":2,"cix":2,"ix":4,"mn":"ADBE Vector Group","hd":false},{"ty":"gr","it":[{"ind":0,"ty":"sh","ix":1,"ks":{"a":0,"k":{"i":[[0,0],[0,0],[0,0],[0,0]],"o":[[0,0],[0,0],[0,0],[0,0]],"v":[[-28.947,1.546],[28.947,1.546],[28.947,-1.546],[-28.947,-1.546]],"c":true},"ix":2},"nm":"Path 1","mn":"ADBE Vector Shape - Group","hd":false},{"ty":"fl","c":{"a":0,"k":[0.234999997008,0.736999990426,0.438999998803,1],"ix":4},"o":{"a":0,"k":100,"ix":5},"r":1,"nm":"Fill 1","mn":"ADBE Vector Graphic - Fill","hd":false},{"ty":"tr","p":{"a":0,"k":[28.947,20.088],"ix":2},"a":{"a":0,"k":[0,0],"ix":1},"s":{"a":0,"k":[100,100],"ix":3},"r":{"a":0,"k":0,"ix":6},"o":{"a":0,"k":100,"ix":7},"sk":{"a":0,"k":0,"ix":4},"sa":{"a":0,"k":0,"ix":5},"nm":"Transform"}],"nm":"Group 5","np":2,"cix":2,"ix":5,"mn":"ADBE Vector Group","hd":false},{"ty":"gr","it":[{"ind":0,"ty":"sh","ix":1,"ks":{"a":0,"k":{"i":[[0,0],[0,0],[0,0],[0,0]],"o":[[0,0],[0,0],[0,0],[0,0]],"v":[[-28.949,9.266],[28.949,9.266],[28.949,-9.266],[-28.949,-9.266]],"c":true},"ix":2},"nm":"Path 1","mn":"ADBE Vector Shape - Group","hd":false},{"ty":"fl","c":{"a":0,"k":[0.298000021542,0.838999968884,0.564999988032,1],"ix":4},"o":{"a":0,"k":100,"ix":5},"r":1,"nm":"Fill 1","mn":"ADBE Vector Graphic - Fill","hd":false},{"ty":"tr","p":{"a":0,"k":[28.948,9.266],"ix":2},"a":{"a":0,"k":[0,0],"ix":1},"s":{"a":0,"k":[100,100],"ix":3},"r":{"a":0,"k":0,"ix":6},"o":{"a":0,"k":100,"ix":7},"sk":{"a":0,"k":0,"ix":4},"sa":{"a":0,"k":0,"ix":5},"nm":"Transform"}],"nm":"Group 6","np":2,"cix":2,"ix":6,"mn":"ADBE Vector Group","hd":false}],"ip":0,"op":1200,"st":0,"bm":0}]}],"layers":[{"ddd":0,"ind":1,"ty":4,"nm":"RESUME","sr":1,"ks":{"o":{"a":1,"k":[{"i":{"x":[0.667],"y":[1]},"o":{"x":[0.333],"y":[0]},"n":["0p667_1_0p333_0"],"t":11.25,"s":[0],"e":[100]},{"t":13.75}],"ix":11},"r":{"a":0,"k":0,"ix":10},"p":{"a":1,"k":[{"i":{"x":0.667,"y":1},"o":{"x":0.333,"y":0},"n":"0p667_1_0p333_0","t":11.25,"s":[136.75,132.875,0],"e":[136.75,129.875,0],"to":[0,-0.5,0],"ti":[0,0.5,0]},{"t":13.75}],"ix":2},"a":{"a":0,"k":[18,3.5,0],"ix":1},"s":{"a":0,"k":[100,100,100],"ix":6}},"ao":0,"shapes":[{"ty":"gr","it":[{"ind":0,"ty":"sh","ix":1,"ks":{"a":0,"k":{"i":[[-0.074,-0.069],[0,-0.112],[0.075,-0.072],[0.123,0],[0,0],[0.08,0.08],[0,0.117],[0,0],[-0.08,0.077],[-0.117,0],[0,0],[-0.074,-0.072],[0,-0.118],[0.075,-0.069],[0.123,0],[0,0],[0,0],[0,0],[-0.078,-0.072],[0,-0.112],[0.077,-0.072],[0.117,0],[0,0],[0,0],[0,0]],"o":[[0.075,0.069],[0,0.118],[-0.074,0.072],[0,0],[-0.117,0],[-0.08,-0.08],[0,0],[0,-0.123],[0.08,-0.077],[0,0],[0.123,0],[0.075,0.072],[0,0.112],[-0.074,0.069],[0,0],[0,0],[0,0],[0.117,0],[0.077,0.072],[0,0.112],[-0.078,0.072],[0,0],[0,0],[0,0],[0.123,0]],"v":[[2.108,2.46],[2.22,2.732],[2.108,3.016],[1.812,3.124],[-1.804,3.124],[-2.1,3.004],[-2.22,2.708],[-2.22,-2.708],[-2.1,-3.008],[-1.804,-3.124],[1.812,-3.124],[2.108,-3.016],[2.22,-2.732],[2.108,-2.46],[1.812,-2.356],[-1.388,-2.356],[-1.388,-0.412],[0.909,-0.412],[1.201,-0.304],[1.316,-0.028],[1.201,0.248],[0.909,0.356],[-1.388,0.356],[-1.388,2.356],[1.812,2.356]],"c":true},"ix":2},"nm":"Path 1","mn":"ADBE Vector Shape - Group","hd":false},{"ty":"fl","c":{"a":0,"k":[0.404000016755,0.455000005984,0.620000023935,1],"ix":4},"o":{"a":0,"k":100,"ix":5},"r":1,"nm":"Fill 1","mn":"ADBE Vector Graphic - Fill","hd":false},{"ty":"tr","p":{"a":0,"k":[32.995,3.196],"ix":2},"a":{"a":0,"k":[0,0],"ix":1},"s":{"a":0,"k":[100,100],"ix":3},"r":{"a":0,"k":0,"ix":6},"o":{"a":0,"k":100,"ix":7},"sk":{"a":0,"k":0,"ix":4},"sa":{"a":0,"k":0,"ix":5},"nm":"Transform"}],"nm":"Group 1","np":2,"cix":2,"ix":1,"mn":"ADBE Vector Group","hd":false},{"ty":"gr","it":[{"ind":0,"ty":"sh","ix":1,"ks":{"a":0,"k":{"i":[[-0.08,-0.08],[0,-0.117],[0,0],[0.082,-0.08],[0.111,0],[0.079,0.08],[0,0.117],[0,0],[0,0],[0.149,0],[0.08,0.166],[0,0],[0,0],[0.079,-0.08],[0.117,0],[0.08,0.08],[0,0.117],[0,0],[-0.08,0.08],[-0.117,0],[-0.084,-0.149],[0,0],[0,0],[-0.16,0]],"o":[[0.08,0.08],[0,0],[0,0.117],[-0.083,0.08],[-0.118,0],[-0.08,-0.08],[0,0],[0,0],[-0.091,0.138],[-0.177,0],[0,0],[0,0],[0,0.117],[-0.08,0.08],[-0.117,0],[-0.08,-0.08],[0,0],[0,-0.117],[0.08,-0.08],[0.16,0],[0,0],[0,0],[0.085,-0.149],[0.117,0]],"v":[[3.008,-3.004],[3.128,-2.708],[3.128,2.708],[3.005,3.004],[2.712,3.124],[2.417,3.004],[2.296,2.708],[2.296,-1.268],[0.361,2.676],[0.001,2.884],[-0.385,2.636],[-2.296,-1.196],[-2.296,2.708],[-2.415,3.004],[-2.712,3.124],[-3.008,3.004],[-3.128,2.708],[-3.128,-2.708],[-3.008,-3.004],[-2.712,-3.124],[-2.344,-2.9],[0.031,1.86],[2.344,-2.9],[2.712,-3.124]],"c":true},"ix":2},"nm":"Path 1","mn":"ADBE Vector Shape - Group","hd":false},{"ty":"fl","c":{"a":0,"k":[0.404000016755,0.455000005984,0.620000023935,1],"ix":4},"o":{"a":0,"k":100,"ix":5},"r":1,"nm":"Fill 1","mn":"ADBE Vector Graphic - Fill","hd":false},{"ty":"tr","p":{"a":0,"k":[26.048,3.196],"ix":2},"a":{"a":0,"k":[0,0],"ix":1},"s":{"a":0,"k":[100,100],"ix":3},"r":{"a":0,"k":0,"ix":6},"o":{"a":0,"k":100,"ix":7},"sk":{"a":0,"k":0,"ix":4},"sa":{"a":0,"k":0,"ix":5},"nm":"Transform"}],"nm":"Group 2","np":2,"cix":2,"ix":2,"mn":"ADBE Vector Group","hd":false},{"ty":"gr","it":[{"ind":0,"ty":"sh","ix":1,"ks":{"a":0,"k":{"i":[[-0.08,0.077],[-0.117,0],[-0.077,-0.077],[0,-0.123],[0,0],[-0.151,-0.224],[-0.269,-0.126],[-0.347,0],[-0.262,0.125],[-0.147,0.224],[0,0.282],[0,0],[-0.08,0.077],[-0.117,0],[-0.077,-0.077],[0,-0.123],[0,0],[0.216,-0.339],[0.386,-0.19],[0.49,0],[0.397,0.189],[0.221,0.336],[0,0.432],[0,0]],"o":[[0.08,-0.077],[0.123,0],[0.077,0.077],[0,0],[0,0.282],[0.153,0.224],[0.269,0.125],[0.33,0],[0.262,-0.126],[0.147,-0.224],[0,0],[0,-0.123],[0.08,-0.077],[0.117,0],[0.077,0.077],[0,0],[0,0.427],[-0.216,0.338],[-0.387,0.189],[-0.507,0],[-0.398,-0.19],[-0.222,-0.335],[0,0],[0,-0.123]],"v":[[-2.46,-3.072],[-2.164,-3.188],[-1.864,-3.072],[-1.748,-2.772],[-1.748,0.964],[-1.521,1.724],[-0.888,2.248],[0.036,2.436],[0.924,2.248],[1.536,1.724],[1.756,0.964],[1.756,-2.772],[1.876,-3.072],[2.172,-3.188],[2.464,-3.072],[2.58,-2.772],[2.58,0.964],[2.256,2.112],[1.352,2.904],[0.036,3.188],[-1.32,2.904],[-2.248,2.115],[-2.58,0.964],[-2.58,-2.772]],"c":true},"ix":2},"nm":"Path 1","mn":"ADBE Vector Shape - Group","hd":false},{"ty":"fl","c":{"a":0,"k":[0.404000016755,0.455000005984,0.620000023935,1],"ix":4},"o":{"a":0,"k":100,"ix":5},"r":1,"nm":"Fill 1","mn":"ADBE Vector Graphic - Fill","hd":false},{"ty":"tr","p":{"a":0,"k":[18.74,3.26],"ix":2},"a":{"a":0,"k":[0,0],"ix":1},"s":{"a":0,"k":[100,100],"ix":3},"r":{"a":0,"k":0,"ix":6},"o":{"a":0,"k":100,"ix":7},"sk":{"a":0,"k":0,"ix":4},"sa":{"a":0,"k":0,"ix":5},"nm":"Transform"}],"nm":"Group 3","np":2,"cix":2,"ix":3,"mn":"ADBE Vector Group","hd":false},{"ty":"gr","it":[{"ind":0,"ty":"sh","ix":1,"ks":{"a":0,"k":{"i":[[-0.314,-0.187],[-0.219,-0.347],[0,-0.091],[0.107,-0.074],[0.08,0],[0.069,0.04],[0.037,0.069],[0.216,0.125],[0.33,0],[0.251,-0.157],[0,-0.298],[-0.224,-0.187],[-0.576,-0.059],[-0.352,-0.322],[0,-0.528],[0.208,-0.275],[0.344,-0.136],[0.394,0],[0.424,0.235],[0.16,0.379],[0,0.042],[-0.058,0.061],[-0.102,0.021],[-0.037,0],[-0.077,-0.051],[-0.037,-0.085],[-0.282,-0.144],[-0.342,0],[-0.277,0.184],[0,0.32],[0.235,0.216],[0.48,0.048],[0.379,0.322],[0,0.486],[-0.195,0.248],[-0.339,0.131],[-0.421,0]],"o":[[0.314,0.187],[0.064,0.101],[0,0.117],[-0.058,0.037],[-0.08,0],[-0.07,-0.04],[-0.145,-0.24],[-0.216,-0.125],[-0.405,0],[-0.25,0.157],[0,0.277],[0.224,0.186],[0.64,0.065],[0.352,0.322],[0,0.384],[-0.208,0.275],[-0.344,0.136],[-0.518,0],[-0.423,-0.235],[-0.027,-0.064],[0,-0.08],[0.059,-0.061],[0.015,-0.005],[0.086,0],[0.077,0.051],[0.096,0.208],[0.283,0.144],[0.399,0],[0.277,-0.184],[0,-0.304],[-0.235,-0.216],[-0.661,-0.064],[-0.379,-0.322],[0,-0.342],[0.195,-0.248],[0.339,-0.131],[0.459,0]],"v":[[1.312,-2.92],[2.111,-2.12],[2.208,-1.832],[2.048,-1.544],[1.84,-1.488],[1.615,-1.548],[1.456,-1.712],[0.915,-2.26],[0.096,-2.448],[-0.889,-2.212],[-1.264,-1.528],[-0.928,-0.832],[0.271,-0.464],[1.76,0.116],[2.288,1.392],[1.975,2.38],[1.148,2.996],[0.04,3.2],[-1.372,2.848],[-2.249,1.928],[-2.288,1.768],[-2.201,1.556],[-1.96,1.432],[-1.88,1.424],[-1.637,1.5],[-1.464,1.704],[-0.896,2.232],[0.04,2.448],[1.055,2.172],[1.471,1.416],[1.12,0.636],[0.048,0.24],[-1.512,-0.34],[-2.081,-1.552],[-1.788,-2.436],[-0.988,-3.004],[0.152,-3.2]],"c":true},"ix":2},"nm":"Path 1","mn":"ADBE Vector Shape - Group","hd":false},{"ty":"fl","c":{"a":0,"k":[0.404000016755,0.455000005984,0.620000023935,1],"ix":4},"o":{"a":0,"k":100,"ix":5},"r":1,"nm":"Fill 1","mn":"ADBE Vector Graphic - Fill","hd":false},{"ty":"tr","p":{"a":0,"k":[12.6,3.2],"ix":2},"a":{"a":0,"k":[0,0],"ix":1},"s":{"a":0,"k":[100,100],"ix":3},"r":{"a":0,"k":0,"ix":6},"o":{"a":0,"k":100,"ix":7},"sk":{"a":0,"k":0,"ix":4},"sa":{"a":0,"k":0,"ix":5},"nm":"Transform"}],"nm":"Group 4","np":2,"cix":2,"ix":4,"mn":"ADBE Vector Group","hd":false},{"ty":"gr","it":[{"ind":0,"ty":"sh","ix":1,"ks":{"a":0,"k":{"i":[[-0.074,-0.069],[0,-0.112],[0.075,-0.072],[0.123,0],[0,0],[0.08,0.08],[0,0.117],[0,0],[-0.08,0.077],[-0.117,0],[0,0],[-0.074,-0.072],[0,-0.118],[0.075,-0.069],[0.123,0],[0,0],[0,0],[0,0],[-0.078,-0.072],[0,-0.112],[0.077,-0.072],[0.117,0],[0,0],[0,0],[0,0]],"o":[[0.075,0.069],[0,0.118],[-0.074,0.072],[0,0],[-0.117,0],[-0.08,-0.08],[0,0],[0,-0.123],[0.08,-0.077],[0,0],[0.123,0],[0.075,0.072],[0,0.112],[-0.074,0.069],[0,0],[0,0],[0,0],[0.117,0],[0.077,0.072],[0,0.112],[-0.078,0.072],[0,0],[0,0],[0,0],[0.123,0]],"v":[[2.108,2.46],[2.22,2.732],[2.108,3.016],[1.812,3.124],[-1.804,3.124],[-2.1,3.004],[-2.22,2.708],[-2.22,-2.708],[-2.1,-3.008],[-1.804,-3.124],[1.812,-3.124],[2.108,-3.016],[2.22,-2.732],[2.108,-2.46],[1.812,-2.356],[-1.388,-2.356],[-1.388,-0.412],[0.909,-0.412],[1.201,-0.304],[1.316,-0.028],[1.201,0.248],[0.909,0.356],[-1.388,0.356],[-1.388,2.356],[1.812,2.356]],"c":true},"ix":2},"nm":"Path 1","mn":"ADBE Vector Shape - Group","hd":false},{"ty":"fl","c":{"a":0,"k":[0.404000016755,0.455000005984,0.620000023935,1],"ix":4},"o":{"a":0,"k":100,"ix":5},"r":1,"nm":"Fill 1","mn":"ADBE Vector Graphic - Fill","hd":false},{"ty":"tr","p":{"a":0,"k":[7.276,3.196],"ix":2},"a":{"a":0,"k":[0,0],"ix":1},"s":{"a":0,"k":[100,100],"ix":3},"r":{"a":0,"k":0,"ix":6},"o":{"a":0,"k":100,"ix":7},"sk":{"a":0,"k":0,"ix":4},"sa":{"a":0,"k":0,"ix":5},"nm":"Transform"}],"nm":"Group 5","np":2,"cix":2,"ix":5,"mn":"ADBE Vector Group","hd":false},{"ty":"gr","it":[{"ind":0,"ty":"sh","ix":1,"ks":{"a":0,"k":{"i":[[0,0],[-0.234,0.206],[0,0.325],[0.235,0.224],[0.363,0],[0,0],[0,0]],"o":[[0.363,0],[0.235,-0.205],[0,-0.352],[-0.234,-0.224],[0,0],[0,0],[0,0]],"v":[[-0.212,-0.052],[0.684,-0.361],[1.036,-1.156],[0.684,-2.02],[-0.212,-2.357],[-1.236,-2.357],[-1.236,-0.052]],"c":true},"ix":2},"nm":"Path 1","mn":"ADBE Vector Shape - Group","hd":false},{"ind":1,"ty":"sh","ix":2,"ks":{"a":0,"k":{"i":[[0,-0.091],[0.072,-0.071],[0.123,0],[0.085,0.133],[0,0],[0,0],[0,0],[0,0],[0.078,-0.08],[0.123,0],[0.08,0.08],[0,0.117],[0,0],[-0.08,0.077],[-0.117,0],[0,0],[-0.312,-0.165],[-0.173,-0.299],[0,-0.384],[0.192,-0.293],[0.331,-0.148],[0,0]],"o":[[0,0.106],[-0.072,0.073],[-0.154,0],[0,0],[0,0],[0,0],[0,0],[0,0.117],[-0.077,0.08],[-0.117,0],[-0.08,-0.08],[0,0],[0,-0.123],[0.08,-0.077],[0,0],[0.395,0],[0.312,0.165],[0.173,0.299],[0,0.378],[-0.192,0.294],[0,0],[0.053,0.085]],"v":[[2.068,2.748],[1.96,3.015],[1.668,3.124],[1.308,2.924],[-0.068,0.716],[-0.212,0.716],[-1.236,0.716],[-1.236,2.708],[-1.352,3.004],[-1.652,3.124],[-1.948,3.004],[-2.068,2.708],[-2.068,-2.708],[-1.948,-3.008],[-1.652,-3.124],[-0.212,-3.124],[0.848,-2.876],[1.576,-2.18],[1.836,-1.156],[1.548,-0.149],[0.764,0.515],[1.988,2.484]],"c":true},"ix":2},"nm":"Path 2","mn":"ADBE Vector Shape - Group","hd":false},{"ty":"fl","c":{"a":0,"k":[0.404000016755,0.455000005984,0.620000023935,1],"ix":4},"o":{"a":0,"k":100,"ix":5},"r":1,"nm":"Fill 1","mn":"ADBE Vector Graphic - Fill","hd":false},{"ty":"tr","p":{"a":0,"k":[2.068,3.197],"ix":2},"a":{"a":0,"k":[0,0],"ix":1},"s":{"a":0,"k":[100,100],"ix":3},"r":{"a":0,"k":0,"ix":6},"o":{"a":0,"k":100,"ix":7},"sk":{"a":0,"k":0,"ix":4},"sa":{"a":0,"k":0,"ix":5},"nm":"Transform"}],"nm":"Group 6","np":3,"cix":2,"ix":6,"mn":"ADBE Vector Group","hd":false}],"ip":0,"op":1200,"st":0,"bm":0},{"ddd":0,"ind":2,"ty":4,"nm":"cashstack 3","sr":1,"ks":{"o":{"a":1,"k":[{"i":{"x":[0.667],"y":[1]},"o":{"x":[0.333],"y":[0]},"n":["0p667_1_0p333_0"],"t":25,"s":[0],"e":[100]},{"t":30}],"ix":11},"r":{"a":0,"k":0,"ix":10},"p":{"a":1,"k":[{"i":{"x":0.667,"y":1},"o":{"x":0.333,"y":0},"n":"0p667_1_0p333_0","t":25,"s":[220.75,219.375,0],"e":[220.75,201.875,0],"to":[0,-2.91666674613953,0],"ti":[0,2.91666674613953,0]},{"t":30}],"ix":2},"a":{"a":0,"k":[29,11,0],"ix":1},"s":{"a":0,"k":[100,100,100],"ix":6}},"ao":0,"shapes":[{"ty":"gr","it":[{"ind":0,"ty":"sh","ix":1,"ks":{"a":0,"k":{"i":[[0,0],[0,0],[0,0],[0,0]],"o":[[0,0],[0,0],[0,0],[0,0]],"v":[[-6.204,-9.269],[6.204,-9.269],[6.204,9.269],[-6.204,9.269]],"c":true},"ix":2},"nm":"Path 1","mn":"ADBE Vector Shape - Group","hd":false},{"ty":"fl","c":{"a":0,"k":[0.987999949736,0.980000035903,0.969000004787,1],"ix":4},"o":{"a":0,"k":100,"ix":5},"r":1,"nm":"Fill 1","mn":"ADBE Vector Graphic - Fill","hd":false},{"ty":"tr","p":{"a":0,"k":[28.699,9.274],"ix":2},"a":{"a":0,"k":[0,0],"ix":1},"s":{"a":0,"k":[100,100],"ix":3},"r":{"a":0,"k":0,"ix":6},"o":{"a":0,"k":100,"ix":7},"sk":{"a":0,"k":0,"ix":4},"sa":{"a":0,"k":0,"ix":5},"nm":"Transform"}],"nm":"Group 1","np":2,"cix":2,"ix":1,"mn":"ADBE Vector Group","hd":false},{"ty":"gr","it":[{"ind":0,"ty":"sh","ix":1,"ks":{"a":0,"k":{"i":[[0,0],[0,0],[0,0],[0,0]],"o":[[0,0],[0,0],[0,0],[0,0]],"v":[[-6.204,-1.552],[6.204,-1.552],[6.204,1.552],[-6.204,1.552]],"c":true},"ix":2},"nm":"Path 1","mn":"ADBE Vector Shape - Group","hd":false},{"ty":"fl","c":{"a":0,"k":[0.957000014361,0.941000007181,0.902000038297,1],"ix":4},"o":{"a":0,"k":100,"ix":5},"r":1,"nm":"Fill 1","mn":"ADBE Vector Graphic - Fill","hd":false},{"ty":"tr","p":{"a":0,"k":[28.699,20.092],"ix":2},"a":{"a":0,"k":[0,0],"ix":1},"s":{"a":0,"k":[100,100],"ix":3},"r":{"a":0,"k":0,"ix":6},"o":{"a":0,"k":100,"ix":7},"sk":{"a":0,"k":0,"ix":4},"sa":{"a":0,"k":0,"ix":5},"nm":"Transform"}],"nm":"Group 2","np":2,"cix":2,"ix":2,"mn":"ADBE Vector Group","hd":false},{"ty":"gr","it":[{"ind":0,"ty":"sh","ix":1,"ks":{"a":0,"k":{"i":[[0.504,0],[0.194,0.466],[-0.358,0.358],[-0.467,-0.194],[0.266,-0.636]],"o":[[-0.508,0],[-0.195,-0.466],[0.36,-0.356],[0.637,0.265],[-0.193,0.466]],"v":[[25.558,-3.623],[24.4,-4.394],[24.671,-5.756],[26.037,-6.025],[26.71,-4.393]],"c":true},"ix":2},"nm":"Path 1","mn":"ADBE Vector Shape - Group","hd":false},{"ind":1,"ty":"sh","ix":2,"ks":{"a":0,"k":{"i":[[0.692,0],[0.001,0.69],[-0.693,0],[0,-0.69]],"o":[[-0.69,0.001],[0,-0.69],[0.692,0],[0,0.69]],"v":[[25.558,6.217],[24.305,4.969],[25.558,3.72],[26.812,4.969]],"c":true},"ix":2},"nm":"Path 2","mn":"ADBE Vector Shape - Group","hd":false},{"ind":2,"ty":"sh","ix":3,"ks":{"a":0,"k":{"i":[[0,0],[0.193,0.466],[-0.36,0.358],[-0.469,-0.194],[0.264,-0.636],[0.505,0]],"o":[[-0.507,0],[-0.195,-0.466],[0.359,-0.356],[0.637,0.265],[-0.195,0.466],[0,0]],"v":[[-25.623,-3.623],[-26.781,-4.394],[-26.509,-5.756],[-25.143,-6.025],[-24.47,-4.393],[-25.624,-3.623]],"c":false},"ix":2},"nm":"Path 3","mn":"ADBE Vector Shape - Group","hd":false},{"ind":3,"ty":"sh","ix":4,"ks":{"a":0,"k":{"i":[[0.693,0],[0.002,0.691],[-0.692,0],[0,-0.69]],"o":[[-0.69,0.002],[0,-0.69],[0.693,0],[0,0.69]],"v":[[-25.623,6.217],[-26.877,4.969],[-25.623,3.72],[-24.37,4.969]],"c":true},"ix":2},"nm":"Path 4","mn":"ADBE Vector Shape - Group","hd":false},{"ty":"fl","c":{"a":0,"k":[0.361000001197,0.917999985639,0.611999990426,1],"ix":4},"o":{"a":0,"k":100,"ix":5},"r":1,"nm":"Fill 1","mn":"ADBE Vector Graphic - Fill","hd":false},{"ty":"tr","p":{"a":0,"k":[28.946,9.194],"ix":2},"a":{"a":0,"k":[0,0],"ix":1},"s":{"a":0,"k":[100,100],"ix":3},"r":{"a":0,"k":0,"ix":6},"o":{"a":0,"k":100,"ix":7},"sk":{"a":0,"k":0,"ix":4},"sa":{"a":0,"k":0,"ix":5},"nm":"Transform"}],"nm":"Group 3","np":5,"cix":2,"ix":3,"mn":"ADBE Vector Group","hd":false},{"ty":"gr","it":[{"ind":0,"ty":"sh","ix":1,"ks":{"a":0,"k":{"i":[[-5.562,0],[0,-2.973],[5.561,0],[0,2.972]],"o":[[5.561,0],[0,2.972],[-5.562,0],[0,-2.973]],"v":[[0.001,-5.381],[10.068,0],[0.001,5.381],[-10.068,0]],"c":true},"ix":2},"nm":"Path 1","mn":"ADBE Vector Shape - Group","hd":false},{"ty":"fl","c":{"a":0,"k":[0.361000001197,0.917999985639,0.611999990426,1],"ix":4},"o":{"a":0,"k":100,"ix":5},"r":1,"nm":"Fill 1","mn":"ADBE Vector Graphic - Fill","hd":false},{"ty":"tr","p":{"a":0,"k":[28.844,9.188],"ix":2},"a":{"a":0,"k":[0,0],"ix":1},"s":{"a":0,"k":[100,100],"ix":3},"r":{"a":0,"k":0,"ix":6},"o":{"a":0,"k":100,"ix":7},"sk":{"a":0,"k":0,"ix":4},"sa":{"a":0,"k":0,"ix":5},"nm":"Transform"}],"nm":"Group 4","np":2,"cix":2,"ix":4,"mn":"ADBE Vector Group","hd":false},{"ty":"gr","it":[{"ind":0,"ty":"sh","ix":1,"ks":{"a":0,"k":{"i":[[0,0],[0,0],[0,0],[0,0]],"o":[[0,0],[0,0],[0,0],[0,0]],"v":[[-28.947,1.546],[28.947,1.546],[28.947,-1.546],[-28.947,-1.546]],"c":true},"ix":2},"nm":"Path 1","mn":"ADBE Vector Shape - Group","hd":false},{"ty":"fl","c":{"a":0,"k":[0.234999997008,0.736999990426,0.438999998803,1],"ix":4},"o":{"a":0,"k":100,"ix":5},"r":1,"nm":"Fill 1","mn":"ADBE Vector Graphic - Fill","hd":false},{"ty":"tr","p":{"a":0,"k":[28.947,20.088],"ix":2},"a":{"a":0,"k":[0,0],"ix":1},"s":{"a":0,"k":[100,100],"ix":3},"r":{"a":0,"k":0,"ix":6},"o":{"a":0,"k":100,"ix":7},"sk":{"a":0,"k":0,"ix":4},"sa":{"a":0,"k":0,"ix":5},"nm":"Transform"}],"nm":"Group 5","np":2,"cix":2,"ix":5,"mn":"ADBE Vector Group","hd":false},{"ty":"gr","it":[{"ind":0,"ty":"sh","ix":1,"ks":{"a":0,"k":{"i":[[0,0],[0,0],[0,0],[0,0]],"o":[[0,0],[0,0],[0,0],[0,0]],"v":[[-28.949,9.266],[28.949,9.266],[28.949,-9.266],[-28.949,-9.266]],"c":true},"ix":2},"nm":"Path 1","mn":"ADBE Vector Shape - Group","hd":false},{"ty":"fl","c":{"a":0,"k":[0.298000021542,0.838999968884,0.564999988032,1],"ix":4},"o":{"a":0,"k":100,"ix":5},"r":1,"nm":"Fill 1","mn":"ADBE Vector Graphic - Fill","hd":false},{"ty":"tr","p":{"a":0,"k":[28.948,9.266],"ix":2},"a":{"a":0,"k":[0,0],"ix":1},"s":{"a":0,"k":[100,100],"ix":3},"r":{"a":0,"k":0,"ix":6},"o":{"a":0,"k":100,"ix":7},"sk":{"a":0,"k":0,"ix":4},"sa":{"a":0,"k":0,"ix":5},"nm":"Transform"}],"nm":"Group 6","np":2,"cix":2,"ix":6,"mn":"ADBE Vector Group","hd":false}],"ip":0,"op":1200,"st":0,"bm":0},{"ddd":0,"ind":3,"ty":4,"nm":"line 3","sr":1,"ks":{"o":{"a":0,"k":100,"ix":11},"r":{"a":0,"k":0,"ix":10},"p":{"a":0,"k":[135.75,179.058,0],"ix":2},"a":{"a":0,"k":[0,1.761,0],"ix":1},"s":{"a":1,"k":[{"i":{"x":[0.667,0.667,0.667],"y":[1,1,1]},"o":{"x":[0.333,0.333,0.333],"y":[0,0,0]},"n":["0p667_1_0p333_0","0p667_1_0p333_0","0p667_1_0p333_0"],"t":27.5,"s":[0,100,100],"e":[100,100,100]},{"t":30}],"ix":6}},"ao":0,"shapes":[{"ty":"gr","it":[{"ind":0,"ty":"sh","ix":1,"ks":{"a":0,"k":{"i":[[-0.685,0],[0,0],[0,-0.684],[0.685,0],[0,0],[0,0.684]],"o":[[0,0],[0.685,0],[0,0.684],[0,0],[-0.685,0],[0,-0.684]],"v":[[-22.392,-1.238],[22.391,-1.238],[23.63,0],[22.391,1.239],[-22.392,1.239],[-23.631,0]],"c":true},"ix":2},"nm":"Path 1","mn":"ADBE Vector Shape - Group","hd":false},{"ty":"fl","c":{"a":0,"k":[0.783999992819,0.830999995213,0.910000011968,1],"ix":4},"o":{"a":0,"k":100,"ix":5},"r":1,"nm":"Fill 1","mn":"ADBE Vector Graphic - Fill","hd":false},{"ty":"tr","p":{"a":0,"k":[23.63,1.762],"ix":2},"a":{"a":0,"k":[0,0],"ix":1},"s":{"a":0,"k":[100,100],"ix":3},"r":{"a":0,"k":0,"ix":6},"o":{"a":0,"k":100,"ix":7},"sk":{"a":0,"k":0,"ix":4},"sa":{"a":0,"k":0,"ix":5},"nm":"Transform"}],"nm":"Group 1","np":2,"cix":2,"ix":1,"mn":"ADBE Vector Group","hd":false}],"ip":0,"op":1200,"st":0,"bm":0},{"ddd":0,"ind":4,"ty":4,"nm":"whitebox 3","td":1,"sr":1,"ks":{"o":{"a":0,"k":100,"ix":11},"r":{"a":0,"k":0,"ix":10},"p":{"a":0,"k":[124,179.454,0],"ix":2},"a":{"a":0,"k":[6.5,6.5,0],"ix":1},"s":{"a":1,"k":[{"i":{"x":[0.667,0.667,0.667],"y":[1,1,1]},"o":{"x":[0.333,0.333,0.333],"y":[0,0,0]},"n":["0p667_1_0p333_0","0p667_1_0p333_0","0p667_1_0p333_0"],"t":25,"s":[0,0,100],"e":[100,100,100]},{"t":27.5}],"ix":6}},"ao":0,"shapes":[{"ty":"gr","it":[{"ind":0,"ty":"sh","ix":1,"ks":{"a":0,"k":{"i":[[-1.657,0],[0,0],[0,-1.657],[0,0],[1.657,0],[0,0],[0,1.657],[0,0]],"o":[[0,0],[1.657,0],[0,0],[0,1.657],[0,0],[-1.657,0],[0,0],[0,-1.657]],"v":[[-3.129,-6.105],[3.129,-6.105],[6.129,-3.105],[6.129,3.105],[3.129,6.105],[-3.129,6.105],[-6.129,3.105],[-6.129,-3.105]],"c":true},"ix":2},"nm":"Path 1","mn":"ADBE Vector Shape - Group","hd":false},{"ty":"fl","c":{"a":0,"k":[1,1,1,1],"ix":4},"o":{"a":0,"k":100,"ix":5},"r":1,"nm":"Fill 1","mn":"ADBE Vector Graphic - Fill","hd":false},{"ty":"tr","p":{"a":0,"k":[6.129,6.104],"ix":2},"a":{"a":0,"k":[0,0],"ix":1},"s":{"a":0,"k":[100,100],"ix":3},"r":{"a":0,"k":0,"ix":6},"o":{"a":0,"k":100,"ix":7},"sk":{"a":0,"k":0,"ix":4},"sa":{"a":0,"k":0,"ix":5},"nm":"Transform"}],"nm":"Group 1","np":2,"cix":2,"ix":1,"mn":"ADBE Vector Group","hd":false}],"ip":0,"op":1200,"st":0,"bm":0},{"ddd":0,"ind":5,"ty":4,"nm":"tick 3","tt":1,"sr":1,"ks":{"o":{"a":0,"k":100,"ix":11},"r":{"a":0,"k":0,"ix":10},"p":{"a":0,"k":[123.5,179.25,0],"ix":2},"a":{"a":0,"k":[3.5,2.5,0],"ix":1},"s":{"a":0,"k":[100,100,100],"ix":6}},"ao":0,"shapes":[{"ty":"gr","it":[{"ind":0,"ty":"sh","ix":1,"ks":{"a":0,"k":{"i":[[0,0],[0,0],[0,0]],"o":[[0,0],[0,0],[0,0]],"v":[[-2.975,0.381],[-1.572,1.848],[2.975,-1.848]],"c":false},"ix":2},"nm":"Path 1","mn":"ADBE Vector Shape - Group","hd":false},{"ty":"st","c":{"a":0,"k":[0.322000002394,0.663000009574,1,1],"ix":3},"o":{"a":0,"k":100,"ix":4},"w":{"a":0,"k":1,"ix":5},"lc":1,"lj":1,"ml":4,"nm":"Stroke 1","mn":"ADBE Vector Graphic - Stroke","hd":false},{"ty":"tr","p":{"a":0,"k":[3.337,2.236],"ix":2},"a":{"a":0,"k":[0,0],"ix":1},"s":{"a":0,"k":[100,100],"ix":3},"r":{"a":0,"k":0,"ix":6},"o":{"a":0,"k":100,"ix":7},"sk":{"a":0,"k":0,"ix":4},"sa":{"a":0,"k":0,"ix":5},"nm":"Transform"}],"nm":"Group 1","np":2,"cix":2,"ix":1,"mn":"ADBE Vector Group","hd":false}],"ip":0,"op":1200,"st":0,"bm":0},{"ddd":0,"ind":6,"ty":4,"nm":"whitebox 3.3","cl":"3","sr":1,"ks":{"o":{"a":0,"k":100,"ix":11},"r":{"a":0,"k":0,"ix":10},"p":{"a":0,"k":[124,179.454,0],"ix":2},"a":{"a":0,"k":[6.5,6.5,0],"ix":1},"s":{"a":1,"k":[{"i":{"x":[0.667,0.667,0.667],"y":[1,1,1]},"o":{"x":[0.333,0.333,0.333],"y":[0,0,0]},"n":["0p667_1_0p333_0","0p667_1_0p333_0","0p667_1_0p333_0"],"t":25,"s":[0,0,100],"e":[100,100,100]},{"t":27.5}],"ix":6}},"ao":0,"shapes":[{"ty":"gr","it":[{"ind":0,"ty":"sh","ix":1,"ks":{"a":0,"k":{"i":[[-1.657,0],[0,0],[0,-1.657],[0,0],[1.657,0],[0,0],[0,1.657],[0,0]],"o":[[0,0],[1.657,0],[0,0],[0,1.657],[0,0],[-1.657,0],[0,0],[0,-1.657]],"v":[[-3.129,-6.105],[3.129,-6.105],[6.129,-3.105],[6.129,3.105],[3.129,6.105],[-3.129,6.105],[-6.129,3.105],[-6.129,-3.105]],"c":true},"ix":2},"nm":"Path 1","mn":"ADBE Vector Shape - Group","hd":false},{"ty":"fl","c":{"a":0,"k":[1,1,1,1],"ix":4},"o":{"a":0,"k":100,"ix":5},"r":1,"nm":"Fill 1","mn":"ADBE Vector Graphic - Fill","hd":false},{"ty":"tr","p":{"a":0,"k":[6.129,6.104],"ix":2},"a":{"a":0,"k":[0,0],"ix":1},"s":{"a":0,"k":[100,100],"ix":3},"r":{"a":0,"k":0,"ix":6},"o":{"a":0,"k":100,"ix":7},"sk":{"a":0,"k":0,"ix":4},"sa":{"a":0,"k":0,"ix":5},"nm":"Transform"}],"nm":"Group 1","np":2,"cix":2,"ix":1,"mn":"ADBE Vector Group","hd":false}],"ip":0,"op":1200,"st":0,"bm":0},{"ddd":0,"ind":7,"ty":0,"nm":"cashstack1","refId":"comp_0","sr":1,"ks":{"o":{"a":1,"k":[{"i":{"x":[0.667],"y":[1]},"o":{"x":[0.333],"y":[0]},"n":["0p667_1_0p333_0"],"t":20,"s":[0],"e":[100]},{"t":25}],"ix":11},"r":{"a":0,"k":0,"ix":10},"p":{"a":1,"k":[{"i":{"x":0.667,"y":1},"o":{"x":0.333,"y":0},"n":"0p667_1_0p333_0","t":20,"s":[126,108.75,0],"e":[126,103.75,0],"to":[0,-0.83333331346512,0],"ti":[0,0.83333331346512,0]},{"t":25}],"ix":2},"a":{"a":0,"k":[250,250,0],"ix":1},"s":{"a":0,"k":[100,100,100],"ix":6}},"ao":0,"w":500,"h":500,"ip":0,"op":1200,"st":0,"bm":0},{"ddd":0,"ind":8,"ty":4,"nm":"line 2","sr":1,"ks":{"o":{"a":0,"k":100,"ix":11},"r":{"a":0,"k":0,"ix":10},"p":{"a":0,"k":[135.75,161.558,0],"ix":2},"a":{"a":0,"k":[0,1.761,0],"ix":1},"s":{"a":1,"k":[{"i":{"x":[0.667,0.667,0.667],"y":[1,1,1]},"o":{"x":[0.333,0.333,0.333],"y":[0,0,0]},"n":["0p667_1_0p333_0","0p667_1_0p333_0","0p667_1_0p333_0"],"t":22.5,"s":[0,100,100],"e":[100,100,100]},{"t":25}],"ix":6}},"ao":0,"shapes":[{"ty":"gr","it":[{"ind":0,"ty":"sh","ix":1,"ks":{"a":0,"k":{"i":[[-0.685,0],[0,0],[0,-0.684],[0.685,0],[0,0],[0,0.684]],"o":[[0,0],[0.685,0],[0,0.684],[0,0],[-0.685,0],[0,-0.684]],"v":[[-22.392,-1.238],[22.391,-1.238],[23.63,0],[22.391,1.239],[-22.392,1.239],[-23.631,0]],"c":true},"ix":2},"nm":"Path 1","mn":"ADBE Vector Shape - Group","hd":false},{"ty":"fl","c":{"a":0,"k":[0.783999992819,0.830999995213,0.910000011968,1],"ix":4},"o":{"a":0,"k":100,"ix":5},"r":1,"nm":"Fill 1","mn":"ADBE Vector Graphic - Fill","hd":false},{"ty":"tr","p":{"a":0,"k":[23.63,1.762],"ix":2},"a":{"a":0,"k":[0,0],"ix":1},"s":{"a":0,"k":[100,100],"ix":3},"r":{"a":0,"k":0,"ix":6},"o":{"a":0,"k":100,"ix":7},"sk":{"a":0,"k":0,"ix":4},"sa":{"a":0,"k":0,"ix":5},"nm":"Transform"}],"nm":"Group 1","np":2,"cix":2,"ix":1,"mn":"ADBE Vector Group","hd":false}],"ip":0,"op":1200,"st":0,"bm":0},{"ddd":0,"ind":9,"ty":4,"nm":"whitebox 2","td":1,"sr":1,"ks":{"o":{"a":0,"k":100,"ix":11},"r":{"a":0,"k":0,"ix":10},"p":{"a":0,"k":[124,161.954,0],"ix":2},"a":{"a":0,"k":[6.5,6.5,0],"ix":1},"s":{"a":1,"k":[{"i":{"x":[0.667,0.667,0.667],"y":[1,1,1]},"o":{"x":[0.333,0.333,0.333],"y":[0,0,0]},"n":["0p667_1_0p333_0","0p667_1_0p333_0","0p667_1_0p333_0"],"t":20,"s":[0,0,100],"e":[100,100,100]},{"t":22.5}],"ix":6}},"ao":0,"shapes":[{"ty":"gr","it":[{"ind":0,"ty":"sh","ix":1,"ks":{"a":0,"k":{"i":[[-1.657,0],[0,0],[0,-1.657],[0,0],[1.657,0],[0,0],[0,1.657],[0,0]],"o":[[0,0],[1.657,0],[0,0],[0,1.657],[0,0],[-1.657,0],[0,0],[0,-1.657]],"v":[[-3.129,-6.105],[3.129,-6.105],[6.129,-3.105],[6.129,3.105],[3.129,6.105],[-3.129,6.105],[-6.129,3.105],[-6.129,-3.105]],"c":true},"ix":2},"nm":"Path 1","mn":"ADBE Vector Shape - Group","hd":false},{"ty":"fl","c":{"a":0,"k":[1,1,1,1],"ix":4},"o":{"a":0,"k":100,"ix":5},"r":1,"nm":"Fill 1","mn":"ADBE Vector Graphic - Fill","hd":false},{"ty":"tr","p":{"a":0,"k":[6.129,6.104],"ix":2},"a":{"a":0,"k":[0,0],"ix":1},"s":{"a":0,"k":[100,100],"ix":3},"r":{"a":0,"k":0,"ix":6},"o":{"a":0,"k":100,"ix":7},"sk":{"a":0,"k":0,"ix":4},"sa":{"a":0,"k":0,"ix":5},"nm":"Transform"}],"nm":"Group 1","np":2,"cix":2,"ix":1,"mn":"ADBE Vector Group","hd":false}],"ip":0,"op":1200,"st":0,"bm":0},{"ddd":0,"ind":10,"ty":4,"nm":"tick 2","tt":1,"sr":1,"ks":{"o":{"a":0,"k":100,"ix":11},"r":{"a":0,"k":0,"ix":10},"p":{"a":0,"k":[123.5,161.75,0],"ix":2},"a":{"a":0,"k":[3.5,2.5,0],"ix":1},"s":{"a":0,"k":[100,100,100],"ix":6}},"ao":0,"shapes":[{"ty":"gr","it":[{"ind":0,"ty":"sh","ix":1,"ks":{"a":0,"k":{"i":[[0,0],[0,0],[0,0]],"o":[[0,0],[0,0],[0,0]],"v":[[-2.975,0.381],[-1.572,1.848],[2.975,-1.848]],"c":false},"ix":2},"nm":"Path 1","mn":"ADBE Vector Shape - Group","hd":false},{"ty":"st","c":{"a":0,"k":[0.322000002394,0.663000009574,1,1],"ix":3},"o":{"a":0,"k":100,"ix":4},"w":{"a":0,"k":1,"ix":5},"lc":1,"lj":1,"ml":4,"nm":"Stroke 1","mn":"ADBE Vector Graphic - Stroke","hd":false},{"ty":"tr","p":{"a":0,"k":[3.337,2.236],"ix":2},"a":{"a":0,"k":[0,0],"ix":1},"s":{"a":0,"k":[100,100],"ix":3},"r":{"a":0,"k":0,"ix":6},"o":{"a":0,"k":100,"ix":7},"sk":{"a":0,"k":0,"ix":4},"sa":{"a":0,"k":0,"ix":5},"nm":"Transform"}],"nm":"Group 1","np":2,"cix":2,"ix":1,"mn":"ADBE Vector Group","hd":false}],"ip":0,"op":1200,"st":0,"bm":0},{"ddd":0,"ind":11,"ty":4,"nm":"whitebox 2.2","cl":"2","sr":1,"ks":{"o":{"a":0,"k":100,"ix":11},"r":{"a":0,"k":0,"ix":10},"p":{"a":0,"k":[124,161.954,0],"ix":2},"a":{"a":0,"k":[6.5,6.5,0],"ix":1},"s":{"a":1,"k":[{"i":{"x":[0.667,0.667,0.667],"y":[1,1,1]},"o":{"x":[0.333,0.333,0.333],"y":[0,0,0]},"n":["0p667_1_0p333_0","0p667_1_0p333_0","0p667_1_0p333_0"],"t":20,"s":[0,0,100],"e":[100,100,100]},{"t":22.5}],"ix":6}},"ao":0,"shapes":[{"ty":"gr","it":[{"ind":0,"ty":"sh","ix":1,"ks":{"a":0,"k":{"i":[[-1.657,0],[0,0],[0,-1.657],[0,0],[1.657,0],[0,0],[0,1.657],[0,0]],"o":[[0,0],[1.657,0],[0,0],[0,1.657],[0,0],[-1.657,0],[0,0],[0,-1.657]],"v":[[-3.129,-6.105],[3.129,-6.105],[6.129,-3.105],[6.129,3.105],[3.129,6.105],[-3.129,6.105],[-6.129,3.105],[-6.129,-3.105]],"c":true},"ix":2},"nm":"Path 1","mn":"ADBE Vector Shape - Group","hd":false},{"ty":"fl","c":{"a":0,"k":[1,1,1,1],"ix":4},"o":{"a":0,"k":100,"ix":5},"r":1,"nm":"Fill 1","mn":"ADBE Vector Graphic - Fill","hd":false},{"ty":"tr","p":{"a":0,"k":[6.129,6.104],"ix":2},"a":{"a":0,"k":[0,0],"ix":1},"s":{"a":0,"k":[100,100],"ix":3},"r":{"a":0,"k":0,"ix":6},"o":{"a":0,"k":100,"ix":7},"sk":{"a":0,"k":0,"ix":4},"sa":{"a":0,"k":0,"ix":5},"nm":"Transform"}],"nm":"Group 1","np":2,"cix":2,"ix":1,"mn":"ADBE Vector Group","hd":false}],"ip":0,"op":1200,"st":0,"bm":0},{"ddd":0,"ind":12,"ty":0,"nm":"cashstack1","refId":"comp_0","sr":1,"ks":{"o":{"a":1,"k":[{"i":{"x":[0.667],"y":[1]},"o":{"x":[0.333],"y":[0]},"n":["0p667_1_0p333_0"],"t":15,"s":[0],"e":[100]},{"t":20}],"ix":11},"r":{"a":0,"k":0,"ix":10},"p":{"a":1,"k":[{"i":{"x":0.667,"y":1},"o":{"x":0.333,"y":0},"n":"0p667_1_0p333_0","t":15,"s":[126,121,0],"e":[126,116,0],"to":[0,-0.83333331346512,0],"ti":[0,0.83333331346512,0]},{"t":20}],"ix":2},"a":{"a":0,"k":[250,250,0],"ix":1},"s":{"a":0,"k":[100,100,100],"ix":6}},"ao":0,"w":500,"h":500,"ip":0,"op":1200,"st":0,"bm":0},{"ddd":0,"ind":13,"ty":4,"nm":"line","sr":1,"ks":{"o":{"a":0,"k":100,"ix":11},"r":{"a":0,"k":0,"ix":10},"p":{"a":0,"k":[135.75,144.058,0],"ix":2},"a":{"a":0,"k":[0,1.761,0],"ix":1},"s":{"a":1,"k":[{"i":{"x":[0.667,0.667,0.667],"y":[1,1,1]},"o":{"x":[0.333,0.333,0.333],"y":[0,0,0]},"n":["0p667_1_0p333_0","0p667_1_0p333_0","0p667_1_0p333_0"],"t":17.5,"s":[0,100,100],"e":[100,100,100]},{"t":20}],"ix":6}},"ao":0,"shapes":[{"ty":"gr","it":[{"ind":0,"ty":"sh","ix":1,"ks":{"a":0,"k":{"i":[[-0.685,0],[0,0],[0,-0.684],[0.685,0],[0,0],[0,0.684]],"o":[[0,0],[0.685,0],[0,0.684],[0,0],[-0.685,0],[0,-0.684]],"v":[[-22.392,-1.238],[22.391,-1.238],[23.63,0],[22.391,1.239],[-22.392,1.239],[-23.631,0]],"c":true},"ix":2},"nm":"Path 1","mn":"ADBE Vector Shape - Group","hd":false},{"ty":"fl","c":{"a":0,"k":[0.783999992819,0.830999995213,0.910000011968,1],"ix":4},"o":{"a":0,"k":100,"ix":5},"r":1,"nm":"Fill 1","mn":"ADBE Vector Graphic - Fill","hd":false},{"ty":"tr","p":{"a":0,"k":[23.63,1.762],"ix":2},"a":{"a":0,"k":[0,0],"ix":1},"s":{"a":0,"k":[100,100],"ix":3},"r":{"a":0,"k":0,"ix":6},"o":{"a":0,"k":100,"ix":7},"sk":{"a":0,"k":0,"ix":4},"sa":{"a":0,"k":0,"ix":5},"nm":"Transform"}],"nm":"Group 1","np":2,"cix":2,"ix":1,"mn":"ADBE Vector Group","hd":false}],"ip":0,"op":1200,"st":0,"bm":0},{"ddd":0,"ind":14,"ty":4,"nm":"whitebox","td":1,"sr":1,"ks":{"o":{"a":0,"k":100,"ix":11},"r":{"a":0,"k":0,"ix":10},"p":{"a":0,"k":[124,144.454,0],"ix":2},"a":{"a":0,"k":[6.5,6.5,0],"ix":1},"s":{"a":1,"k":[{"i":{"x":[0.667,0.667,0.667],"y":[1,1,1]},"o":{"x":[0.333,0.333,0.333],"y":[0,0,0]},"n":["0p667_1_0p333_0","0p667_1_0p333_0","0p667_1_0p333_0"],"t":15,"s":[0,0,100],"e":[100,100,100]},{"t":17.5}],"ix":6}},"ao":0,"shapes":[{"ty":"gr","it":[{"ind":0,"ty":"sh","ix":1,"ks":{"a":0,"k":{"i":[[-1.657,0],[0,0],[0,-1.657],[0,0],[1.657,0],[0,0],[0,1.657],[0,0]],"o":[[0,0],[1.657,0],[0,0],[0,1.657],[0,0],[-1.657,0],[0,0],[0,-1.657]],"v":[[-3.129,-6.105],[3.129,-6.105],[6.129,-3.105],[6.129,3.105],[3.129,6.105],[-3.129,6.105],[-6.129,3.105],[-6.129,-3.105]],"c":true},"ix":2},"nm":"Path 1","mn":"ADBE Vector Shape - Group","hd":false},{"ty":"fl","c":{"a":0,"k":[1,1,1,1],"ix":4},"o":{"a":0,"k":100,"ix":5},"r":1,"nm":"Fill 1","mn":"ADBE Vector Graphic - Fill","hd":false},{"ty":"tr","p":{"a":0,"k":[6.129,6.104],"ix":2},"a":{"a":0,"k":[0,0],"ix":1},"s":{"a":0,"k":[100,100],"ix":3},"r":{"a":0,"k":0,"ix":6},"o":{"a":0,"k":100,"ix":7},"sk":{"a":0,"k":0,"ix":4},"sa":{"a":0,"k":0,"ix":5},"nm":"Transform"}],"nm":"Group 1","np":2,"cix":2,"ix":1,"mn":"ADBE Vector Group","hd":false}],"ip":0,"op":1200,"st":0,"bm":0},{"ddd":0,"ind":15,"ty":4,"nm":"tick","tt":1,"sr":1,"ks":{"o":{"a":0,"k":100,"ix":11},"r":{"a":0,"k":0,"ix":10},"p":{"a":0,"k":[123.5,144.25,0],"ix":2},"a":{"a":0,"k":[3.5,2.5,0],"ix":1},"s":{"a":0,"k":[100,100,100],"ix":6}},"ao":0,"shapes":[{"ty":"gr","it":[{"ind":0,"ty":"sh","ix":1,"ks":{"a":0,"k":{"i":[[0,0],[0,0],[0,0]],"o":[[0,0],[0,0],[0,0]],"v":[[-2.975,0.381],[-1.572,1.848],[2.975,-1.848]],"c":false},"ix":2},"nm":"Path 1","mn":"ADBE Vector Shape - Group","hd":false},{"ty":"st","c":{"a":0,"k":[0.322000002394,0.663000009574,1,1],"ix":3},"o":{"a":0,"k":100,"ix":4},"w":{"a":0,"k":1,"ix":5},"lc":1,"lj":1,"ml":4,"nm":"Stroke 1","mn":"ADBE Vector Graphic - Stroke","hd":false},{"ty":"tr","p":{"a":0,"k":[3.337,2.236],"ix":2},"a":{"a":0,"k":[0,0],"ix":1},"s":{"a":0,"k":[100,100],"ix":3},"r":{"a":0,"k":0,"ix":6},"o":{"a":0,"k":100,"ix":7},"sk":{"a":0,"k":0,"ix":4},"sa":{"a":0,"k":0,"ix":5},"nm":"Transform"}],"nm":"Group 1","np":2,"cix":2,"ix":1,"mn":"ADBE Vector Group","hd":false}],"ip":0,"op":1200,"st":0,"bm":0},{"ddd":0,"ind":16,"ty":4,"nm":"whitebox 1.1","cl":"1","sr":1,"ks":{"o":{"a":0,"k":100,"ix":11},"r":{"a":0,"k":0,"ix":10},"p":{"a":0,"k":[124,144.454,0],"ix":2},"a":{"a":0,"k":[6.5,6.5,0],"ix":1},"s":{"a":1,"k":[{"i":{"x":[0.667,0.667,0.667],"y":[1,1,1]},"o":{"x":[0.333,0.333,0.333],"y":[0,0,0]},"n":["0p667_1_0p333_0","0p667_1_0p333_0","0p667_1_0p333_0"],"t":15,"s":[0,0,100],"e":[100,100,100]},{"t":17.5}],"ix":6}},"ao":0,"shapes":[{"ty":"gr","it":[{"ind":0,"ty":"sh","ix":1,"ks":{"a":0,"k":{"i":[[-1.657,0],[0,0],[0,-1.657],[0,0],[1.657,0],[0,0],[0,1.657],[0,0]],"o":[[0,0],[1.657,0],[0,0],[0,1.657],[0,0],[-1.657,0],[0,0],[0,-1.657]],"v":[[-3.129,-6.105],[3.129,-6.105],[6.129,-3.105],[6.129,3.105],[3.129,6.105],[-3.129,6.105],[-6.129,3.105],[-6.129,-3.105]],"c":true},"ix":2},"nm":"Path 1","mn":"ADBE Vector Shape - Group","hd":false},{"ty":"fl","c":{"a":0,"k":[1,1,1,1],"ix":4},"o":{"a":0,"k":100,"ix":5},"r":1,"nm":"Fill 1","mn":"ADBE Vector Graphic - Fill","hd":false},{"ty":"tr","p":{"a":0,"k":[6.129,6.104],"ix":2},"a":{"a":0,"k":[0,0],"ix":1},"s":{"a":0,"k":[100,100],"ix":3},"r":{"a":0,"k":0,"ix":6},"o":{"a":0,"k":100,"ix":7},"sk":{"a":0,"k":0,"ix":4},"sa":{"a":0,"k":0,"ix":5},"nm":"Transform"}],"nm":"Group 1","np":2,"cix":2,"ix":1,"mn":"ADBE Vector Group","hd":false}],"ip":0,"op":1200,"st":0,"bm":0},{"ddd":0,"ind":17,"ty":4,"nm":"steam","sr":1,"ks":{"o":{"a":1,"k":[{"i":{"x":[0.667],"y":[1]},"o":{"x":[0.333],"y":[0]},"n":["0p667_1_0p333_0"],"t":8.333,"s":[0],"e":[35]},{"t":10.41650390625}],"ix":11},"r":{"a":0,"k":0,"ix":10},"p":{"a":1,"k":[{"i":{"x":0.667,"y":1},"o":{"x":0.333,"y":0},"n":"0p667_1_0p333_0","t":8.333,"s":[31.75,192,0],"e":[31.75,182,0],"to":[0,-1.66666662693024,0],"ti":[0,1.66666662693024,0]},{"t":10.41650390625}],"ix":2},"a":{"a":0,"k":[5,9,0],"ix":1},"s":{"a":0,"k":[100,100,100],"ix":6}},"ao":0,"shapes":[{"ty":"gr","it":[{"ind":0,"ty":"sh","ix":1,"ks":{"a":0,"k":{"i":[[-0.936,0.51],[0.026,-0.894],[-0.379,-0.648],[-0.209,-0.447],[-0.041,-0.564],[0.335,-0.503],[0.564,-0.045],[0.35,0.739],[0.222,0.308],[0.219,0.426],[-0.281,1.106]],"o":[[-0.257,0.856],[0.066,0.748],[0.19,0.388],[0.255,0.503],[0.045,0.601],[-0.325,0.463],[0.537,-0.616],[-0.149,-0.35],[-0.264,-0.401],[-0.562,-0.993],[0.322,-1.016]],"v":[[3.465,-4.132],[3.038,-1.496],[3.714,0.624],[4.321,1.854],[4.769,3.47],[4.321,5.174],[2.918,5.976],[3.227,3.746],[2.669,2.756],[1.943,1.516],[1.505,-1.754]],"c":true},"ix":2},"nm":"Path 1","mn":"ADBE Vector Shape - Group","hd":false},{"ind":1,"ty":"sh","ix":2,"ks":{"a":0,"k":{"i":[[0,0],[0.18,-1.545],[-0.726,-1.233],[0,0],[-0.105,-0.895],[0.473,-0.821],[0.867,-0.21],[0.498,1.421],[0.399,0.594],[0.378,0.753],[-0.367,1.782],[-1.375,1.049]],"o":[[-0.676,1.4],[-0.017,1.432],[0,0],[0.428,0.795],[0.124,0.94],[-0.465,0.761],[1.156,-0.963],[-0.214,-0.682],[-0.408,-0.673],[-0.906,-1.577],[0.45,-1.67],[0,0]],"v":[[-1.808,-8.71],[-3.101,-4.261],[-2.017,-0.188],[-0.932,1.923],[-0.126,4.479],[-0.664,7.195],[-2.744,8.711],[-1.649,4.747],[-2.574,2.824],[-3.788,0.694],[-4.624,-4.519],[-1.808,-8.711]],"c":true},"ix":2},"nm":"Path 2","mn":"ADBE Vector Shape - Group","hd":false},{"ty":"fl","c":{"a":0,"k":[1,1,1,1],"ix":4},"o":{"a":0,"k":100,"ix":5},"r":1,"nm":"Fill 1","mn":"ADBE Vector Graphic - Fill","hd":false},{"ty":"tr","p":{"a":0,"k":[4.777,8.711],"ix":2},"a":{"a":0,"k":[0,0],"ix":1},"s":{"a":0,"k":[100,100],"ix":3},"r":{"a":0,"k":0,"ix":6},"o":{"a":0,"k":100,"ix":7},"sk":{"a":0,"k":0,"ix":4},"sa":{"a":0,"k":0,"ix":5},"nm":"Transform"}],"nm":"Group 1","np":3,"cix":2,"ix":1,"mn":"ADBE Vector Group","hd":false}],"ip":0,"op":1200,"st":0,"bm":0},{"ddd":0,"ind":18,"ty":4,"nm":"mug","sr":1,"ks":{"o":{"a":1,"k":[{"i":{"x":[0.667],"y":[1]},"o":{"x":[0.333],"y":[0]},"n":["0p667_1_0p333_0"],"t":2.5,"s":[0],"e":[100]},{"t":5}],"ix":11},"r":{"a":0,"k":0,"ix":10},"p":{"a":1,"k":[{"i":{"x":0.667,"y":1},"o":{"x":0.333,"y":0},"n":"0p667_1_0p333_0","t":2.5,"s":[28.25,228.5,0],"e":[28.25,218.5,0],"to":[0,-1.66666662693024,0],"ti":[0,1.66666662693024,0]},{"t":5}],"ix":2},"a":{"a":0,"k":[23.5,23,0],"ix":1},"s":{"a":0,"k":[100,100,100],"ix":6}},"ao":0,"shapes":[{"ty":"gr","it":[{"ind":0,"ty":"sh","ix":1,"ks":{"a":0,"k":{"i":[[0,0],[0.194,0.214],[-0.213,0.194],[-0.128,0.001],[0,0],[0,0],[-0.175,0.229],[-0.116,0.028],[-0.13,-0.154],[0,0],[0.199,-0.211],[0.007,-0.008],[0,0],[0.12,-0.002]],"o":[[-0.214,0.194],[-0.195,-0.215],[0.096,-0.086],[0,0],[0,0],[-0.23,-0.175],[0.073,-0.095],[0.196,-0.049],[0,0],[0.211,0.199],[-0.007,0.007],[0,0],[-0.093,0.076],[0,0]],"v":[[4.069,4.547],[3.329,4.511],[3.364,3.771],[3.711,3.635],[7.551,0.077],[3.571,-3.719],[3.473,-4.453],[3.765,-4.643],[4.298,-4.472],[8.646,-0.3],[8.668,0.442],[8.646,0.464],[4.398,4.428],[4.069,4.548]],"c":true},"ix":2},"nm":"Path 1","mn":"ADBE Vector Shape - Group","hd":false},{"ind":1,"ty":"sh","ix":2,"ks":{"a":0,"k":{"i":[[0,0],[0.098,0.09],[0,0],[-0.199,0.21],[-0.008,0.007],[0,0],[-0.222,-0.189],[-0.025,-0.113],[0.16,-0.123],[0,0],[0,0],[0.195,-0.214],[0.149,0.002]],"o":[[-0.133,0],[0,0],[-0.211,-0.198],[0.007,-0.008],[0,0],[0.189,-0.223],[0.089,0.076],[0.041,0.198],[0,0],[0,0],[0.214,0.196],[-0.101,0.11],[0,0]],"v":[[-4.04,4.547],[-4.398,4.407],[-8.646,0.443],[-8.668,-0.297],[-8.646,-0.319],[-4.298,-4.491],[-3.553,-4.552],[-3.378,-4.262],[-3.572,-3.738],[-7.552,0.058],[-3.712,3.615],[-3.678,4.356],[-4.07,4.526]],"c":true},"ix":2},"nm":"Path 2","mn":"ADBE Vector Shape - Group","hd":false},{"ty":"fl","c":{"a":0,"k":[0.987999949736,0.980000035903,0.969000004787,1],"ix":4},"o":{"a":0,"k":100,"ix":5},"r":1,"nm":"Fill 1","mn":"ADBE Vector Graphic - Fill","hd":false},{"ty":"tr","p":{"a":0,"k":[27.684,25.619],"ix":2},"a":{"a":0,"k":[0,0],"ix":1},"s":{"a":0,"k":[100,100],"ix":3},"r":{"a":0,"k":0,"ix":6},"o":{"a":0,"k":100,"ix":7},"sk":{"a":0,"k":0,"ix":4},"sa":{"a":0,"k":0,"ix":5},"nm":"Transform"}],"nm":"Group 1","np":3,"cix":2,"ix":1,"mn":"ADBE Vector Group","hd":false},{"ty":"gr","it":[{"ind":0,"ty":"sh","ix":1,"ks":{"a":0,"k":{"i":[[-8.067,0],[0,-2.37],[8.066,0],[0,2.369]],"o":[[8.066,0],[0,2.369],[-8.067,0],[0,-2.37]],"v":[[0,-4.291],[14.606,0],[0,4.291],[-14.606,0]],"c":true},"ix":2},"nm":"Path 1","mn":"ADBE Vector Shape - Group","hd":false},{"ty":"fl","c":{"a":0,"k":[1,0.816000007181,0.611999990426,1],"ix":4},"o":{"a":0,"k":100,"ix":5},"r":1,"nm":"Fill 1","mn":"ADBE Vector Graphic - Fill","hd":false},{"ty":"tr","p":{"a":0,"k":[26.54,5.54],"ix":2},"a":{"a":0,"k":[0,0],"ix":1},"s":{"a":0,"k":[100,100],"ix":3},"r":{"a":0,"k":0,"ix":6},"o":{"a":0,"k":100,"ix":7},"sk":{"a":0,"k":0,"ix":4},"sa":{"a":0,"k":0,"ix":5},"nm":"Transform"}],"nm":"Group 2","np":2,"cix":2,"ix":2,"mn":"ADBE Vector Group","hd":false},{"ty":"gr","it":[{"ind":0,"ty":"sh","ix":1,"ks":{"a":0,"k":{"i":[[-8.067,0],[0,-2.819],[8.066,0],[0,2.819]],"o":[[8.066,0],[0,2.819],[-8.067,0],[0,-2.819]],"v":[[0,-5.104],[14.606,0],[0,5.104],[-14.606,0]],"c":true},"ix":2},"nm":"Path 1","mn":"ADBE Vector Shape - Group","hd":false},{"ty":"fl","c":{"a":0,"k":[0.976000019148,0.588000009574,0.169000004787,1],"ix":4},"o":{"a":0,"k":100,"ix":5},"r":1,"nm":"Fill 1","mn":"ADBE Vector Graphic - Fill","hd":false},{"ty":"tr","p":{"a":0,"k":[26.54,5.193],"ix":2},"a":{"a":0,"k":[0,0],"ix":1},"s":{"a":0,"k":[100,100],"ix":3},"r":{"a":0,"k":0,"ix":6},"o":{"a":0,"k":100,"ix":7},"sk":{"a":0,"k":0,"ix":4},"sa":{"a":0,"k":0,"ix":5},"nm":"Transform"}],"nm":"Group 3","np":2,"cix":2,"ix":3,"mn":"ADBE Vector Group","hd":false},{"ty":"gr","it":[{"ind":0,"ty":"sh","ix":1,"ks":{"a":0,"k":{"i":[[0,0],[0,2.549],[-8.07,0],[0,-2.547],[8.069,0]],"o":[[-8.069,0],[0,-2.547],[8.069,0],[0,2.548],[0,0]],"v":[[-0.016,4.047],[-14.62,-0.571],[-0.014,-5.188],[14.592,-0.571],[-0.014,4.047]],"c":true},"ix":2},"nm":"Path 1","mn":"ADBE Vector Shape - Group","hd":false},{"ind":1,"ty":"sh","ix":2,"ks":{"a":0,"k":{"i":[[0,0],[0,-2.993],[-8.776,0],[0,3.658],[8.806,0]],"o":[[-8.805,0],[0,3.45],[8.775,0],[0.03,-2.993],[0,0]],"v":[[-0.016,-5.644],[-15.934,-0.224],[-0.014,5.644],[15.904,-0.224],[-0.016,-5.643]],"c":true},"ix":2},"nm":"Path 2","mn":"ADBE Vector Shape - Group","hd":false},{"ty":"fl","c":{"a":0,"k":[0.976000019148,0.588000009574,0.169000004787,1],"ix":4},"o":{"a":0,"k":100,"ix":5},"r":1,"nm":"Fill 1","mn":"ADBE Vector Graphic - Fill","hd":false},{"ty":"tr","p":{"a":0,"k":[26.575,5.645],"ix":2},"a":{"a":0,"k":[0,0],"ix":1},"s":{"a":0,"k":[100,100],"ix":3},"r":{"a":0,"k":0,"ix":6},"o":{"a":0,"k":100,"ix":7},"sk":{"a":0,"k":0,"ix":4},"sa":{"a":0,"k":0,"ix":5},"nm":"Transform"}],"nm":"Group 4","np":3,"cix":2,"ix":4,"mn":"ADBE Vector Group","hd":false},{"ty":"gr","it":[{"ind":0,"ty":"sh","ix":1,"ks":{"a":0,"k":{"i":[[0.246,-0.541],[2.268,-1.001],[0.012,-0.056],[-0.693,0.22],[-1.475,1.045],[0.996,0.783]],"o":[[-0.865,1.873],[-0.056,0.017],[0.713,-0.143],[1.753,-0.436],[1.154,-0.99],[0.315,0.506]],"v":[[2.87,-1.075],[-3.965,2.632],[-4.075,2.75],[-1.965,2.205],[2.921,-0.035],[2.76,-2.75]],"c":true},"ix":2},"nm":"Path 1","mn":"ADBE Vector Shape - Group","hd":false},{"ty":"fl","c":{"a":0,"k":[0.528999956916,0.560999971278,0.54900004069,1],"ix":4},"o":{"a":0,"k":100,"ix":5},"r":1,"nm":"Fill 1","mn":"ADBE Vector Graphic - Fill","hd":false},{"ty":"tr","p":{"a":0,"k":[38.355,7.467],"ix":2},"a":{"a":0,"k":[0,0],"ix":1},"s":{"a":0,"k":[100,100],"ix":3},"r":{"a":0,"k":0,"ix":6},"o":{"a":0,"k":100,"ix":7},"sk":{"a":0,"k":0,"ix":4},"sa":{"a":0,"k":0,"ix":5},"nm":"Transform"}],"nm":"Group 5","np":2,"cix":2,"ix":5,"mn":"ADBE Vector Group","hd":false},{"ty":"gr","it":[{"ind":0,"ty":"sh","ix":1,"ks":{"a":0,"k":{"i":[[0,0],[0,0],[0,0],[1.216,0.882],[3.254,0.326],[1.535,-0.009],[1.526,-0.155],[2.656,-2.101],[0.1,-1.514],[0,0],[-12.328,0],[0,0]],"o":[[0,0],[0,0],[-0.108,-1.499],[-2.656,-2.101],[-1.528,-0.156],[-1.535,-0.009],[-3.254,0.326],[-1.251,0.858],[0,0],[0,0],[13.053,0.009],[0,0]],"v":[[16.064,16.124],[16.442,-9.365],[16.312,-14.458],[14.223,-18.214],[4.572,-21.049],[-0.025,-21.268],[-4.621,-21.049],[-14.302,-18.214],[-16.442,-14.458],[-16.063,16.124],[-1.059,21.268],[16.064,16.124]],"c":true},"ix":2},"nm":"Path 1","mn":"ADBE Vector Shape - Group","hd":false},{"ty":"fl","c":{"a":0,"k":[1,0.713999968884,0.33300000359,1],"ix":4},"o":{"a":0,"k":100,"ix":5},"r":1,"nm":"Fill 1","mn":"ADBE Vector Graphic - Fill","hd":false},{"ty":"tr","p":{"a":0,"k":[26.624,21.376],"ix":2},"a":{"a":0,"k":[0,0],"ix":1},"s":{"a":0,"k":[100,100],"ix":3},"r":{"a":0,"k":0,"ix":6},"o":{"a":0,"k":100,"ix":7},"sk":{"a":0,"k":0,"ix":4},"sa":{"a":0,"k":0,"ix":5},"nm":"Transform"}],"nm":"Group 6","np":2,"cix":2,"ix":6,"mn":"ADBE Vector Group","hd":false},{"ty":"gr","it":[{"ind":0,"ty":"sh","ix":1,"ks":{"a":0,"k":{"i":[[0,0],[0.073,-1.276],[0.348,-0.158],[0.319,0.179],[1.164,0.546],[0.808,-0.653],[-0.242,-1.007],[-0.241,-0.359],[-0.414,1.459],[-1.242,0.184],[-0.646,0.048],[-0.209,0.773],[0,0],[-0.357,-0.259],[0,0]],"o":[[0.227,1.259],[0,0.328],[-0.348,0.158],[-1.174,-0.654],[-0.938,-0.446],[-0.806,0.649],[0.094,0.42],[-1.191,-0.939],[0.424,-1.181],[0.657,-0.09],[1.075,-0.09],[0,0],[0.421,0.134],[0.319,0.346],[0,0]],"v":[[4.54,-1.606],[4.77,2.209],[4.68,3.359],[3.048,2.883],[-0.057,0.238],[-2.913,0.577],[-3.837,3.29],[-3.329,4.469],[-4.613,0.505],[-1.908,-1.714],[0.023,-1.585],[1.566,-2.974],[1.844,-4.469],[3.018,-3.875],[4.54,-1.606]],"c":true},"ix":2},"nm":"Path 1","mn":"ADBE Vector Shape - Group","hd":false},{"ty":"fl","c":{"a":0,"k":[0.976000019148,0.588000009574,0.169000004787,1],"ix":4},"o":{"a":0,"k":100,"ix":5},"r":1,"nm":"Fill 1","mn":"ADBE Vector Graphic - Fill","hd":false},{"ty":"tr","p":{"a":0,"k":[8.159,17.383],"ix":2},"a":{"a":0,"k":[0,0],"ix":1},"s":{"a":0,"k":[100,100],"ix":3},"r":{"a":0,"k":0,"ix":6},"o":{"a":0,"k":100,"ix":7},"sk":{"a":0,"k":0,"ix":4},"sa":{"a":0,"k":0,"ix":5},"nm":"Transform"}],"nm":"Group 7","np":2,"cix":2,"ix":7,"mn":"ADBE Vector Group","hd":false},{"ty":"gr","it":[{"ind":0,"ty":"sh","ix":1,"ks":{"a":0,"k":{"i":[[0.487,-0.126],[0.14,0.136],[0.36,0.133],[0,0],[1.193,0.673],[0.477,2.399],[-0.806,0.65],[-0.938,-0.445],[-1.174,-0.664],[1.523,1.546],[2.118,-0.199],[-0.696,-3.747],[-3.154,-2.032],[-1.688,-0.677],[-1.801,0.624],[-0.552,0.67],[0.67,0.552]],"o":[[-0.119,-0.155],[-0.299,-0.241],[0,0],[-1.272,-0.509],[-2.1,-1.17],[-0.242,-1.007],[0.808,-0.652],[1.164,0.545],[4.229,2.348],[-1.605,-1.395],[-5.323,0.316],[0.667,3.587],[1.536,0.971],[1.711,0.704],[0.67,0.553],[0.552,-0.668],[-0.388,-0.32]],"v":[[7.798,7.171],[7.41,6.734],[6.415,6.17],[4.654,5.496],[0.953,3.722],[-5.654,-2.165],[-4.73,-4.878],[-1.873,-5.217],[1.231,-2.571],[2.445,-8.457],[-3.385,-10.33],[-9.813,-1.808],[-2.957,6.586],[1.888,9.063],[7.191,9.905],[9.404,9.692],[9.191,7.48]],"c":true},"ix":2},"nm":"Path 1","mn":"ADBE Vector Shape - Group","hd":false},{"ty":"fl","c":{"a":0,"k":[1,0.713999968884,0.33300000359,1],"ix":4},"o":{"a":0,"k":100,"ix":5},"r":1,"nm":"Fill 1","mn":"ADBE Vector Graphic - Fill","hd":false},{"ty":"tr","p":{"a":0,"k":[9.956,22.837],"ix":2},"a":{"a":0,"k":[0,0],"ix":1},"s":{"a":0,"k":[100,100],"ix":3},"r":{"a":0,"k":0,"ix":6},"o":{"a":0,"k":100,"ix":7},"sk":{"a":0,"k":0,"ix":4},"sa":{"a":0,"k":0,"ix":5},"nm":"Transform"}],"nm":"Group 8","np":2,"cix":2,"ix":8,"mn":"ADBE Vector Group","hd":false},{"ty":"gr","it":[{"ind":0,"ty":"sh","ix":1,"ks":{"a":0,"k":{"i":[[0.159,-4.122],[10.904,0.05],[-0.159,4.123],[-10.895,-0.049]],"o":[[-0.16,4.123],[-10.905,-0.05],[0.16,-4.123],[10.894,0.05]],"v":[[19.735,0.094],[-0.283,7.467],[-19.735,-0.094],[0.284,-7.467]],"c":true},"ix":2},"nm":"Path 1","mn":"ADBE Vector Shape - Group","hd":false},{"ty":"fl","c":{"a":0,"k":[1,1,1,1],"ix":4},"o":{"a":0,"k":100,"ix":5},"r":1,"nm":"Fill 1","mn":"ADBE Vector Graphic - Fill","hd":false},{"ty":"tr","p":{"a":0,"k":[26.445,37.633],"ix":2},"a":{"a":0,"k":[0,0],"ix":1},"s":{"a":0,"k":[100,100],"ix":3},"r":{"a":0,"k":0,"ix":6},"o":{"a":0,"k":100,"ix":7},"sk":{"a":0,"k":0,"ix":4},"sa":{"a":0,"k":0,"ix":5},"nm":"Transform"}],"nm":"Group 9","np":2,"cix":2,"ix":9,"mn":"ADBE Vector Group","hd":false},{"ty":"gr","it":[{"ind":0,"ty":"sh","ix":1,"ks":{"a":0,"k":{"i":[[0,0],[11.025,0.05],[-0.16,4.222],[-11.024,-0.05],[0.16,-4.213]],"o":[[-0.16,4.222],[-11.024,-0.05],[0.16,-4.22],[11.025,0.049],[0,0]],"v":[[20.038,0.119],[-0.21,7.67],[-19.88,-0.07],[0.367,-7.62],[20.037,0.12]],"c":true},"ix":2},"nm":"Path 1","mn":"ADBE Vector Shape - Group","hd":false},{"ty":"fl","c":{"a":0,"k":[0.885999971278,0.870999983245,0.842999985639,1],"ix":4},"o":{"a":0,"k":100,"ix":5},"r":1,"nm":"Fill 1","mn":"ADBE Vector Graphic - Fill","hd":false},{"ty":"tr","p":{"a":0,"k":[26.4,37.975],"ix":2},"a":{"a":0,"k":[0,0],"ix":1},"s":{"a":0,"k":[100,100],"ix":3},"r":{"a":0,"k":0,"ix":6},"o":{"a":0,"k":100,"ix":7},"sk":{"a":0,"k":0,"ix":4},"sa":{"a":0,"k":0,"ix":5},"nm":"Transform"}],"nm":"Group 10","np":2,"cix":2,"ix":10,"mn":"ADBE Vector Group","hd":false}],"ip":0,"op":1200,"st":0,"bm":0},{"ddd":0,"ind":19,"ty":4,"nm":"laptop","sr":1,"ks":{"o":{"a":1,"k":[{"i":{"x":[0.667],"y":[1]},"o":{"x":[0.333],"y":[0]},"n":["0p667_1_0p333_0"],"t":0,"s":[0],"e":[100]},{"t":5}],"ix":11},"r":{"a":0,"k":0,"ix":10},"p":{"a":1,"k":[{"i":{"x":0.667,"y":1},"o":{"x":0.333,"y":0},"n":"0p667_1_0p333_0","t":0,"s":[127,171,0],"e":[127,161,0],"to":[0,-1.66666662693024,0],"ti":[0,1.66666662693024,0]},{"t":5}],"ix":2},"a":{"a":0,"k":[104.5,62.5,0],"ix":1},"s":{"a":0,"k":[100,100,100],"ix":6}},"ao":0,"shapes":[{"ty":"gr","it":[{"ind":0,"ty":"sh","ix":1,"ks":{"a":0,"k":{"i":[[0,0],[0,0],[-0.082,-0.011],[0,0],[0.016,-0.136],[0.041,-0.039],[0,0],[-0.013,-0.08],[0,0],[0.136,-0.019],[0.045,0.022],[0,0],[0.071,-0.037],[0,0],[0.06,0.124],[-0.007,0.048],[0,0],[0.058,0.057],[0,0],[-0.093,0.1],[-0.059,0.006],[0,0],[-0.036,0.075],[0,0],[-0.108,-0.086],[-0.013,-0.019]],"o":[[0,0],[0.036,0.074],[0,0],[0.137,0.017],[-0.007,0.057],[0,0],[-0.058,0.056],[0,0],[0.019,0.136],[-0.05,0.007],[0,0],[-0.071,-0.037],[0,0],[-0.124,0.061],[-0.022,-0.045],[0,0],[0.014,-0.08],[0,0],[-0.1,-0.092],[0.04,-0.042],[0,0],[0.083,-0.012],[0,0],[0.085,-0.107],[0.018,0.015],[0,0]],"v":[[0.206,-2.786],[0.963,-1.27],[1.152,-1.132],[2.832,-0.885],[3.048,-0.607],[2.973,-0.458],[1.758,0.722],[1.688,0.939],[1.977,2.605],[1.764,2.885],[1.618,2.862],[0.116,2.079],[-0.111,2.079],[-1.615,2.862],[-1.95,2.747],[-1.973,2.605],[-1.685,0.939],[-1.755,0.721],[-2.958,-0.469],[-2.971,-0.818],[-2.818,-0.893],[-1.139,-1.141],[-0.948,-1.281],[-0.191,-2.798],[0.16,-2.837],[0.206,-2.788]],"c":true},"ix":2},"nm":"Path 1","mn":"ADBE Vector Shape - Group","hd":false},{"ty":"fl","c":{"a":0,"k":[0.952999997606,0.972999961703,1,1],"ix":4},"o":{"a":0,"k":100,"ix":5},"r":1,"nm":"Fill 1","mn":"ADBE Vector Graphic - Fill","hd":false},{"ty":"tr","p":{"a":0,"k":[78.128,92.937],"ix":2},"a":{"a":0,"k":[0,0],"ix":1},"s":{"a":0,"k":[100,100],"ix":3},"r":{"a":0,"k":0,"ix":6},"o":{"a":0,"k":100,"ix":7},"sk":{"a":0,"k":0,"ix":4},"sa":{"a":0,"k":0,"ix":5},"nm":"Transform"}],"nm":"Group 1","np":2,"cix":2,"ix":1,"mn":"ADBE Vector Group","hd":false},{"ty":"gr","it":[{"ind":0,"ty":"sh","ix":1,"ks":{"a":0,"k":{"i":[[0,-2.746],[1.886,-0.769],[1.437,1.448],[-0.797,1.871],[-2.039,-0.026]],"o":[[-0.003,2.036],[-1.889,0.772],[-1.435,-1.443],[0.803,-1.875],[2.757,0.033]],"v":[[5.234,-0.185],[2.112,4.454],[-3.383,3.339],[-4.437,-2.145],[0.258,-5.2]],"c":true},"ix":2},"nm":"Path 1","mn":"ADBE Vector Shape - Group","hd":false},{"ty":"fl","c":{"a":0,"k":[1,0.713999968884,0.33300000359,1],"ix":4},"o":{"a":0,"k":100,"ix":5},"r":1,"nm":"Fill 1","mn":"ADBE Vector Graphic - Fill","hd":false},{"ty":"tr","p":{"a":0,"k":[77.897,93.1],"ix":2},"a":{"a":0,"k":[0,0],"ix":1},"s":{"a":0,"k":[100,100],"ix":3},"r":{"a":0,"k":0,"ix":6},"o":{"a":0,"k":100,"ix":7},"sk":{"a":0,"k":0,"ix":4},"sa":{"a":0,"k":0,"ix":5},"nm":"Transform"}],"nm":"Group 2","np":2,"cix":2,"ix":2,"mn":"ADBE Vector Group","hd":false},{"ty":"gr","it":[{"ind":0,"ty":"sh","ix":1,"ks":{"a":0,"k":{"i":[[0,0],[2.256,-0.922],[1.723,1.73],[-0.951,2.242],[-2.44,-0.027],[0,-3.293]],"o":[[-0.002,2.438],[-2.26,0.925],[-1.718,-1.727],[0.957,-2.246],[3.307,0.031],[0,0]],"v":[[6.266,-0.224],[2.532,5.331],[-4.047,4.001],[-5.316,-2.562],[0.297,-6.229],[6.267,-0.224]],"c":true},"ix":2},"nm":"Path 1","mn":"ADBE Vector Shape - Group","hd":false},{"ty":"fl","c":{"a":0,"k":[0.976000019148,0.588000009574,0.169000004787,1],"ix":4},"o":{"a":0,"k":100,"ix":5},"r":1,"nm":"Fill 1","mn":"ADBE Vector Graphic - Fill","hd":false},{"ty":"tr","p":{"a":0,"k":[77.858,93.139],"ix":2},"a":{"a":0,"k":[0,0],"ix":1},"s":{"a":0,"k":[100,100],"ix":3},"r":{"a":0,"k":0,"ix":6},"o":{"a":0,"k":100,"ix":7},"sk":{"a":0,"k":0,"ix":4},"sa":{"a":0,"k":0,"ix":5},"nm":"Transform"}],"nm":"Group 3","np":2,"cix":2,"ix":3,"mn":"ADBE Vector Group","hd":false},{"ty":"gr","it":[{"ind":0,"ty":"sh","ix":1,"ks":{"a":0,"k":{"i":[[-0.023,0.008],[0,0],[-0.05,-0.071],[0,0],[-0.091,0.054],[-0.015,0.029],[0,0],[0,0],[0,0],[-0.105,-0.005]],"o":[[0,0],[0.082,-0.029],[0,0],[0.053,0.09],[0.028,-0.016],[0,0],[0,0],[0,0],[-0.006,0.103],[0.023,0.002]],"v":[[-2.698,3.165],[-0.968,2.531],[-0.747,2.601],[0.247,4.146],[0.507,4.214],[0.574,4.146],[2.953,-3.088],[-0.569,-4.268],[-2.947,2.978],[-2.769,3.175]],"c":true},"ix":2},"nm":"Path 1","mn":"ADBE Vector Shape - Group","hd":false},{"ty":"fl","c":{"a":0,"k":[0.136999990426,0.490000017952,0.847000002394,1],"ix":4},"o":{"a":0,"k":100,"ix":5},"r":1,"nm":"Fill 1","mn":"ADBE Vector Graphic - Fill","hd":false},{"ty":"tr","p":{"a":0,"k":[75.51,99.69],"ix":2},"a":{"a":0,"k":[0,0],"ix":1},"s":{"a":0,"k":[100,100],"ix":3},"r":{"a":0,"k":0,"ix":6},"o":{"a":0,"k":100,"ix":7},"sk":{"a":0,"k":0,"ix":4},"sa":{"a":0,"k":0,"ix":5},"nm":"Transform"}],"nm":"Group 4","np":2,"cix":2,"ix":4,"mn":"ADBE Vector Group","hd":false},{"ty":"gr","it":[{"ind":0,"ty":"sh","ix":1,"ks":{"a":0,"k":{"i":[[0.003,0.025],[0,0],[0,0],[0,0],[-0.091,0.053],[-0.017,0.028],[0,0],[-0.082,-0.029],[0,0],[-0.033,0.1]],"o":[[0,0],[0,0],[0,0],[0.052,0.091],[0.029,-0.017],[0,0],[0.05,-0.07],[0,0],[0.1,0.033],[0.009,-0.025]],"v":[[2.948,2.967],[0.57,-4.268],[-2.951,-3.089],[-0.573,4.146],[-0.314,4.215],[-0.245,4.146],[0.749,2.601],[0.969,2.531],[2.699,3.165],[2.939,3.045]],"c":true},"ix":2},"nm":"Path 1","mn":"ADBE Vector Shape - Group","hd":false},{"ty":"fl","c":{"a":0,"k":[0.136999990426,0.490000017952,0.847000002394,1],"ix":4},"o":{"a":0,"k":100,"ix":5},"r":1,"nm":"Fill 1","mn":"ADBE Vector Graphic - Fill","hd":false},{"ty":"tr","p":{"a":0,"k":[80.709,99.7],"ix":2},"a":{"a":0,"k":[0,0],"ix":1},"s":{"a":0,"k":[100,100],"ix":3},"r":{"a":0,"k":0,"ix":6},"o":{"a":0,"k":100,"ix":7},"sk":{"a":0,"k":0,"ix":4},"sa":{"a":0,"k":0,"ix":5},"nm":"Transform"}],"nm":"Group 5","np":2,"cix":2,"ix":5,"mn":"ADBE Vector Group","hd":false},{"ty":"gr","it":[{"ind":0,"ty":"sh","ix":1,"ks":{"a":0,"k":{"i":[[-1.323,3.419],[1.683,0.78],[0,0]],"o":[[-1.6,0.942],[0,0],[0,0]],"v":[[2.717,-1.56],[-2.527,-1.302],[-2.717,1.552]],"c":true},"ix":2},"nm":"Path 1","mn":"ADBE Vector Shape - Group","hd":false},{"ty":"fl","c":{"a":0,"k":[0.224000010771,0.250999989229,0.375999989229,1],"ix":4},"o":{"a":0,"k":100,"ix":5},"r":1,"nm":"Fill 1","mn":"ADBE Vector Graphic - Fill","hd":false},{"ty":"tr","p":{"a":0,"k":[59.122,67.114],"ix":2},"a":{"a":0,"k":[0,0],"ix":1},"s":{"a":0,"k":[100,100],"ix":3},"r":{"a":0,"k":0,"ix":6},"o":{"a":0,"k":10,"ix":7},"sk":{"a":0,"k":0,"ix":4},"sa":{"a":0,"k":0,"ix":5},"nm":"Transform"}],"nm":"Group 6","np":2,"cix":2,"ix":6,"mn":"ADBE Vector Group","hd":false},{"ty":"gr","it":[{"ind":0,"ty":"sh","ix":1,"ks":{"a":0,"k":{"i":[[0,0],[0,0],[0,0],[0,0],[0,0],[0,0],[-1.226,-1.655],[-1.077,-0.677],[-0.321,-0.06],[-0.209,1.358],[0.269,0.377],[0,0],[0,0],[0,0],[0,0],[-0.229,0.07],[-0.062,0.269],[-0.468,0.461]],"o":[[0.11,-3.816],[-3.363,-1.199],[1.313,-0.872],[-0.795,-1.199],[-11.165,1.09],[-0.717,1.931],[0.569,1.138],[0.293,0.144],[0.995,0.198],[0.08,-0.505],[-0.688,-0.99],[8.031,-0.822],[1.592,0.872],[0,0],[0,0.149],[0.263,-0.08],[0.129,-0.643],[6.676,-4.291]],"v":[[11.646,1.081],[4.682,-4.915],[3.031,-8.404],[3.488,-9.881],[0.126,-10.87],[-12.641,-3.935],[-11.825,1.814],[-9.308,4.589],[-8.382,4.896],[-5.109,3.786],[-5.686,2.547],[-5.458,1.457],[4.344,2.448],[5.339,7.195],[4.951,10.732],[5.24,11.01],[5.766,10.446],[6.682,8.751]],"c":true},"ix":2},"nm":"Path 1","mn":"ADBE Vector Shape - Group","hd":false},{"ty":"fl","c":{"a":0,"k":[0.224000010771,0.250999989229,0.375999989229,1],"ix":4},"o":{"a":0,"k":100,"ix":5},"r":1,"nm":"Fill 1","mn":"ADBE Vector Graphic - Fill","hd":false},{"ty":"tr","p":{"a":0,"k":[61.126,46.349],"ix":2},"a":{"a":0,"k":[0,0],"ix":1},"s":{"a":0,"k":[100,100],"ix":3},"r":{"a":0,"k":0,"ix":6},"o":{"a":0,"k":100,"ix":7},"sk":{"a":0,"k":0,"ix":4},"sa":{"a":0,"k":0,"ix":5},"nm":"Transform"}],"nm":"Group 7","np":2,"cix":2,"ix":7,"mn":"ADBE Vector Group","hd":false},{"ty":"gr","it":[{"ind":0,"ty":"sh","ix":1,"ks":{"a":0,"k":{"i":[[0,0],[0,0],[-4.597,-0.475],[0.985,3.568],[0,0],[0,0]],"o":[[0,0],[0,0],[0,0],[0,0],[0,0],[0,0]],"v":[[-2.96,-4.128],[-3.378,1.184],[-0.114,4.276],[3.726,0.818],[2.284,-4.385],[-2.96,-4.128]],"c":true},"ix":2},"nm":"Path 1","mn":"ADBE Vector Shape - Group","hd":false},{"ty":"fl","c":{"a":0,"k":[1,0.816000007181,0.611999990426,1],"ix":4},"o":{"a":0,"k":100,"ix":5},"r":1,"nm":"Fill 1","mn":"ADBE Vector Graphic - Fill","hd":false},{"ty":"tr","p":{"a":0,"k":[59.554,69.93],"ix":2},"a":{"a":0,"k":[0,0],"ix":1},"s":{"a":0,"k":[100,100],"ix":3},"r":{"a":0,"k":0,"ix":6},"o":{"a":0,"k":100,"ix":7},"sk":{"a":0,"k":0,"ix":4},"sa":{"a":0,"k":0,"ix":5},"nm":"Transform"}],"nm":"Group 8","np":2,"cix":2,"ix":8,"mn":"ADBE Vector Group","hd":false},{"ty":"gr","it":[{"ind":0,"ty":"sh","ix":1,"ks":{"a":0,"k":{"i":[[0,0],[-1.363,-2.725],[0,0],[-0.229,0.763],[0,0]],"o":[[0,0],[0,0],[0,0],[0,0],[0,0]],"v":[[0.243,-5.639],[-1.229,-1.507],[1.965,4.331],[2.592,4.876],[1.796,-2.428]],"c":true},"ix":2},"nm":"Path 1","mn":"ADBE Vector Shape - Group","hd":false},{"ty":"fl","c":{"a":0,"k":[0.224000010771,0.250999989229,0.375999989229,1],"ix":4},"o":{"a":0,"k":100,"ix":5},"r":1,"nm":"Fill 1","mn":"ADBE Vector Graphic - Fill","hd":false},{"ty":"tr","p":{"a":0,"k":[48.192,51.443],"ix":2},"a":{"a":0,"k":[0,0],"ix":1},"s":{"a":0,"k":[100,100],"ix":3},"r":{"a":0,"k":0,"ix":6},"o":{"a":0,"k":100,"ix":7},"sk":{"a":0,"k":0,"ix":4},"sa":{"a":0,"k":0,"ix":5},"nm":"Transform"}],"nm":"Group 9","np":2,"cix":2,"ix":9,"mn":"ADBE Vector Group","hd":false},{"ty":"gr","it":[{"ind":0,"ty":"sh","ix":1,"ks":{"a":0,"k":{"i":[[0,0.001],[-7.124,-0.13],[-1.88,9.711],[0,0],[0,0],[0,0]],"o":[[0,0],[0,0],[0,0],[0,0],[0,0],[0,0]],"v":[[-7.806,-0.195],[0.91,9.846],[8.372,0.571],[9.109,-9.143],[-5.468,-10.281],[-9.109,-8.757]],"c":true},"ix":2},"nm":"Path 1","mn":"ADBE Vector Shape - Group","hd":false},{"ty":"fl","c":{"a":0,"k":[1,0.816000007181,0.611999990426,1],"ix":4},"o":{"a":0,"k":100,"ix":5},"r":1,"nm":"Fill 1","mn":"ADBE Vector Graphic - Fill","hd":false},{"ty":"tr","p":{"a":0,"k":[58.241,56.561],"ix":2},"a":{"a":0,"k":[0,0],"ix":1},"s":{"a":0,"k":[100,100],"ix":3},"r":{"a":0,"k":0,"ix":6},"o":{"a":0,"k":100,"ix":7},"sk":{"a":0,"k":0,"ix":4},"sa":{"a":0,"k":0,"ix":5},"nm":"Transform"}],"nm":"Group 10","np":2,"cix":2,"ix":10,"mn":"ADBE Vector Group","hd":false},{"ty":"gr","it":[{"ind":0,"ty":"sh","ix":1,"ks":{"a":0,"k":{"i":[[0,0],[0,0],[0.467,-2.647],[2.657,0.11]],"o":[[0,0],[0,0],[-0.049,0],[0,0]],"v":[[7.103,3.156],[8.854,-2.076],[10.377,-0.044],[7.103,3.156]],"c":true},"ix":2},"nm":"Path 1","mn":"ADBE Vector Shape - Group","hd":false},{"ind":1,"ty":"sh","ix":2,"ks":{"a":0,"k":{"i":[[0,0],[-0.983,-2.479],[-2.04,0.177],[0,0]],"o":[[0,0],[0,0],[0,0],[0,0]],"v":[[-9.134,-3.266],[-9.861,0.046],[-6.826,2.92],[-8.139,-2.275]],"c":true},"ix":2},"nm":"Path 2","mn":"ADBE Vector Shape - Group","hd":false},{"ty":"fl","c":{"a":0,"k":[1,0.816000007181,0.611999990426,1],"ix":4},"o":{"a":0,"k":100,"ix":5},"r":1,"nm":"Fill 1","mn":"ADBE Vector Graphic - Fill","hd":false},{"ty":"tr","p":{"a":0,"k":[58.356,57.373],"ix":2},"a":{"a":0,"k":[0,0],"ix":1},"s":{"a":0,"k":[100,100],"ix":3},"r":{"a":0,"k":0,"ix":6},"o":{"a":0,"k":100,"ix":7},"sk":{"a":0,"k":0,"ix":4},"sa":{"a":0,"k":0,"ix":5},"nm":"Transform"}],"nm":"Group 11","np":3,"cix":2,"ix":11,"mn":"ADBE Vector Group","hd":false},{"ty":"gr","it":[{"ind":0,"ty":"sh","ix":1,"ks":{"a":0,"k":{"i":[[0,0],[0,0],[0,0],[-2.614,0.879],[0,0],[0,0],[0,0],[-0.995,-5.202]],"o":[[0,0],[0,0],[0.486,-2.714],[0,0],[0,0],[0,0],[0,0],[0,0]],"v":[[21.218,13.785],[-21.218,13.785],[-18.582,-4.3],[-13.556,-10.127],[-3.905,-13.715],[1.02,-13.785],[11.477,-10.92],[16.213,-4.558]],"c":true},"ix":2},"nm":"Path 1","mn":"ADBE Vector Shape - Group","hd":false},{"ty":"fl","c":{"a":0,"k":[0.322000002394,0.310000011968,0.776000019148,1],"ix":4},"o":{"a":0,"k":100,"ix":5},"r":1,"nm":"Fill 1","mn":"ADBE Vector Graphic - Fill","hd":false},{"ty":"tr","p":{"a":0,"k":[60.708,83.639],"ix":2},"a":{"a":0,"k":[0,0],"ix":1},"s":{"a":0,"k":[100,100],"ix":3},"r":{"a":0,"k":0,"ix":6},"o":{"a":0,"k":100,"ix":7},"sk":{"a":0,"k":0,"ix":4},"sa":{"a":0,"k":0,"ix":5},"nm":"Transform"}],"nm":"Group 12","np":2,"cix":2,"ix":12,"mn":"ADBE Vector Group","hd":false},{"ty":"gr","it":[{"ind":0,"ty":"sh","ix":1,"ks":{"a":0,"k":{"i":[[0,0],[1.051,-0.003],[0,0],[0.007,1.052]],"o":[[-0.007,1.051],[0,0],[-1.051,-0.003],[0,0]],"v":[[8.76,-0.952],[6.85,0.952],[-6.85,0.952],[-8.761,-0.952]],"c":false},"ix":2},"nm":"Path 1","mn":"ADBE Vector Shape - Group","hd":false},{"ty":"fl","c":{"a":0,"k":[0.404000016755,0.455000005984,0.620000023935,1],"ix":4},"o":{"a":0,"k":100,"ix":5},"r":1,"nm":"Fill 1","mn":"ADBE Vector Graphic - Fill","hd":false},{"ty":"tr","p":{"a":0,"k":[99.721,119.473],"ix":2},"a":{"a":0,"k":[0,0],"ix":1},"s":{"a":0,"k":[100,100],"ix":3},"r":{"a":0,"k":0,"ix":6},"o":{"a":0,"k":100,"ix":7},"sk":{"a":0,"k":0,"ix":4},"sa":{"a":0,"k":0,"ix":5},"nm":"Transform"}],"nm":"Group 13","np":2,"cix":2,"ix":13,"mn":"ADBE Vector Group","hd":false},{"ty":"gr","it":[{"ind":0,"ty":"sh","ix":1,"ks":{"a":0,"k":{"i":[[0,0],[-1.571,0],[0,0],[1.821,1.031],[0,0]],"o":[[-1.819,0.991],[0,0],[1.573,0],[0,0],[0,0]],"v":[[-103.988,-2.894],[-74.458,2.894],[74.458,2.894],[103.989,-2.894],[-103.987,-2.894]],"c":true},"ix":2},"nm":"Path 1","mn":"ADBE Vector Shape - Group","hd":false},{"ty":"fl","c":{"a":0,"k":[0.224000010771,0.250999989229,0.372999991623,1],"ix":4},"o":{"a":0,"k":100,"ix":5},"r":1,"nm":"Fill 1","mn":"ADBE Vector Graphic - Fill","hd":false},{"ty":"tr","p":{"a":0,"k":[104.068,121.416],"ix":2},"a":{"a":0,"k":[0,0],"ix":1},"s":{"a":0,"k":[100,100],"ix":3},"r":{"a":0,"k":0,"ix":6},"o":{"a":0,"k":100,"ix":7},"sk":{"a":0,"k":0,"ix":4},"sa":{"a":0,"k":0,"ix":5},"nm":"Transform"}],"nm":"Group 14","np":2,"cix":2,"ix":14,"mn":"ADBE Vector Group","hd":false},{"ty":"gr","it":[{"ind":0,"ty":"sh","ix":1,"ks":{"a":0,"k":{"i":[[0,0],[0,0],[0,0],[0,0]],"o":[[0,0],[0,0],[0,0],[0,0]],"v":[[-42.783,-40.096],[42.783,-40.096],[42.783,40.096],[-42.783,40.096]],"c":true},"ix":2},"nm":"Path 1","mn":"ADBE Vector Shape - Group","hd":false},{"ty":"fl","c":{"a":0,"k":[0.933000033509,0.961000031116,1,1],"ix":4},"o":{"a":0,"k":100,"ix":5},"r":1,"nm":"Fill 1","mn":"ADBE Vector Graphic - Fill","hd":false},{"ty":"tr","p":{"a":0,"k":[129.684,57.359],"ix":2},"a":{"a":0,"k":[0,0],"ix":1},"s":{"a":0,"k":[100,100],"ix":3},"r":{"a":0,"k":0,"ix":6},"o":{"a":0,"k":100,"ix":7},"sk":{"a":0,"k":0,"ix":4},"sa":{"a":0,"k":0,"ix":5},"nm":"Transform"}],"nm":"Group 15","np":2,"cix":2,"ix":15,"mn":"ADBE Vector Group","hd":false},{"ty":"gr","it":[{"ind":0,"ty":"sh","ix":1,"ks":{"a":0,"k":{"i":[[0,0],[0,0],[0,0],[0,0]],"o":[[0,0],[0,0],[0,0],[0,0]],"v":[[-69.93,-40.096],[69.93,-40.096],[69.93,40.096],[-69.93,40.096]],"c":true},"ix":2},"nm":"Path 1","mn":"ADBE Vector Shape - Group","hd":false},{"ty":"fl","c":{"a":0,"k":[1,1,1,1],"ix":4},"o":{"a":0,"k":100,"ix":5},"r":1,"nm":"Fill 1","mn":"ADBE Vector Graphic - Fill","hd":false},{"ty":"tr","p":{"a":0,"k":[102.536,57.359],"ix":2},"a":{"a":0,"k":[0,0],"ix":1},"s":{"a":0,"k":[100,100],"ix":3},"r":{"a":0,"k":0,"ix":6},"o":{"a":0,"k":100,"ix":7},"sk":{"a":0,"k":0,"ix":4},"sa":{"a":0,"k":0,"ix":5},"nm":"Transform"}],"nm":"Group 16","np":2,"cix":2,"ix":16,"mn":"ADBE Vector Group","hd":false},{"ty":"gr","it":[{"ind":0,"ty":"sh","ix":1,"ks":{"a":0,"k":{"i":[[-0.922,0],[0,0],[0,-0.922],[0,0],[0.923,0],[0,0],[0,0.922],[0,0]],"o":[[0,0],[0.923,0],[0,0],[0,0.922],[0,0],[-0.922,0],[0,0],[0,-0.922]],"v":[[-77.713,-49.916],[77.713,-49.916],[79.383,-48.246],[79.383,48.246],[77.713,49.916],[-77.713,49.916],[-79.383,48.246],[-79.383,-48.246]],"c":true},"ix":2},"nm":"Path 1","mn":"ADBE Vector Shape - Group","hd":false},{"ty":"fl","c":{"a":0,"k":[0.783999992819,0.830999995213,0.910000011968,1],"ix":4},"o":{"a":0,"k":100,"ix":5},"r":1,"nm":"Fill 1","mn":"ADBE Vector Graphic - Fill","hd":false},{"ty":"tr","p":{"a":0,"k":[101.989,57.596],"ix":2},"a":{"a":0,"k":[0,0],"ix":1},"s":{"a":0,"k":[100,100],"ix":3},"r":{"a":0,"k":0,"ix":6},"o":{"a":0,"k":100,"ix":7},"sk":{"a":0,"k":0,"ix":4},"sa":{"a":0,"k":0,"ix":5},"nm":"Transform"}],"nm":"Group 17","np":2,"cix":2,"ix":17,"mn":"ADBE Vector Group","hd":false},{"ty":"gr","it":[{"ind":0,"ty":"sh","ix":1,"ks":{"a":0,"k":{"i":[[-2.723,0],[0,0],[0,-2.722],[0,0],[2.722,0],[0,0],[0,2.722],[0,0]],"o":[[0,0],[2.722,0],[0,0],[0,2.722],[0,0],[-2.723,0],[0,0],[0,-2.722]],"v":[[-81.462,-59.693],[81.463,-59.693],[86.392,-54.763],[86.392,54.763],[81.463,59.692],[-81.462,59.692],[-86.392,54.763],[-86.392,-54.763]],"c":true},"ix":2},"nm":"Path 1","mn":"ADBE Vector Shape - Group","hd":false},{"ty":"fl","c":{"a":0,"k":[0.289999988032,0.317999985639,0.486000001197,1],"ix":4},"o":{"a":0,"k":100,"ix":5},"r":1,"nm":"Fill 1","mn":"ADBE Vector Graphic - Fill","hd":false},{"ty":"tr","p":{"a":0,"k":[101.984,59.692],"ix":2},"a":{"a":0,"k":[0,0],"ix":1},"s":{"a":0,"k":[100,100],"ix":3},"r":{"a":0,"k":0,"ix":6},"o":{"a":0,"k":100,"ix":7},"sk":{"a":0,"k":0,"ix":4},"sa":{"a":0,"k":0,"ix":5},"nm":"Transform"}],"nm":"Group 18","np":2,"cix":2,"ix":18,"mn":"ADBE Vector Group","hd":false},{"ty":"gr","it":[{"ind":0,"ty":"sh","ix":1,"ks":{"a":0,"k":{"i":[[-2.724,0],[0,0],[0,-2.722],[0,0],[2.722,0],[0,0],[0,2.722],[0,0]],"o":[[0,0],[2.722,0],[0,0],[0,2.722],[0,0],[-2.724,0],[0,0],[0,-2.722]],"v":[[-81.462,-59.693],[81.464,-59.693],[86.393,-54.763],[86.393,54.763],[81.464,59.692],[-81.462,59.692],[-86.393,54.763],[-86.393,-54.763]],"c":true},"ix":2},"nm":"Path 1","mn":"ADBE Vector Shape - Group","hd":false},{"ty":"fl","c":{"a":0,"k":[0.224000010771,0.250999989229,0.372999991623,1],"ix":4},"o":{"a":0,"k":100,"ix":5},"r":1,"nm":"Fill 1","mn":"ADBE Vector Graphic - Fill","hd":false},{"ty":"tr","p":{"a":0,"k":[107.217,59.692],"ix":2},"a":{"a":0,"k":[0,0],"ix":1},"s":{"a":0,"k":[100,100],"ix":3},"r":{"a":0,"k":0,"ix":6},"o":{"a":0,"k":100,"ix":7},"sk":{"a":0,"k":0,"ix":4},"sa":{"a":0,"k":0,"ix":5},"nm":"Transform"}],"nm":"Group 19","np":2,"cix":2,"ix":19,"mn":"ADBE Vector Group","hd":false}],"ip":0,"op":1200,"st":0,"bm":0},{"ddd":0,"ind":20,"ty":4,"nm":"F","sr":1,"ks":{"o":{"a":0,"k":80,"ix":11},"r":{"a":0,"k":0,"ix":10},"p":{"a":1,"k":[{"i":{"x":0.667,"y":1},"o":{"x":0.333,"y":0},"n":"0p667_1_0p333_0","t":8.333,"s":[126.5,115.5,0],"e":[126.5,70.5,0],"to":[0,-7.5,0],"ti":[0,7.5,0]},{"t":13.33349609375}],"ix":2},"a":{"a":0,"k":[85.5,11,0],"ix":1},"s":{"a":0,"k":[100,100,100],"ix":6}},"ao":0,"shapes":[{"ty":"gr","it":[{"ind":0,"ty":"sh","ix":1,"ks":{"a":0,"k":{"i":[[0.023,0],[0,0],[0.908,-0.925],[-0.106,-1.289],[0,0],[0,0],[0,-0.219],[0,0],[-0.219,0],[0,0],[0,0],[-0.22,0],[0,0],[0,0.219],[0,0],[0,0],[-0.002,0.219],[0,0],[0.219,0],[0,0],[0,0],[0,0],[-1.184,0],[0,0],[0,0.218],[0,0],[0.215,0.04]],"o":[[0,0],[-1.294,-0.073],[-0.906,0.924],[0,0],[0,0],[-0.218,0],[0,0],[0,0.22],[0,0],[0,0],[0,0.22],[0,0],[0.219,0],[0,0],[0,0],[0.218,0],[0,0],[0,-0.219],[0,0],[0,0],[0,0],[0,-0.901],[0,0],[0.22,0],[0,0],[0.039,-0.215],[-0.023,-0.004]],"v":[[4.927,-9.797],[2.369,-9.797],[-1.096,-8.456],[-2.356,-4.971],[-2.356,-2.741],[-4.924,-2.741],[-5.321,-2.345],[-5.321,0.875],[-4.924,1.272],[-2.356,1.272],[-2.356,9.408],[-1.958,9.805],[1.395,9.805],[1.793,9.408],[1.793,1.272],[4.778,1.272],[5.176,0.876],[5.176,-2.315],[4.779,-2.712],[4.778,-2.712],[1.793,-2.712],[1.793,-4.595],[3.196,-5.962],[4.917,-5.962],[5.315,-6.358],[5.315,-9.331],[4.997,-9.791]],"c":true},"ix":2},"nm":"Path 1","mn":"ADBE Vector Shape - Group","hd":false},{"ty":"fl","c":{"a":0,"k":[0.952999997606,0.972999961703,1,1],"ix":4},"o":{"a":0,"k":100,"ix":5},"r":1,"nm":"Fill 1","mn":"ADBE Vector Graphic - Fill","hd":false},{"ty":"tr","p":{"a":0,"k":[164.986,10.6],"ix":2},"a":{"a":0,"k":[0,0],"ix":1},"s":{"a":0,"k":[100,100],"ix":3},"r":{"a":0,"k":0,"ix":6},"o":{"a":0,"k":100,"ix":7},"sk":{"a":0,"k":0,"ix":4},"sa":{"a":0,"k":0,"ix":5},"nm":"Transform"}],"nm":"Group 1","np":2,"cix":2,"ix":1,"mn":"ADBE Vector Group","hd":false}],"ip":5,"op":1200,"st":0,"bm":0},{"ddd":0,"ind":21,"ty":4,"nm":"MS","sr":1,"ks":{"o":{"a":0,"k":80,"ix":11},"r":{"a":0,"k":0,"ix":10},"p":{"a":1,"k":[{"i":{"x":0.667,"y":1},"o":{"x":0.333,"y":0},"n":"0p667_1_0p333_0","t":7.5,"s":[126.5,115.5,0],"e":[126.5,70.5,0],"to":[0,-7.5,0],"ti":[0,7.5,0]},{"t":12.5}],"ix":2},"a":{"a":0,"k":[85.5,11,0],"ix":1},"s":{"a":0,"k":[100,100,100],"ix":6}},"ao":0,"shapes":[{"ty":"gr","it":[{"ind":0,"ty":"sh","ix":1,"ks":{"a":0,"k":{"i":[[0,0],[0,0],[0,0],[0,0]],"o":[[0,0],[0,0],[0,0],[0,0]],"v":[[3.98,3.795],[-3.98,2.715],[-3.98,-3.795],[3.98,-3.795]],"c":true},"ix":2},"nm":"Path 1","mn":"ADBE Vector Shape - Group","hd":false},{"ty":"fl","c":{"a":0,"k":[0.952999997606,0.972999961703,1,1],"ix":4},"o":{"a":0,"k":100,"ix":5},"r":1,"nm":"Fill 1","mn":"ADBE Vector Graphic - Fill","hd":false},{"ty":"tr","p":{"a":0,"k":[120.174,15.053],"ix":2},"a":{"a":0,"k":[0,0],"ix":1},"s":{"a":0,"k":[100,100],"ix":3},"r":{"a":0,"k":0,"ix":6},"o":{"a":0,"k":100,"ix":7},"sk":{"a":0,"k":0,"ix":4},"sa":{"a":0,"k":0,"ix":5},"nm":"Transform"}],"nm":"Group 1","np":2,"cix":2,"ix":1,"mn":"ADBE Vector Group","hd":false},{"ty":"gr","it":[{"ind":0,"ty":"sh","ix":1,"ks":{"a":0,"k":{"i":[[0,0],[0,0],[0,0],[0,0],[0,0]],"o":[[0,0],[0,0],[0,0],[0,0],[0,0]],"v":[[5.303,-4.623],[5.303,4.623],[-5.303,3.136],[-5.303,-4.624],[5.303,-4.624]],"c":true},"ix":2},"nm":"Path 1","mn":"ADBE Vector Shape - Group","hd":false},{"ty":"fl","c":{"a":0,"k":[0.952999997606,0.972999961703,1,1],"ix":4},"o":{"a":0,"k":100,"ix":5},"r":1,"nm":"Fill 1","mn":"ADBE Vector Graphic - Fill","hd":false},{"ty":"tr","p":{"a":0,"k":[130.791,15.881],"ix":2},"a":{"a":0,"k":[0,0],"ix":1},"s":{"a":0,"k":[100,100],"ix":3},"r":{"a":0,"k":0,"ix":6},"o":{"a":0,"k":100,"ix":7},"sk":{"a":0,"k":0,"ix":4},"sa":{"a":0,"k":0,"ix":5},"nm":"Transform"}],"nm":"Group 2","np":2,"cix":2,"ix":2,"mn":"ADBE Vector Group","hd":false},{"ty":"gr","it":[{"ind":0,"ty":"sh","ix":1,"ks":{"a":0,"k":{"i":[[0,0],[0,0],[0,0],[0,0]],"o":[[0,0],[0,0],[0,0],[0,0]],"v":[[-5.303,-3.087],[5.303,-4.623],[5.303,4.623],[-5.303,4.623]],"c":true},"ix":2},"nm":"Path 1","mn":"ADBE Vector Shape - Group","hd":false},{"ty":"fl","c":{"a":0,"k":[0.952999997606,0.972999961703,1,1],"ix":4},"o":{"a":0,"k":100,"ix":5},"r":1,"nm":"Fill 1","mn":"ADBE Vector Graphic - Fill","hd":false},{"ty":"tr","p":{"a":0,"k":[130.791,5.317],"ix":2},"a":{"a":0,"k":[0,0],"ix":1},"s":{"a":0,"k":[100,100],"ix":3},"r":{"a":0,"k":0,"ix":6},"o":{"a":0,"k":100,"ix":7},"sk":{"a":0,"k":0,"ix":4},"sa":{"a":0,"k":0,"ix":5},"nm":"Transform"}],"nm":"Group 3","np":2,"cix":2,"ix":3,"mn":"ADBE Vector Group","hd":false},{"ty":"gr","it":[{"ind":0,"ty":"sh","ix":1,"ks":{"a":0,"k":{"i":[[0,0],[0,0],[0,0],[0,0]],"o":[[0,0],[0,0],[0,0],[0,0]],"v":[[-3.98,3.761],[-3.98,-2.681],[3.98,-3.761],[3.98,3.751]],"c":true},"ix":2},"nm":"Path 1","mn":"ADBE Vector Shape - Group","hd":false},{"ty":"fl","c":{"a":0,"k":[0.952999997606,0.972999961703,1,1],"ix":4},"o":{"a":0,"k":100,"ix":5},"r":1,"nm":"Fill 1","mn":"ADBE Vector Graphic - Fill","hd":false},{"ty":"tr","p":{"a":0,"k":[120.194,6.179],"ix":2},"a":{"a":0,"k":[0,0],"ix":1},"s":{"a":0,"k":[100,100],"ix":3},"r":{"a":0,"k":0,"ix":6},"o":{"a":0,"k":100,"ix":7},"sk":{"a":0,"k":0,"ix":4},"sa":{"a":0,"k":0,"ix":5},"nm":"Transform"}],"nm":"Group 4","np":2,"cix":2,"ix":4,"mn":"ADBE Vector Group","hd":false}],"ip":5,"op":1200,"st":0,"bm":0},{"ddd":0,"ind":22,"ty":4,"nm":"N","sr":1,"ks":{"o":{"a":0,"k":80,"ix":11},"r":{"a":0,"k":0,"ix":10},"p":{"a":1,"k":[{"i":{"x":0.667,"y":1},"o":{"x":0.333,"y":0},"n":"0p667_1_0p333_0","t":6.667,"s":[126.5,115.5,0],"e":[126.5,70.5,0],"to":[0,-7.5,0],"ti":[0,7.5,0]},{"t":11.66650390625}],"ix":2},"a":{"a":0,"k":[85.5,11,0],"ix":1},"s":{"a":0,"k":[100,100,100],"ix":6}},"ao":0,"shapes":[{"ty":"gr","it":[{"ind":0,"ty":"sh","ix":1,"ks":{"a":0,"k":{"i":[[0,0],[0,0],[0,0],[0,0],[0,0],[0,0],[0,0],[-1.046,0.069],[0,0],[0,0],[0,0],[0,0],[0,0],[-1.074,-0.178],[0,0],[0,0]],"o":[[0,0],[0,0],[0,0],[0,0],[0,0],[0,0],[0.995,-0.168],[0,0],[0,0],[0,0],[0,0],[0,0],[1.095,0.07],[0,0],[0,0],[0,0]],"v":[[1.871,-8.938],[1.871,-0.356],[0,-4.429],[-1.989,-8.939],[-6.06,-8.939],[-6.06,8.939],[-5.442,8.889],[-2.327,8.533],[-1.84,8.533],[-1.84,0.347],[-0.001,4.41],[1.85,8.483],[2.159,8.483],[5.442,8.86],[6.059,8.91],[6.059,-8.928]],"c":true},"ix":2},"nm":"Path 1","mn":"ADBE Vector Shape - Group","hd":false},{"ty":"fl","c":{"a":0,"k":[0.952999997606,0.972999961703,1,1],"ix":4},"o":{"a":0,"k":100,"ix":5},"r":1,"nm":"Fill 1","mn":"ADBE Vector Graphic - Fill","hd":false},{"ty":"tr","p":{"a":0,"k":[87.281,10.623],"ix":2},"a":{"a":0,"k":[0,0],"ix":1},"s":{"a":0,"k":[100,100],"ix":3},"r":{"a":0,"k":0,"ix":6},"o":{"a":0,"k":100,"ix":7},"sk":{"a":0,"k":0,"ix":4},"sa":{"a":0,"k":0,"ix":5},"nm":"Transform"}],"nm":"Group 1","np":2,"cix":2,"ix":1,"mn":"ADBE Vector Group","hd":false}],"ip":5,"op":1200,"st":0,"bm":0},{"ddd":0,"ind":23,"ty":4,"nm":"apple","sr":1,"ks":{"o":{"a":0,"k":80,"ix":11},"r":{"a":0,"k":0,"ix":10},"p":{"a":1,"k":[{"i":{"x":0.667,"y":1},"o":{"x":0.333,"y":0},"n":"0p667_1_0p333_0","t":5.833,"s":[126.5,115.5,0],"e":[126.5,70.5,0],"to":[0,-7.5,0],"ti":[0,7.5,0]},{"t":10.83349609375}],"ix":2},"a":{"a":0,"k":[85.5,11,0],"ix":1},"s":{"a":0,"k":[100,100,100],"ix":6}},"ao":0,"shapes":[{"ty":"gr","it":[{"ind":0,"ty":"sh","ix":1,"ks":{"a":0,"k":{"i":[[-0.017,1.836],[-1.359,0.862],[1.51,0.066],[0.806,0],[1.313,-0.03],[0.838,-1.565],[-1.752,-2.616],[-1.333,0.05],[-1.562,0],[-1.373,0.02],[-0.856,1.278],[-0.328,1.053]],"o":[[0.013,-1.609],[-0.834,-1.261],[-1.592,-0.169],[-0.806,0],[-1.774,0.06],[-1.8,3.201],[0.855,1.269],[1.334,-0.05],[1.562,0],[1.373,-0.02],[0.609,-0.92],[-1.677,-0.745]],"v":[[5.566,-1.865],[7.766,-5.829],[4.034,-7.94],[0.134,-6.95],[-3.229,-7.86],[-7.448,-5.235],[-6.154,5.309],[-2.941,7.955],[0.402,7.103],[3.765,7.935],[6.89,5.359],[8.302,2.386]],"c":true},"ix":2},"nm":"Path 1","mn":"ADBE Vector Shape - Group","hd":false},{"ty":"fl","c":{"a":0,"k":[0.952999997606,0.972999961703,1,1],"ix":4},"o":{"a":0,"k":100,"ix":5},"r":1,"nm":"Fill 1","mn":"ADBE Vector Graphic - Fill","hd":false},{"ty":"tr","p":{"a":0,"k":[48.473,13.252],"ix":2},"a":{"a":0,"k":[0,0],"ix":1},"s":{"a":0,"k":[100,100],"ix":3},"r":{"a":0,"k":0,"ix":6},"o":{"a":0,"k":100,"ix":7},"sk":{"a":0,"k":0,"ix":4},"sa":{"a":0,"k":0,"ix":5},"nm":"Transform"}],"nm":"Group 1","np":2,"cix":2,"ix":1,"mn":"ADBE Vector Group","hd":false},{"ty":"gr","it":[{"ind":0,"ty":"sh","ix":1,"ks":{"a":0,"k":{"i":[[-0.878,0.94],[0.092,1.197],[0.912,-0.892],[-0.078,-1.169]],"o":[[0.85,-0.847],[-1.273,0.094],[-0.847,0.81],[1.286,0.031]],"v":[[1.102,0.895],[2.297,-2.325],[-1.086,-0.799],[-2.3,2.323]],"c":true},"ix":2},"nm":"Path 1","mn":"ADBE Vector Shape - Group","hd":false},{"ty":"fl","c":{"a":0,"k":[0.952999997606,0.972999961703,1,1],"ix":4},"o":{"a":0,"k":100,"ix":5},"r":1,"nm":"Fill 1","mn":"ADBE Vector Graphic - Fill","hd":false},{"ty":"tr","p":{"a":0,"k":[50.479,2.325],"ix":2},"a":{"a":0,"k":[0,0],"ix":1},"s":{"a":0,"k":[100,100],"ix":3},"r":{"a":0,"k":0,"ix":6},"o":{"a":0,"k":100,"ix":7},"sk":{"a":0,"k":0,"ix":4},"sa":{"a":0,"k":0,"ix":5},"nm":"Transform"}],"nm":"Group 2","np":2,"cix":2,"ix":2,"mn":"ADBE Vector Group","hd":false}],"ip":5,"op":1200,"st":0,"bm":0},{"ddd":0,"ind":24,"ty":4,"nm":"Google","sr":1,"ks":{"o":{"a":0,"k":80,"ix":11},"r":{"a":0,"k":0,"ix":10},"p":{"a":1,"k":[{"i":{"x":0.667,"y":1},"o":{"x":0.333,"y":0},"n":"0p667_1_0p333_0","t":5,"s":[126.5,115.5,0],"e":[126.5,70.5,0],"to":[0,-7.5,0],"ti":[0,7.5,0]},{"t":10}],"ix":2},"a":{"a":0,"k":[85.5,11,0],"ix":1},"s":{"a":0,"k":[100,100,100],"ix":6}},"ao":0,"shapes":[{"ty":"gr","it":[{"ind":0,"ty":"sh","ix":1,"ks":{"a":0,"k":{"i":[[0,0],[0,0],[0,0],[0,0],[1.145,-0.674],[1.595,0.574],[0.587,1.587],[-0.432,1.255],[-1.644,0.576],[-1.482,-0.919],[0,0],[3.567,-2.901],[-2.158,-4.048],[-2.8,-0.565],[-2.238,1.779],[0.66,3.493]],"o":[[0,0],[0,0],[0,0],[-0.456,1.248],[-1.468,0.847],[-1.593,-0.571],[-0.465,-1.243],[0.576,-1.644],[1.645,-0.578],[0,0],[-3.558,-2.912],[-3.561,2.892],[1.363,2.51],[2.802,0.568],[2.778,-2.219],[0,0]],"v":[[9.48,-1.815],[0.217,-1.815],[0.217,1.99],[5.371,1.99],[2.894,4.963],[-1.936,5.395],[-5.375,1.99],[-5.425,-1.874],[-1.913,-5.386],[3.033,-4.847],[6.157,-7.394],[-6.083,-7.414],[-8.499,4.537],[-1.931,9.39],[6.018,7.48],[9.46,-1.805]],"c":true},"ix":2},"nm":"Path 1","mn":"ADBE Vector Shape - Group","hd":false},{"ty":"fl","c":{"a":0,"k":[0.952999997606,0.972999961703,1,1],"ix":4},"o":{"a":0,"k":100,"ix":5},"r":1,"nm":"Fill 1","mn":"ADBE Vector Graphic - Fill","hd":false},{"ty":"tr","p":{"a":0,"k":[9.627,10.615],"ix":2},"a":{"a":0,"k":[0,0],"ix":1},"s":{"a":0,"k":[100,100],"ix":3},"r":{"a":0,"k":0,"ix":6},"o":{"a":0,"k":100,"ix":7},"sk":{"a":0,"k":0,"ix":4},"sa":{"a":0,"k":0,"ix":5},"nm":"Transform"}],"nm":"Group 1","np":2,"cix":2,"ix":1,"mn":"ADBE Vector Group","hd":false}],"ip":5,"op":1200,"st":0,"bm":0}],"markers":[]}