{"v":"5.5.7","fr":30,"ip":0,"op":91,"w":22,"h":22,"nm":"pro - nightmode","ddd":0,"assets":[],"layers":[{"ddd":0,"ind":1,"ty":4,"nm":"mask","td":1,"sr":1,"ks":{"o":{"a":0,"k":100,"ix":11},"r":{"a":0,"k":0,"ix":10},"p":{"a":0,"k":[11.062,11,0],"ix":2},"a":{"a":0,"k":[0,0,0],"ix":1},"s":{"a":0,"k":[100,100,100],"ix":6}},"ao":0,"shapes":[{"ty":"gr","it":[{"ty":"rc","d":1,"s":{"a":0,"k":[19.362,5.619],"ix":2},"p":{"a":0,"k":[0,0],"ix":3},"r":{"a":0,"k":0,"ix":4},"nm":"Rectangle Path 1","mn":"ADBE Vector Shape - Rect","hd":false},{"ty":"fl","c":{"a":0,"k":[0,0,0,1],"ix":4},"o":{"a":0,"k":100,"ix":5},"r":1,"bm":0,"nm":"Fill 1","mn":"ADBE Vector Graphic - Fill","hd":false},{"ty":"tr","p":{"a":0,"k":[0.618,6.872],"ix":2},"a":{"a":0,"k":[0,0],"ix":1},"s":{"a":0,"k":[100,100],"ix":3},"r":{"a":0,"k":0,"ix":6},"o":{"a":0,"k":100,"ix":7},"sk":{"a":0,"k":0,"ix":4},"sa":{"a":0,"k":0,"ix":5},"nm":"Transform"}],"nm":"Rectangle 1","np":3,"cix":2,"bm":0,"ix":1,"mn":"ADBE Vector Group","hd":false}],"ip":0,"op":1800,"st":0,"bm":0},{"ddd":0,"ind":2,"ty":4,"nm":"bottom-filled","tt":1,"sr":1,"ks":{"o":{"a":0,"k":100,"ix":11},"r":{"a":0,"k":0,"ix":10},"p":{"a":1,"k":[{"i":{"x":0.214,"y":1},"o":{"x":0.114,"y":0},"t":30,"s":[10.934,23.917,0],"to":[0,-1.021,0],"ti":[0,1.021,0]},{"t":50,"s":[10.934,17.792,0]}],"ix":2},"a":{"a":0,"k":[0,0,0],"ix":1},"s":{"a":0,"k":[100,100,100],"ix":6}},"ao":0,"shapes":[{"ty":"gr","it":[{"ind":0,"ty":"sh","ix":1,"ks":{"a":0,"k":{"i":[[0,0],[0,0],[0,0],[0,0],[0,0],[0,0],[0,0],[0,0]],"o":[[0,0],[0,0],[0,0],[0,0],[0,0],[0,0],[0,0],[0,0]],"v":[[4.232,-2],[-4.238,-2],[-4.758,-2],[-5.278,-2],[-5.278,2],[5.282,2],[5.282,-2],[4.752,-2]],"c":true},"ix":2},"nm":"Path 1","mn":"ADBE Vector Shape - Group","hd":false},{"ty":"st","c":{"a":0,"k":[1,1,1,1],"ix":3},"o":{"a":0,"k":100,"ix":4},"w":{"a":0,"k":1.425,"ix":5},"lc":2,"lj":2,"bm":0,"nm":"Stroke 1","mn":"ADBE Vector Graphic - Stroke","hd":false},{"ty":"fl","c":{"a":0,"k":[1,1,1,1],"ix":4},"o":{"a":0,"k":100,"ix":5},"r":1,"bm":0,"nm":"Fill 1","mn":"ADBE Vector Graphic - Fill","hd":false},{"ty":"tr","p":{"a":0,"k":[0,0],"ix":2},"a":{"a":0,"k":[0,0],"ix":1},"s":{"a":0,"k":[100,100],"ix":3},"r":{"a":0,"k":0,"ix":6},"o":{"a":0,"k":100,"ix":7},"sk":{"a":0,"k":0,"ix":4},"sa":{"a":0,"k":0,"ix":5},"nm":"Transform"}],"nm":"Stroke 1","np":3,"cix":2,"bm":0,"ix":1,"mn":"ADBE Vector Group","hd":false}],"ip":0,"op":1800,"st":0,"bm":0},{"ddd":0,"ind":3,"ty":4,"nm":"Shape Layer 1","td":1,"sr":1,"ks":{"o":{"a":0,"k":100,"ix":11},"r":{"a":0,"k":0,"ix":10},"p":{"a":0,"k":[11,10.938,0],"ix":2},"a":{"a":0,"k":[0,0,0],"ix":1},"s":{"a":0,"k":[118.367,100,100],"ix":6}},"ao":0,"shapes":[{"ty":"gr","it":[{"ind":0,"ty":"sh","ix":1,"ks":{"a":0,"k":{"i":[[0,0],[0,0],[-1.424,-2.626],[-0.205,-0.1],[0,0],[0,0],[0,0],[-0.816,1.262],[0,0],[0,0],[0,0]],"o":[[0,0],[0,0],[1.058,1.281],[0.51,0.602],[0,0],[0,0],[0,0],[0.715,-1.644],[0,0],[0,0],[0,0]],"v":[[-17.583,-17.688],[-16.449,-2.438],[-8.281,-3.491],[-6.149,-2.219],[-4.659,2.531],[4.419,2.5],[5.945,-2.312],[7.982,-3.285],[9.751,-2.14],[19.097,-4.344],[17.05,-15.812]],"c":true},"ix":2},"nm":"Path 1","mn":"ADBE Vector Shape - Group","hd":false},{"ty":"fl","c":{"a":0,"k":[0,0,0,1],"ix":4},"o":{"a":0,"k":100,"ix":5},"r":1,"bm":0,"nm":"Fill 1","mn":"ADBE Vector Graphic - Fill","hd":false},{"ty":"tr","p":{"a":0,"k":[0.042,0.054],"ix":2},"a":{"a":0,"k":[0,0],"ix":1},"s":{"a":0,"k":[100,100],"ix":3},"r":{"a":0,"k":0,"ix":6},"o":{"a":0,"k":100,"ix":7},"sk":{"a":0,"k":0,"ix":4},"sa":{"a":0,"k":0,"ix":5},"nm":"Transform"}],"nm":"Shape 1","np":3,"cix":2,"bm":0,"ix":1,"mn":"ADBE Vector Group","hd":false}],"ip":0,"op":1800,"st":0,"bm":0},{"ddd":0,"ind":4,"ty":4,"nm":"top-filled 2","tt":1,"sr":1,"ks":{"o":{"a":0,"k":100,"ix":11},"r":{"a":0,"k":0,"ix":10},"p":{"a":1,"k":[{"i":{"x":0.365,"y":1},"o":{"x":0.196,"y":0},"t":35,"s":[10.961,20.389,0],"to":[0,-2.115,0],"ti":[0,2.115,0]},{"t":55,"s":[10.961,7.702,0]}],"ix":2},"a":{"a":0,"k":[0,0,0],"ix":1},"s":{"a":0,"k":[100,100,100],"ix":6}},"ao":0,"shapes":[{"ty":"gr","it":[{"ind":0,"ty":"sh","ix":1,"ks":{"a":0,"k":{"i":[[0,0],[0,0],[0,0],[0,0],[0,0],[0.18,-0.04],[0.12,0],[0.06,0.01],[0,0.76],[-0.83,0],[0,-0.82],[0,0],[0.07,-0.17],[0.12,-0.13],[0,0],[0,0],[0,0],[0,0],[0,0],[0,0],[0,0],[0,0],[0,0],[0,0],[0.15,0.1],[0.1,0.14],[0,0.32],[-0.83,0],[0,-0.83],[0.17,-0.24],[0.15,-0.1],[0.18,-0.05],[0,0],[0,0],[0,0],[0,0],[0,0],[0,0],[0,0],[0,0],[0,0],[0,0],[0,0],[0,0],[0.04,0.17],[0,0.13],[-0.01,0.06],[-0.76,0],[0,-0.83],[0.78,-0.05],[0.04,0],[0.14,0.04],[0.14,0.11],[0,0]],"o":[[0,0],[0,0],[0,0],[0,0],[-0.15,0.1],[-0.11,0.03],[-0.07,0],[-0.73,-0.1],[0,-0.82],[0.82,0],[0,0],[0,0.2],[-0.06,0.16],[0,0],[0,0],[0,0],[0,0],[0,0],[0,0],[0,0],[0,0],[0,0],[0,0],[-0.18,-0.04],[-0.15,-0.11],[-0.17,-0.25],[0,-0.83],[0.82,0],[0,0.32],[-0.11,0.15],[-0.15,0.1],[0,0],[0,0],[0,0],[0,0],[0,0],[0,0],[0,0],[0,0],[0,0],[0,0],[0,0],[0,0],[-0.11,-0.15],[-0.04,-0.13],[0,-0.06],[0.08,-0.74],[0.83,0],[0,0.79],[-0.03,0],[-0.15,0],[-0.18,-0.06],[0,0],[0,0]],"v":[[5.014,4.717],[4.824,5.247],[-4.866,5.247],[-5.056,4.717],[-6.726,0.017],[-7.216,0.237],[-7.566,0.277],[-7.766,0.267],[-9.066,-1.223],[-7.566,-2.723],[-6.066,-1.223],[-6.066,-1.223],[-6.176,-0.673],[-6.456,-0.223],[-5.296,0.347],[-4.816,0.587],[-4.776,0.597],[-4.336,0.817],[-3.006,1.477],[-1.996,0.037],[-1.756,-0.303],[-1.686,-0.403],[-1.386,-0.843],[-0.366,-2.293],[-0.866,-2.503],[-1.246,-2.883],[-1.516,-3.743],[-0.016,-5.243],[1.484,-3.743],[1.204,-2.883],[0.814,-2.503],[0.324,-2.283],[1.344,-0.813],[1.654,-0.383],[1.694,-0.323],[1.694,-0.323],[1.964,0.057],[2.954,1.477],[4.334,0.797],[4.744,0.597],[4.744,0.597],[4.804,0.567],[5.284,0.327],[6.354,-0.193],[6.124,-0.673],[6.074,-1.063],[6.084,-1.243],[7.564,-2.563],[9.064,-1.063],[7.664,0.427],[7.564,0.427],[7.124,0.367],[6.644,0.117],[6.064,1.757]],"c":true},"ix":2},"nm":"Path 1","mn":"ADBE Vector Shape - Group","hd":false},{"ty":"st","c":{"a":0,"k":[1,1,1,1],"ix":3},"o":{"a":0,"k":100,"ix":4},"w":{"a":0,"k":1.425,"ix":5},"lc":2,"lj":2,"bm":0,"nm":"Stroke 1","mn":"ADBE Vector Graphic - Stroke","hd":false},{"ty":"fl","c":{"a":0,"k":[1,1,1,1],"ix":4},"o":{"a":0,"k":100,"ix":5},"r":1,"bm":0,"nm":"Fill 1","mn":"ADBE Vector Graphic - Fill","hd":false},{"ty":"tr","p":{"a":0,"k":[0,0],"ix":2},"a":{"a":0,"k":[0,0],"ix":1},"s":{"a":0,"k":[100,100],"ix":3},"r":{"a":0,"k":0,"ix":6},"o":{"a":0,"k":100,"ix":7},"sk":{"a":0,"k":0,"ix":4},"sa":{"a":0,"k":0,"ix":5},"nm":"Transform"}],"nm":"Stroke 3","np":3,"cix":2,"bm":0,"ix":1,"mn":"ADBE Vector Group","hd":false}],"ip":0,"op":1800,"st":0,"bm":0},{"ddd":0,"ind":5,"ty":4,"nm":"top - outline","sr":1,"ks":{"o":{"a":0,"k":100,"ix":11},"r":{"a":0,"k":0,"ix":10},"p":{"a":0,"k":[10.961,7.639,0],"ix":2},"a":{"a":0,"k":[0,0,0],"ix":1},"s":{"a":0,"k":[100,100,100],"ix":6}},"ao":0,"shapes":[{"ty":"gr","it":[{"ind":0,"ty":"sh","ix":1,"ks":{"a":0,"k":{"i":[[0,0],[0,0],[0,0],[0,0],[0,0],[0.18,-0.04],[0.12,0],[0.06,0.01],[0,0.76],[-0.83,0],[0,-0.82],[0,0],[0.07,-0.17],[0.12,-0.13],[0,0],[0,0],[0,0],[0,0],[0,0],[0,0],[0,0],[0,0],[0,0],[0,0],[0.15,0.1],[0.1,0.14],[0,0.32],[-0.83,0],[0,-0.83],[0.17,-0.24],[0.15,-0.1],[0.18,-0.05],[0,0],[0,0],[0,0],[0,0],[0,0],[0,0],[0,0],[0,0],[0,0],[0,0],[0,0],[0,0],[0.04,0.17],[0,0.13],[-0.01,0.06],[-0.76,0],[0,-0.83],[0.78,-0.05],[0.04,0],[0.14,0.04],[0.14,0.11],[0,0]],"o":[[0,0],[0,0],[0,0],[0,0],[-0.15,0.1],[-0.11,0.03],[-0.07,0],[-0.73,-0.1],[0,-0.82],[0.82,0],[0,0],[0,0.2],[-0.06,0.16],[0,0],[0,0],[0,0],[0,0],[0,0],[0,0],[0,0],[0,0],[0,0],[0,0],[-0.18,-0.04],[-0.15,-0.11],[-0.17,-0.25],[0,-0.83],[0.82,0],[0,0.32],[-0.11,0.15],[-0.15,0.1],[0,0],[0,0],[0,0],[0,0],[0,0],[0,0],[0,0],[0,0],[0,0],[0,0],[0,0],[0,0],[-0.11,-0.15],[-0.04,-0.13],[0,-0.06],[0.08,-0.74],[0.83,0],[0,0.79],[-0.03,0],[-0.15,0],[-0.18,-0.06],[0,0],[0,0]],"v":[[5.014,4.717],[4.824,5.247],[-4.866,5.247],[-5.056,4.717],[-6.726,0.017],[-7.216,0.237],[-7.566,0.277],[-7.766,0.267],[-9.066,-1.223],[-7.566,-2.723],[-6.066,-1.223],[-6.066,-1.223],[-6.176,-0.673],[-6.456,-0.223],[-5.296,0.347],[-4.816,0.587],[-4.776,0.597],[-4.336,0.817],[-3.006,1.477],[-1.996,0.037],[-1.756,-0.303],[-1.686,-0.403],[-1.386,-0.843],[-0.366,-2.293],[-0.866,-2.503],[-1.246,-2.883],[-1.516,-3.743],[-0.016,-5.243],[1.484,-3.743],[1.204,-2.883],[0.814,-2.503],[0.324,-2.283],[1.344,-0.813],[1.654,-0.383],[1.694,-0.323],[1.694,-0.323],[1.964,0.057],[2.954,1.477],[4.334,0.797],[4.744,0.597],[4.744,0.597],[4.804,0.567],[5.284,0.327],[6.354,-0.193],[6.124,-0.673],[6.074,-1.063],[6.084,-1.243],[7.564,-2.563],[9.064,-1.063],[7.664,0.427],[7.564,0.427],[7.124,0.367],[6.644,0.117],[6.064,1.757]],"c":true},"ix":2},"nm":"Path 1","mn":"ADBE Vector Shape - Group","hd":false},{"ty":"st","c":{"a":0,"k":[0.537254929543,0.541176497936,0.611764729023,1],"ix":3},"o":{"a":0,"k":100,"ix":4},"w":{"a":0,"k":1.425,"ix":5},"lc":2,"lj":2,"bm":0,"nm":"Stroke 1","mn":"ADBE Vector Graphic - Stroke","hd":false},{"ty":"tr","p":{"a":0,"k":[0,0],"ix":2},"a":{"a":0,"k":[0,0],"ix":1},"s":{"a":0,"k":[100,100],"ix":3},"r":{"a":0,"k":0,"ix":6},"o":{"a":0,"k":100,"ix":7},"sk":{"a":0,"k":0,"ix":4},"sa":{"a":0,"k":0,"ix":5},"nm":"Transform"}],"nm":"Stroke 3","np":2,"cix":2,"bm":0,"ix":1,"mn":"ADBE Vector Group","hd":false}],"ip":0,"op":1800,"st":0,"bm":0},{"ddd":0,"ind":6,"ty":4,"nm":"btottom-outline","sr":1,"ks":{"o":{"a":0,"k":100,"ix":11},"r":{"a":0,"k":0,"ix":10},"p":{"a":0,"k":[10.934,17.792,0],"ix":2},"a":{"a":0,"k":[0,0,0],"ix":1},"s":{"a":0,"k":[100,100,100],"ix":6}},"ao":0,"shapes":[{"ty":"gr","it":[{"ind":0,"ty":"sh","ix":1,"ks":{"a":0,"k":{"i":[[0,0],[0,0],[0,0],[0,0],[0,0],[0,0],[0,0],[0,0]],"o":[[0,0],[0,0],[0,0],[0,0],[0,0],[0,0],[0,0],[0,0]],"v":[[4.232,-2],[-4.238,-2],[-4.758,-2],[-5.278,-2],[-5.278,2],[5.282,2],[5.282,-2],[4.752,-2]],"c":true},"ix":2},"nm":"Path 1","mn":"ADBE Vector Shape - Group","hd":false},{"ty":"st","c":{"a":0,"k":[0.537254929543,0.541176497936,0.611764729023,1],"ix":3},"o":{"a":0,"k":100,"ix":4},"w":{"a":0,"k":1.425,"ix":5},"lc":2,"lj":2,"bm":0,"nm":"Stroke 1","mn":"ADBE Vector Graphic - Stroke","hd":false},{"ty":"tr","p":{"a":0,"k":[0,0],"ix":2},"a":{"a":0,"k":[0,0],"ix":1},"s":{"a":0,"k":[100,100],"ix":3},"r":{"a":0,"k":0,"ix":6},"o":{"a":0,"k":100,"ix":7},"sk":{"a":0,"k":0,"ix":4},"sa":{"a":0,"k":0,"ix":5},"nm":"Transform"}],"nm":"Stroke 1","np":2,"cix":2,"bm":0,"ix":1,"mn":"ADBE Vector Group","hd":false}],"ip":0,"op":1800,"st":0,"bm":0}],"markers":[]}