{"v":"5.5.7","meta":{"g":"LottieFiles AE 0.1.20","a":"","k":"","d":"","tc":""},"fr":30,"ip":0,"op":302,"w":1920,"h":1080,"nm":"Fail","ddd":0,"assets":[],"layers":[{"ddd":0,"ind":1,"ty":4,"nm":"Layer 19 Outlines","sr":1,"ks":{"o":{"a":0,"k":100,"ix":11},"r":{"a":0,"k":0,"ix":10},"p":{"a":0,"k":[675,530.5,0],"ix":2},"a":{"a":0,"k":[1,59.5,0],"ix":1},"s":{"a":0,"k":[100,100,100],"ix":6}},"ao":0,"shapes":[{"ty":"gr","it":[{"ind":0,"ty":"sh","ix":1,"ks":{"a":1,"k":[{"i":{"x":0.1,"y":1},"o":{"x":0.45,"y":0},"t":-5,"s":[{"i":[[0,0],[0,0]],"o":[[0,0],[0,0]],"v":[[1,-1.938],[1,-2]],"c":false}]},{"i":{"x":0.833,"y":1},"o":{"x":0.45,"y":0},"t":15,"s":[{"i":[[0,0],[0,0]],"o":[[0,0],[0,0]],"v":[[1,1],[1,118]],"c":false}]},{"i":{"x":0.1,"y":1},"o":{"x":0.167,"y":0},"t":35,"s":[{"i":[[0,0],[0,0]],"o":[[0,0],[0,0]],"v":[[1,117.938],[1,118]],"c":false}]},{"i":{"x":0.1,"y":1},"o":{"x":0.45,"y":0},"t":45,"s":[{"i":[[0,0],[0,0]],"o":[[0,0],[0,0]],"v":[[1,-1.938],[1,-2]],"c":false}]},{"i":{"x":0.833,"y":1},"o":{"x":0.45,"y":0},"t":65,"s":[{"i":[[0,0],[0,0]],"o":[[0,0],[0,0]],"v":[[1,1],[1,118]],"c":false}]},{"i":{"x":0.1,"y":1},"o":{"x":0.167,"y":0},"t":85,"s":[{"i":[[0,0],[0,0]],"o":[[0,0],[0,0]],"v":[[1,117.938],[1,118]],"c":false}]},{"i":{"x":0.1,"y":1},"o":{"x":0.45,"y":0},"t":95,"s":[{"i":[[0,0],[0,0]],"o":[[0,0],[0,0]],"v":[[1,-1.938],[1,-2]],"c":false}]},{"i":{"x":0.833,"y":1},"o":{"x":0.45,"y":0},"t":115,"s":[{"i":[[0,0],[0,0]],"o":[[0,0],[0,0]],"v":[[1,1],[1,118]],"c":false}]},{"i":{"x":0.1,"y":1},"o":{"x":0.167,"y":0},"t":135,"s":[{"i":[[0,0],[0,0]],"o":[[0,0],[0,0]],"v":[[1,117.938],[1,118]],"c":false}]},{"i":{"x":0.1,"y":1},"o":{"x":0.45,"y":0},"t":145,"s":[{"i":[[0,0],[0,0]],"o":[[0,0],[0,0]],"v":[[1,-1.938],[1,-2]],"c":false}]},{"i":{"x":0.833,"y":1},"o":{"x":0.45,"y":0},"t":165,"s":[{"i":[[0,0],[0,0]],"o":[[0,0],[0,0]],"v":[[1,1],[1,118]],"c":false}]},{"i":{"x":0.1,"y":1},"o":{"x":0.167,"y":0},"t":185,"s":[{"i":[[0,0],[0,0]],"o":[[0,0],[0,0]],"v":[[1,117.938],[1,118]],"c":false}]},{"i":{"x":0.1,"y":1},"o":{"x":0.45,"y":0},"t":195,"s":[{"i":[[0,0],[0,0]],"o":[[0,0],[0,0]],"v":[[1,-1.938],[1,-2]],"c":false}]},{"i":{"x":0.833,"y":1},"o":{"x":0.45,"y":0},"t":215,"s":[{"i":[[0,0],[0,0]],"o":[[0,0],[0,0]],"v":[[1,1],[1,118]],"c":false}]},{"i":{"x":0.1,"y":1},"o":{"x":0.167,"y":0},"t":235,"s":[{"i":[[0,0],[0,0]],"o":[[0,0],[0,0]],"v":[[1,117.938],[1,118]],"c":false}]},{"i":{"x":0.1,"y":1},"o":{"x":0.45,"y":0},"t":245,"s":[{"i":[[0,0],[0,0]],"o":[[0,0],[0,0]],"v":[[1,-1.938],[1,-2]],"c":false}]},{"i":{"x":0.833,"y":1},"o":{"x":0.45,"y":0},"t":265,"s":[{"i":[[0,0],[0,0]],"o":[[0,0],[0,0]],"v":[[1,1],[1,118]],"c":false}]},{"t":285,"s":[{"i":[[0,0],[0,0]],"o":[[0,0],[0,0]],"v":[[1,117.938],[1,118]],"c":false}]}],"ix":2},"nm":"Path 1","mn":"ADBE Vector Shape - Group","hd":false},{"ty":"st","c":{"a":0,"k":[0.783999992819,0.830999995213,0.910000011968,1],"ix":3},"o":{"a":0,"k":100,"ix":4},"w":{"a":0,"k":2,"ix":5},"lc":1,"lj":1,"ml":10,"bm":0,"nm":"Stroke 1","mn":"ADBE Vector Graphic - Stroke","hd":false},{"ty":"tr","p":{"a":0,"k":[0,0],"ix":2},"a":{"a":0,"k":[0,0],"ix":1},"s":{"a":0,"k":[100,100],"ix":3},"r":{"a":0,"k":0,"ix":6},"o":{"a":0,"k":100,"ix":7},"sk":{"a":0,"k":0,"ix":4},"sa":{"a":0,"k":0,"ix":5},"nm":"Transform"}],"nm":"Group 1","np":2,"cix":2,"bm":0,"ix":1,"mn":"ADBE Vector Group","hd":false}],"ip":0,"op":302,"st":-5,"bm":0},{"ddd":0,"ind":2,"ty":4,"nm":"Layer 20 Outlines 3","sr":1,"ks":{"o":{"a":0,"k":100,"ix":11},"r":{"a":0,"k":0,"ix":10},"p":{"a":0,"k":[1295.5,568,0],"ix":2},"a":{"a":0,"k":[1,59.5,0],"ix":1},"s":{"a":0,"k":[100,100,100],"ix":6}},"ao":0,"shapes":[{"ty":"gr","it":[{"ind":0,"ty":"sh","ix":1,"ks":{"a":1,"k":[{"i":{"x":0.1,"y":1},"o":{"x":0.45,"y":0},"t":2,"s":[{"i":[[0,0],[0,0]],"o":[[0,0],[0,0]],"v":[[1,-1.938],[1,-2]],"c":false}]},{"i":{"x":0.833,"y":1},"o":{"x":0.45,"y":0},"t":22,"s":[{"i":[[0,0],[0,0]],"o":[[0,0],[0,0]],"v":[[1,1],[1,118]],"c":false}]},{"i":{"x":0.1,"y":1},"o":{"x":0.167,"y":0},"t":42,"s":[{"i":[[0,0],[0,0]],"o":[[0,0],[0,0]],"v":[[1,117.938],[1,118]],"c":false}]},{"i":{"x":0.1,"y":1},"o":{"x":0.45,"y":0},"t":52,"s":[{"i":[[0,0],[0,0]],"o":[[0,0],[0,0]],"v":[[1,-1.938],[1,-2]],"c":false}]},{"i":{"x":0.833,"y":1},"o":{"x":0.45,"y":0},"t":72,"s":[{"i":[[0,0],[0,0]],"o":[[0,0],[0,0]],"v":[[1,1],[1,118]],"c":false}]},{"i":{"x":0.1,"y":1},"o":{"x":0.167,"y":0},"t":92,"s":[{"i":[[0,0],[0,0]],"o":[[0,0],[0,0]],"v":[[1,117.938],[1,118]],"c":false}]},{"i":{"x":0.1,"y":1},"o":{"x":0.45,"y":0},"t":102,"s":[{"i":[[0,0],[0,0]],"o":[[0,0],[0,0]],"v":[[1,-1.938],[1,-2]],"c":false}]},{"i":{"x":0.833,"y":1},"o":{"x":0.45,"y":0},"t":122,"s":[{"i":[[0,0],[0,0]],"o":[[0,0],[0,0]],"v":[[1,1],[1,118]],"c":false}]},{"i":{"x":0.1,"y":1},"o":{"x":0.167,"y":0},"t":142,"s":[{"i":[[0,0],[0,0]],"o":[[0,0],[0,0]],"v":[[1,117.938],[1,118]],"c":false}]},{"i":{"x":0.1,"y":1},"o":{"x":0.45,"y":0},"t":152,"s":[{"i":[[0,0],[0,0]],"o":[[0,0],[0,0]],"v":[[1,-1.938],[1,-2]],"c":false}]},{"i":{"x":0.833,"y":1},"o":{"x":0.45,"y":0},"t":172,"s":[{"i":[[0,0],[0,0]],"o":[[0,0],[0,0]],"v":[[1,1],[1,118]],"c":false}]},{"i":{"x":0.1,"y":1},"o":{"x":0.167,"y":0},"t":192,"s":[{"i":[[0,0],[0,0]],"o":[[0,0],[0,0]],"v":[[1,117.938],[1,118]],"c":false}]},{"i":{"x":0.1,"y":1},"o":{"x":0.45,"y":0},"t":202,"s":[{"i":[[0,0],[0,0]],"o":[[0,0],[0,0]],"v":[[1,-1.938],[1,-2]],"c":false}]},{"i":{"x":0.833,"y":1},"o":{"x":0.45,"y":0},"t":222,"s":[{"i":[[0,0],[0,0]],"o":[[0,0],[0,0]],"v":[[1,1],[1,118]],"c":false}]},{"i":{"x":0.1,"y":1},"o":{"x":0.167,"y":0},"t":242,"s":[{"i":[[0,0],[0,0]],"o":[[0,0],[0,0]],"v":[[1,117.938],[1,118]],"c":false}]},{"i":{"x":0.1,"y":1},"o":{"x":0.45,"y":0},"t":252,"s":[{"i":[[0,0],[0,0]],"o":[[0,0],[0,0]],"v":[[1,-1.938],[1,-2]],"c":false}]},{"i":{"x":0.833,"y":1},"o":{"x":0.45,"y":0},"t":272,"s":[{"i":[[0,0],[0,0]],"o":[[0,0],[0,0]],"v":[[1,1],[1,118]],"c":false}]},{"t":292,"s":[{"i":[[0,0],[0,0]],"o":[[0,0],[0,0]],"v":[[1,117.938],[1,118]],"c":false}]}],"ix":2},"nm":"Path 1","mn":"ADBE Vector Shape - Group","hd":false},{"ty":"st","c":{"a":0,"k":[0.783999992819,0.830999995213,0.910000011968,1],"ix":3},"o":{"a":0,"k":100,"ix":4},"w":{"a":0,"k":2,"ix":5},"lc":1,"lj":1,"ml":10,"bm":0,"nm":"Stroke 1","mn":"ADBE Vector Graphic - Stroke","hd":false},{"ty":"tr","p":{"a":0,"k":[0,0],"ix":2},"a":{"a":0,"k":[0,0],"ix":1},"s":{"a":0,"k":[100,100],"ix":3},"r":{"a":0,"k":0,"ix":6},"o":{"a":0,"k":100,"ix":7},"sk":{"a":0,"k":0,"ix":4},"sa":{"a":0,"k":0,"ix":5},"nm":"Transform"}],"nm":"Group 1","np":2,"cix":2,"bm":0,"ix":1,"mn":"ADBE Vector Group","hd":false}],"ip":2,"op":302,"st":2,"bm":0},{"ddd":0,"ind":3,"ty":4,"nm":"Layer 20 Outlines 2","sr":1,"ks":{"o":{"a":0,"k":100,"ix":11},"r":{"a":0,"k":0,"ix":10},"p":{"a":0,"k":[741.5,276,0],"ix":2},"a":{"a":0,"k":[1,59.5,0],"ix":1},"s":{"a":0,"k":[100,100,100],"ix":6}},"ao":0,"shapes":[{"ty":"gr","it":[{"ind":0,"ty":"sh","ix":1,"ks":{"a":1,"k":[{"i":{"x":0.1,"y":1},"o":{"x":0.45,"y":0},"t":-16,"s":[{"i":[[0,0],[0,0]],"o":[[0,0],[0,0]],"v":[[1,-1.938],[1,-2]],"c":false}]},{"i":{"x":0.833,"y":1},"o":{"x":0.45,"y":0},"t":4,"s":[{"i":[[0,0],[0,0]],"o":[[0,0],[0,0]],"v":[[1,1],[1,118]],"c":false}]},{"i":{"x":0.1,"y":1},"o":{"x":0.167,"y":0},"t":24,"s":[{"i":[[0,0],[0,0]],"o":[[0,0],[0,0]],"v":[[1,117.938],[1,118]],"c":false}]},{"i":{"x":0.1,"y":1},"o":{"x":0.45,"y":0},"t":34,"s":[{"i":[[0,0],[0,0]],"o":[[0,0],[0,0]],"v":[[1,-1.938],[1,-2]],"c":false}]},{"i":{"x":0.833,"y":1},"o":{"x":0.45,"y":0},"t":54,"s":[{"i":[[0,0],[0,0]],"o":[[0,0],[0,0]],"v":[[1,1],[1,118]],"c":false}]},{"i":{"x":0.1,"y":1},"o":{"x":0.167,"y":0},"t":74,"s":[{"i":[[0,0],[0,0]],"o":[[0,0],[0,0]],"v":[[1,117.938],[1,118]],"c":false}]},{"i":{"x":0.1,"y":1},"o":{"x":0.45,"y":0},"t":84,"s":[{"i":[[0,0],[0,0]],"o":[[0,0],[0,0]],"v":[[1,-1.938],[1,-2]],"c":false}]},{"i":{"x":0.833,"y":1},"o":{"x":0.45,"y":0},"t":104,"s":[{"i":[[0,0],[0,0]],"o":[[0,0],[0,0]],"v":[[1,1],[1,118]],"c":false}]},{"i":{"x":0.1,"y":1},"o":{"x":0.167,"y":0},"t":124,"s":[{"i":[[0,0],[0,0]],"o":[[0,0],[0,0]],"v":[[1,117.938],[1,118]],"c":false}]},{"i":{"x":0.1,"y":1},"o":{"x":0.45,"y":0},"t":134,"s":[{"i":[[0,0],[0,0]],"o":[[0,0],[0,0]],"v":[[1,-1.938],[1,-2]],"c":false}]},{"i":{"x":0.833,"y":1},"o":{"x":0.45,"y":0},"t":154,"s":[{"i":[[0,0],[0,0]],"o":[[0,0],[0,0]],"v":[[1,1],[1,118]],"c":false}]},{"i":{"x":0.1,"y":1},"o":{"x":0.167,"y":0},"t":174,"s":[{"i":[[0,0],[0,0]],"o":[[0,0],[0,0]],"v":[[1,117.938],[1,118]],"c":false}]},{"i":{"x":0.1,"y":1},"o":{"x":0.45,"y":0},"t":184,"s":[{"i":[[0,0],[0,0]],"o":[[0,0],[0,0]],"v":[[1,-1.938],[1,-2]],"c":false}]},{"i":{"x":0.833,"y":1},"o":{"x":0.45,"y":0},"t":204,"s":[{"i":[[0,0],[0,0]],"o":[[0,0],[0,0]],"v":[[1,1],[1,118]],"c":false}]},{"i":{"x":0.1,"y":1},"o":{"x":0.167,"y":0},"t":224,"s":[{"i":[[0,0],[0,0]],"o":[[0,0],[0,0]],"v":[[1,117.938],[1,118]],"c":false}]},{"i":{"x":0.1,"y":1},"o":{"x":0.45,"y":0},"t":234,"s":[{"i":[[0,0],[0,0]],"o":[[0,0],[0,0]],"v":[[1,-1.938],[1,-2]],"c":false}]},{"i":{"x":0.833,"y":1},"o":{"x":0.45,"y":0},"t":254,"s":[{"i":[[0,0],[0,0]],"o":[[0,0],[0,0]],"v":[[1,1],[1,118]],"c":false}]},{"t":274,"s":[{"i":[[0,0],[0,0]],"o":[[0,0],[0,0]],"v":[[1,117.938],[1,118]],"c":false}]}],"ix":2},"nm":"Path 1","mn":"ADBE Vector Shape - Group","hd":false},{"ty":"st","c":{"a":0,"k":[0.783999992819,0.830999995213,0.910000011968,1],"ix":3},"o":{"a":0,"k":100,"ix":4},"w":{"a":0,"k":2,"ix":5},"lc":1,"lj":1,"ml":10,"bm":0,"nm":"Stroke 1","mn":"ADBE Vector Graphic - Stroke","hd":false},{"ty":"tr","p":{"a":0,"k":[0,0],"ix":2},"a":{"a":0,"k":[0,0],"ix":1},"s":{"a":0,"k":[100,100],"ix":3},"r":{"a":0,"k":0,"ix":6},"o":{"a":0,"k":100,"ix":7},"sk":{"a":0,"k":0,"ix":4},"sa":{"a":0,"k":0,"ix":5},"nm":"Transform"}],"nm":"Group 1","np":2,"cix":2,"bm":0,"ix":1,"mn":"ADBE Vector Group","hd":false}],"ip":0,"op":302,"st":-16,"bm":0},{"ddd":0,"ind":4,"ty":4,"nm":"Layer 20 Outlines","sr":1,"ks":{"o":{"a":0,"k":100,"ix":11},"r":{"a":0,"k":0,"ix":10},"p":{"a":0,"k":[644,282.5,0],"ix":2},"a":{"a":0,"k":[1,59.5,0],"ix":1},"s":{"a":0,"k":[100,100,100],"ix":6}},"ao":0,"shapes":[{"ty":"gr","it":[{"ind":0,"ty":"sh","ix":1,"ks":{"a":1,"k":[{"i":{"x":0.1,"y":1},"o":{"x":0.45,"y":0},"t":3,"s":[{"i":[[0,0],[0,0]],"o":[[0,0],[0,0]],"v":[[1,-1.938],[1,-2]],"c":false}]},{"i":{"x":0.833,"y":1},"o":{"x":0.45,"y":0},"t":23,"s":[{"i":[[0,0],[0,0]],"o":[[0,0],[0,0]],"v":[[1,1],[1,118]],"c":false}]},{"i":{"x":0.1,"y":1},"o":{"x":0.167,"y":0},"t":43,"s":[{"i":[[0,0],[0,0]],"o":[[0,0],[0,0]],"v":[[1,117.938],[1,118]],"c":false}]},{"i":{"x":0.1,"y":1},"o":{"x":0.45,"y":0},"t":53,"s":[{"i":[[0,0],[0,0]],"o":[[0,0],[0,0]],"v":[[1,-1.938],[1,-2]],"c":false}]},{"i":{"x":0.833,"y":1},"o":{"x":0.45,"y":0},"t":73,"s":[{"i":[[0,0],[0,0]],"o":[[0,0],[0,0]],"v":[[1,1],[1,118]],"c":false}]},{"i":{"x":0.1,"y":1},"o":{"x":0.167,"y":0},"t":93,"s":[{"i":[[0,0],[0,0]],"o":[[0,0],[0,0]],"v":[[1,117.938],[1,118]],"c":false}]},{"i":{"x":0.1,"y":1},"o":{"x":0.45,"y":0},"t":103,"s":[{"i":[[0,0],[0,0]],"o":[[0,0],[0,0]],"v":[[1,-1.938],[1,-2]],"c":false}]},{"i":{"x":0.833,"y":1},"o":{"x":0.45,"y":0},"t":123,"s":[{"i":[[0,0],[0,0]],"o":[[0,0],[0,0]],"v":[[1,1],[1,118]],"c":false}]},{"i":{"x":0.1,"y":1},"o":{"x":0.167,"y":0},"t":143,"s":[{"i":[[0,0],[0,0]],"o":[[0,0],[0,0]],"v":[[1,117.938],[1,118]],"c":false}]},{"i":{"x":0.1,"y":1},"o":{"x":0.45,"y":0},"t":153,"s":[{"i":[[0,0],[0,0]],"o":[[0,0],[0,0]],"v":[[1,-1.938],[1,-2]],"c":false}]},{"i":{"x":0.833,"y":1},"o":{"x":0.45,"y":0},"t":173,"s":[{"i":[[0,0],[0,0]],"o":[[0,0],[0,0]],"v":[[1,1],[1,118]],"c":false}]},{"i":{"x":0.1,"y":1},"o":{"x":0.167,"y":0},"t":193,"s":[{"i":[[0,0],[0,0]],"o":[[0,0],[0,0]],"v":[[1,117.938],[1,118]],"c":false}]},{"i":{"x":0.1,"y":1},"o":{"x":0.45,"y":0},"t":203,"s":[{"i":[[0,0],[0,0]],"o":[[0,0],[0,0]],"v":[[1,-1.938],[1,-2]],"c":false}]},{"i":{"x":0.833,"y":1},"o":{"x":0.45,"y":0},"t":223,"s":[{"i":[[0,0],[0,0]],"o":[[0,0],[0,0]],"v":[[1,1],[1,118]],"c":false}]},{"i":{"x":0.1,"y":1},"o":{"x":0.167,"y":0},"t":243,"s":[{"i":[[0,0],[0,0]],"o":[[0,0],[0,0]],"v":[[1,117.938],[1,118]],"c":false}]},{"i":{"x":0.1,"y":1},"o":{"x":0.45,"y":0},"t":253,"s":[{"i":[[0,0],[0,0]],"o":[[0,0],[0,0]],"v":[[1,-1.938],[1,-2]],"c":false}]},{"i":{"x":0.833,"y":1},"o":{"x":0.45,"y":0},"t":273,"s":[{"i":[[0,0],[0,0]],"o":[[0,0],[0,0]],"v":[[1,1],[1,118]],"c":false}]},{"t":293,"s":[{"i":[[0,0],[0,0]],"o":[[0,0],[0,0]],"v":[[1,117.938],[1,118]],"c":false}]}],"ix":2},"nm":"Path 1","mn":"ADBE Vector Shape - Group","hd":false},{"ty":"st","c":{"a":0,"k":[0.783999992819,0.830999995213,0.910000011968,1],"ix":3},"o":{"a":0,"k":100,"ix":4},"w":{"a":0,"k":2,"ix":5},"lc":1,"lj":1,"ml":10,"bm":0,"nm":"Stroke 1","mn":"ADBE Vector Graphic - Stroke","hd":false},{"ty":"tr","p":{"a":0,"k":[0,0],"ix":2},"a":{"a":0,"k":[0,0],"ix":1},"s":{"a":0,"k":[100,100],"ix":3},"r":{"a":0,"k":0,"ix":6},"o":{"a":0,"k":100,"ix":7},"sk":{"a":0,"k":0,"ix":4},"sa":{"a":0,"k":0,"ix":5},"nm":"Transform"}],"nm":"Group 1","np":2,"cix":2,"bm":0,"ix":1,"mn":"ADBE Vector Group","hd":false}],"ip":3,"op":302,"st":3,"bm":0},{"ddd":0,"ind":5,"ty":4,"nm":"Layer 17 Outlines","sr":1,"ks":{"o":{"a":0,"k":100,"ix":11},"r":{"a":0,"k":0,"ix":10},"p":{"a":0,"k":[741,870.5,0],"ix":2},"a":{"a":0,"k":[1,59.5,0],"ix":1},"s":{"a":0,"k":[100,100,100],"ix":6}},"ao":0,"shapes":[{"ty":"gr","it":[{"ind":0,"ty":"sh","ix":1,"ks":{"a":1,"k":[{"i":{"x":0.1,"y":1},"o":{"x":0.45,"y":0},"t":-13,"s":[{"i":[[0,0],[0,0]],"o":[[0,0],[0,0]],"v":[[1,-1.938],[1,-2]],"c":false}]},{"i":{"x":0.833,"y":1},"o":{"x":0.45,"y":0},"t":7,"s":[{"i":[[0,0],[0,0]],"o":[[0,0],[0,0]],"v":[[1,1],[1,118]],"c":false}]},{"i":{"x":0.1,"y":1},"o":{"x":0.167,"y":0},"t":27,"s":[{"i":[[0,0],[0,0]],"o":[[0,0],[0,0]],"v":[[1,117.938],[1,118]],"c":false}]},{"i":{"x":0.1,"y":1},"o":{"x":0.45,"y":0},"t":37,"s":[{"i":[[0,0],[0,0]],"o":[[0,0],[0,0]],"v":[[1,-1.938],[1,-2]],"c":false}]},{"i":{"x":0.833,"y":1},"o":{"x":0.45,"y":0},"t":57,"s":[{"i":[[0,0],[0,0]],"o":[[0,0],[0,0]],"v":[[1,1],[1,118]],"c":false}]},{"i":{"x":0.1,"y":1},"o":{"x":0.167,"y":0},"t":77,"s":[{"i":[[0,0],[0,0]],"o":[[0,0],[0,0]],"v":[[1,117.938],[1,118]],"c":false}]},{"i":{"x":0.1,"y":1},"o":{"x":0.45,"y":0},"t":87,"s":[{"i":[[0,0],[0,0]],"o":[[0,0],[0,0]],"v":[[1,-1.938],[1,-2]],"c":false}]},{"i":{"x":0.833,"y":1},"o":{"x":0.45,"y":0},"t":107,"s":[{"i":[[0,0],[0,0]],"o":[[0,0],[0,0]],"v":[[1,1],[1,118]],"c":false}]},{"i":{"x":0.1,"y":1},"o":{"x":0.167,"y":0},"t":127,"s":[{"i":[[0,0],[0,0]],"o":[[0,0],[0,0]],"v":[[1,117.938],[1,118]],"c":false}]},{"i":{"x":0.1,"y":1},"o":{"x":0.45,"y":0},"t":137,"s":[{"i":[[0,0],[0,0]],"o":[[0,0],[0,0]],"v":[[1,-1.938],[1,-2]],"c":false}]},{"i":{"x":0.833,"y":1},"o":{"x":0.45,"y":0},"t":157,"s":[{"i":[[0,0],[0,0]],"o":[[0,0],[0,0]],"v":[[1,1],[1,118]],"c":false}]},{"i":{"x":0.1,"y":1},"o":{"x":0.167,"y":0},"t":177,"s":[{"i":[[0,0],[0,0]],"o":[[0,0],[0,0]],"v":[[1,117.938],[1,118]],"c":false}]},{"i":{"x":0.1,"y":1},"o":{"x":0.45,"y":0},"t":187,"s":[{"i":[[0,0],[0,0]],"o":[[0,0],[0,0]],"v":[[1,-1.938],[1,-2]],"c":false}]},{"i":{"x":0.833,"y":1},"o":{"x":0.45,"y":0},"t":207,"s":[{"i":[[0,0],[0,0]],"o":[[0,0],[0,0]],"v":[[1,1],[1,118]],"c":false}]},{"i":{"x":0.1,"y":1},"o":{"x":0.167,"y":0},"t":227,"s":[{"i":[[0,0],[0,0]],"o":[[0,0],[0,0]],"v":[[1,117.938],[1,118]],"c":false}]},{"i":{"x":0.1,"y":1},"o":{"x":0.45,"y":0},"t":237,"s":[{"i":[[0,0],[0,0]],"o":[[0,0],[0,0]],"v":[[1,-1.938],[1,-2]],"c":false}]},{"i":{"x":0.833,"y":1},"o":{"x":0.45,"y":0},"t":257,"s":[{"i":[[0,0],[0,0]],"o":[[0,0],[0,0]],"v":[[1,1],[1,118]],"c":false}]},{"t":277,"s":[{"i":[[0,0],[0,0]],"o":[[0,0],[0,0]],"v":[[1,117.938],[1,118]],"c":false}]}],"ix":2},"nm":"Path 1","mn":"ADBE Vector Shape - Group","hd":false},{"ty":"st","c":{"a":0,"k":[0.783999992819,0.830999995213,0.910000011968,1],"ix":3},"o":{"a":0,"k":100,"ix":4},"w":{"a":0,"k":2,"ix":5},"lc":1,"lj":1,"ml":10,"bm":0,"nm":"Stroke 1","mn":"ADBE Vector Graphic - Stroke","hd":false},{"ty":"tr","p":{"a":0,"k":[0,0],"ix":2},"a":{"a":0,"k":[0,0],"ix":1},"s":{"a":0,"k":[100,100],"ix":3},"r":{"a":0,"k":0,"ix":6},"o":{"a":0,"k":100,"ix":7},"sk":{"a":0,"k":0,"ix":4},"sa":{"a":0,"k":0,"ix":5},"nm":"Transform"}],"nm":"Group 1","np":2,"cix":2,"bm":0,"ix":1,"mn":"ADBE Vector Group","hd":false}],"ip":0,"op":302,"st":-13,"bm":0},{"ddd":0,"ind":6,"ty":4,"nm":"Layer 6 Outlines","sr":1,"ks":{"o":{"a":0,"k":100,"ix":11},"r":{"a":0,"k":0,"ix":10},"p":{"a":0,"k":[1295,332.5,0],"ix":2},"a":{"a":0,"k":[1,59.5,0],"ix":1},"s":{"a":0,"k":[100,100,100],"ix":6}},"ao":0,"shapes":[{"ty":"gr","it":[{"ind":0,"ty":"sh","ix":1,"ks":{"a":1,"k":[{"i":{"x":0.1,"y":1},"o":{"x":0.45,"y":0},"t":-17,"s":[{"i":[[0,0],[0,0]],"o":[[0,0],[0,0]],"v":[[1,-1.938],[1,-2]],"c":false}]},{"i":{"x":0.833,"y":1},"o":{"x":0.45,"y":0},"t":3,"s":[{"i":[[0,0],[0,0]],"o":[[0,0],[0,0]],"v":[[1,1],[1,118]],"c":false}]},{"i":{"x":0.1,"y":1},"o":{"x":0.167,"y":0},"t":23,"s":[{"i":[[0,0],[0,0]],"o":[[0,0],[0,0]],"v":[[1,117.938],[1,118]],"c":false}]},{"i":{"x":0.1,"y":1},"o":{"x":0.45,"y":0},"t":33,"s":[{"i":[[0,0],[0,0]],"o":[[0,0],[0,0]],"v":[[1,-1.938],[1,-2]],"c":false}]},{"i":{"x":0.833,"y":1},"o":{"x":0.45,"y":0},"t":53,"s":[{"i":[[0,0],[0,0]],"o":[[0,0],[0,0]],"v":[[1,1],[1,118]],"c":false}]},{"i":{"x":0.1,"y":1},"o":{"x":0.167,"y":0},"t":73,"s":[{"i":[[0,0],[0,0]],"o":[[0,0],[0,0]],"v":[[1,117.938],[1,118]],"c":false}]},{"i":{"x":0.1,"y":1},"o":{"x":0.45,"y":0},"t":83,"s":[{"i":[[0,0],[0,0]],"o":[[0,0],[0,0]],"v":[[1,-1.938],[1,-2]],"c":false}]},{"i":{"x":0.833,"y":1},"o":{"x":0.45,"y":0},"t":103,"s":[{"i":[[0,0],[0,0]],"o":[[0,0],[0,0]],"v":[[1,1],[1,118]],"c":false}]},{"i":{"x":0.1,"y":1},"o":{"x":0.167,"y":0},"t":123,"s":[{"i":[[0,0],[0,0]],"o":[[0,0],[0,0]],"v":[[1,117.938],[1,118]],"c":false}]},{"i":{"x":0.1,"y":1},"o":{"x":0.45,"y":0},"t":133,"s":[{"i":[[0,0],[0,0]],"o":[[0,0],[0,0]],"v":[[1,-1.938],[1,-2]],"c":false}]},{"i":{"x":0.833,"y":1},"o":{"x":0.45,"y":0},"t":153,"s":[{"i":[[0,0],[0,0]],"o":[[0,0],[0,0]],"v":[[1,1],[1,118]],"c":false}]},{"i":{"x":0.1,"y":1},"o":{"x":0.167,"y":0},"t":173,"s":[{"i":[[0,0],[0,0]],"o":[[0,0],[0,0]],"v":[[1,117.938],[1,118]],"c":false}]},{"i":{"x":0.1,"y":1},"o":{"x":0.45,"y":0},"t":183,"s":[{"i":[[0,0],[0,0]],"o":[[0,0],[0,0]],"v":[[1,-1.938],[1,-2]],"c":false}]},{"i":{"x":0.833,"y":1},"o":{"x":0.45,"y":0},"t":203,"s":[{"i":[[0,0],[0,0]],"o":[[0,0],[0,0]],"v":[[1,1],[1,118]],"c":false}]},{"i":{"x":0.1,"y":1},"o":{"x":0.167,"y":0},"t":223,"s":[{"i":[[0,0],[0,0]],"o":[[0,0],[0,0]],"v":[[1,117.938],[1,118]],"c":false}]},{"i":{"x":0.1,"y":1},"o":{"x":0.45,"y":0},"t":233,"s":[{"i":[[0,0],[0,0]],"o":[[0,0],[0,0]],"v":[[1,-1.938],[1,-2]],"c":false}]},{"i":{"x":0.833,"y":1},"o":{"x":0.45,"y":0},"t":253,"s":[{"i":[[0,0],[0,0]],"o":[[0,0],[0,0]],"v":[[1,1],[1,118]],"c":false}]},{"t":273,"s":[{"i":[[0,0],[0,0]],"o":[[0,0],[0,0]],"v":[[1,117.938],[1,118]],"c":false}]}],"ix":2},"nm":"Path 1","mn":"ADBE Vector Shape - Group","hd":false},{"ty":"st","c":{"a":0,"k":[0.783999992819,0.830999995213,0.910000011968,1],"ix":3},"o":{"a":0,"k":100,"ix":4},"w":{"a":0,"k":2,"ix":5},"lc":1,"lj":1,"ml":10,"bm":0,"nm":"Stroke 1","mn":"ADBE Vector Graphic - Stroke","hd":false},{"ty":"tr","p":{"a":0,"k":[0,0],"ix":2},"a":{"a":0,"k":[0,0],"ix":1},"s":{"a":0,"k":[100,100],"ix":3},"r":{"a":0,"k":0,"ix":6},"o":{"a":0,"k":100,"ix":7},"sk":{"a":0,"k":0,"ix":4},"sa":{"a":0,"k":0,"ix":5},"nm":"Transform"}],"nm":"Group 1","np":2,"cix":2,"bm":0,"ix":1,"mn":"ADBE Vector Group","hd":false}],"ip":0,"op":302,"st":-17,"bm":0},{"ddd":0,"ind":7,"ty":4,"nm":"Layer 7 Outlines","sr":1,"ks":{"o":{"a":0,"k":100,"ix":11},"r":{"a":0,"k":0,"ix":10},"p":{"a":0,"k":[1295,894.5,0],"ix":2},"a":{"a":0,"k":[1,59.5,0],"ix":1},"s":{"a":0,"k":[100,100,100],"ix":6}},"ao":0,"shapes":[{"ty":"gr","it":[{"ind":0,"ty":"sh","ix":1,"ks":{"a":1,"k":[{"i":{"x":0.1,"y":1},"o":{"x":0.45,"y":0},"t":12,"s":[{"i":[[0,0],[0,0]],"o":[[0,0],[0,0]],"v":[[1,-1.938],[1,-2]],"c":false}]},{"i":{"x":0.833,"y":1},"o":{"x":0.45,"y":0},"t":32,"s":[{"i":[[0,0],[0,0]],"o":[[0,0],[0,0]],"v":[[1,1],[1,118]],"c":false}]},{"i":{"x":0.1,"y":1},"o":{"x":0.167,"y":0},"t":52,"s":[{"i":[[0,0],[0,0]],"o":[[0,0],[0,0]],"v":[[1,117.938],[1,118]],"c":false}]},{"i":{"x":0.1,"y":1},"o":{"x":0.45,"y":0},"t":62,"s":[{"i":[[0,0],[0,0]],"o":[[0,0],[0,0]],"v":[[1,-1.938],[1,-2]],"c":false}]},{"i":{"x":0.833,"y":1},"o":{"x":0.45,"y":0},"t":82,"s":[{"i":[[0,0],[0,0]],"o":[[0,0],[0,0]],"v":[[1,1],[1,118]],"c":false}]},{"i":{"x":0.1,"y":1},"o":{"x":0.167,"y":0},"t":102,"s":[{"i":[[0,0],[0,0]],"o":[[0,0],[0,0]],"v":[[1,117.938],[1,118]],"c":false}]},{"i":{"x":0.1,"y":1},"o":{"x":0.45,"y":0},"t":112,"s":[{"i":[[0,0],[0,0]],"o":[[0,0],[0,0]],"v":[[1,-1.938],[1,-2]],"c":false}]},{"i":{"x":0.833,"y":1},"o":{"x":0.45,"y":0},"t":132,"s":[{"i":[[0,0],[0,0]],"o":[[0,0],[0,0]],"v":[[1,1],[1,118]],"c":false}]},{"i":{"x":0.1,"y":1},"o":{"x":0.167,"y":0},"t":152,"s":[{"i":[[0,0],[0,0]],"o":[[0,0],[0,0]],"v":[[1,117.938],[1,118]],"c":false}]},{"i":{"x":0.1,"y":1},"o":{"x":0.45,"y":0},"t":162,"s":[{"i":[[0,0],[0,0]],"o":[[0,0],[0,0]],"v":[[1,-1.938],[1,-2]],"c":false}]},{"i":{"x":0.833,"y":1},"o":{"x":0.45,"y":0},"t":182,"s":[{"i":[[0,0],[0,0]],"o":[[0,0],[0,0]],"v":[[1,1],[1,118]],"c":false}]},{"i":{"x":0.1,"y":1},"o":{"x":0.167,"y":0},"t":202,"s":[{"i":[[0,0],[0,0]],"o":[[0,0],[0,0]],"v":[[1,117.938],[1,118]],"c":false}]},{"i":{"x":0.1,"y":1},"o":{"x":0.45,"y":0},"t":212,"s":[{"i":[[0,0],[0,0]],"o":[[0,0],[0,0]],"v":[[1,-1.938],[1,-2]],"c":false}]},{"i":{"x":0.833,"y":1},"o":{"x":0.45,"y":0},"t":232,"s":[{"i":[[0,0],[0,0]],"o":[[0,0],[0,0]],"v":[[1,1],[1,118]],"c":false}]},{"i":{"x":0.1,"y":1},"o":{"x":0.167,"y":0},"t":252,"s":[{"i":[[0,0],[0,0]],"o":[[0,0],[0,0]],"v":[[1,117.938],[1,118]],"c":false}]},{"i":{"x":0.1,"y":1},"o":{"x":0.45,"y":0},"t":262,"s":[{"i":[[0,0],[0,0]],"o":[[0,0],[0,0]],"v":[[1,-1.938],[1,-2]],"c":false}]},{"i":{"x":0.833,"y":1},"o":{"x":0.45,"y":0},"t":282,"s":[{"i":[[0,0],[0,0]],"o":[[0,0],[0,0]],"v":[[1,1],[1,118]],"c":false}]},{"t":302,"s":[{"i":[[0,0],[0,0]],"o":[[0,0],[0,0]],"v":[[1,117.938],[1,118]],"c":false}]}],"ix":2},"nm":"Path 1","mn":"ADBE Vector Shape - Group","hd":false},{"ty":"st","c":{"a":0,"k":[0.783999992819,0.830999995213,0.910000011968,1],"ix":3},"o":{"a":0,"k":100,"ix":4},"w":{"a":0,"k":2,"ix":5},"lc":1,"lj":1,"ml":10,"bm":0,"nm":"Stroke 1","mn":"ADBE Vector Graphic - Stroke","hd":false},{"ty":"tr","p":{"a":0,"k":[0,0],"ix":2},"a":{"a":0,"k":[0,0],"ix":1},"s":{"a":0,"k":[100,100],"ix":3},"r":{"a":0,"k":0,"ix":6},"o":{"a":0,"k":100,"ix":7},"sk":{"a":0,"k":0,"ix":4},"sa":{"a":0,"k":0,"ix":5},"nm":"Transform"}],"nm":"Group 1","np":2,"cix":2,"bm":0,"ix":1,"mn":"ADBE Vector Group","hd":false}],"ip":12,"op":302,"st":12,"bm":0},{"ddd":0,"ind":8,"ty":4,"nm":"Layer 10 Outlines","sr":1,"ks":{"o":{"a":0,"k":100,"ix":11},"r":{"a":0,"k":0,"ix":10},"p":{"a":0,"k":[1219,661.5,0],"ix":2},"a":{"a":0,"k":[1,59.5,0],"ix":1},"s":{"a":0,"k":[100,100,100],"ix":6}},"ao":0,"shapes":[{"ty":"gr","it":[{"ind":0,"ty":"sh","ix":1,"ks":{"a":1,"k":[{"i":{"x":0.1,"y":1},"o":{"x":0.45,"y":0},"t":-21,"s":[{"i":[[0,0],[0,0]],"o":[[0,0],[0,0]],"v":[[1,-1.938],[1,-2]],"c":false}]},{"i":{"x":0.833,"y":1},"o":{"x":0.45,"y":0},"t":-1,"s":[{"i":[[0,0],[0,0]],"o":[[0,0],[0,0]],"v":[[1,1],[1,118]],"c":false}]},{"i":{"x":0.1,"y":1},"o":{"x":0.167,"y":0},"t":19,"s":[{"i":[[0,0],[0,0]],"o":[[0,0],[0,0]],"v":[[1,117.938],[1,118]],"c":false}]},{"i":{"x":0.1,"y":1},"o":{"x":0.45,"y":0},"t":29,"s":[{"i":[[0,0],[0,0]],"o":[[0,0],[0,0]],"v":[[1,-1.938],[1,-2]],"c":false}]},{"i":{"x":0.833,"y":1},"o":{"x":0.45,"y":0},"t":49,"s":[{"i":[[0,0],[0,0]],"o":[[0,0],[0,0]],"v":[[1,1],[1,118]],"c":false}]},{"i":{"x":0.1,"y":1},"o":{"x":0.167,"y":0},"t":69,"s":[{"i":[[0,0],[0,0]],"o":[[0,0],[0,0]],"v":[[1,117.938],[1,118]],"c":false}]},{"i":{"x":0.1,"y":1},"o":{"x":0.45,"y":0},"t":79,"s":[{"i":[[0,0],[0,0]],"o":[[0,0],[0,0]],"v":[[1,-1.938],[1,-2]],"c":false}]},{"i":{"x":0.833,"y":1},"o":{"x":0.45,"y":0},"t":99,"s":[{"i":[[0,0],[0,0]],"o":[[0,0],[0,0]],"v":[[1,1],[1,118]],"c":false}]},{"i":{"x":0.1,"y":1},"o":{"x":0.167,"y":0},"t":119,"s":[{"i":[[0,0],[0,0]],"o":[[0,0],[0,0]],"v":[[1,117.938],[1,118]],"c":false}]},{"i":{"x":0.1,"y":1},"o":{"x":0.45,"y":0},"t":129,"s":[{"i":[[0,0],[0,0]],"o":[[0,0],[0,0]],"v":[[1,-1.938],[1,-2]],"c":false}]},{"i":{"x":0.833,"y":1},"o":{"x":0.45,"y":0},"t":149,"s":[{"i":[[0,0],[0,0]],"o":[[0,0],[0,0]],"v":[[1,1],[1,118]],"c":false}]},{"i":{"x":0.1,"y":1},"o":{"x":0.167,"y":0},"t":169,"s":[{"i":[[0,0],[0,0]],"o":[[0,0],[0,0]],"v":[[1,117.938],[1,118]],"c":false}]},{"i":{"x":0.1,"y":1},"o":{"x":0.45,"y":0},"t":179,"s":[{"i":[[0,0],[0,0]],"o":[[0,0],[0,0]],"v":[[1,-1.938],[1,-2]],"c":false}]},{"i":{"x":0.833,"y":1},"o":{"x":0.45,"y":0},"t":199,"s":[{"i":[[0,0],[0,0]],"o":[[0,0],[0,0]],"v":[[1,1],[1,118]],"c":false}]},{"i":{"x":0.1,"y":1},"o":{"x":0.167,"y":0},"t":219,"s":[{"i":[[0,0],[0,0]],"o":[[0,0],[0,0]],"v":[[1,117.938],[1,118]],"c":false}]},{"i":{"x":0.1,"y":1},"o":{"x":0.45,"y":0},"t":229,"s":[{"i":[[0,0],[0,0]],"o":[[0,0],[0,0]],"v":[[1,-1.938],[1,-2]],"c":false}]},{"i":{"x":0.833,"y":1},"o":{"x":0.45,"y":0},"t":249,"s":[{"i":[[0,0],[0,0]],"o":[[0,0],[0,0]],"v":[[1,1],[1,118]],"c":false}]},{"t":269,"s":[{"i":[[0,0],[0,0]],"o":[[0,0],[0,0]],"v":[[1,117.938],[1,118]],"c":false}]}],"ix":2},"nm":"Path 1","mn":"ADBE Vector Shape - Group","hd":false},{"ty":"st","c":{"a":0,"k":[0.783999992819,0.830999995213,0.910000011968,1],"ix":3},"o":{"a":0,"k":100,"ix":4},"w":{"a":0,"k":2,"ix":5},"lc":1,"lj":1,"ml":10,"bm":0,"nm":"Stroke 1","mn":"ADBE Vector Graphic - Stroke","hd":false},{"ty":"tr","p":{"a":0,"k":[0,0],"ix":2},"a":{"a":0,"k":[0,0],"ix":1},"s":{"a":0,"k":[100,100],"ix":3},"r":{"a":0,"k":0,"ix":6},"o":{"a":0,"k":100,"ix":7},"sk":{"a":0,"k":0,"ix":4},"sa":{"a":0,"k":0,"ix":5},"nm":"Transform"}],"nm":"Group 1","np":2,"cix":2,"bm":0,"ix":1,"mn":"ADBE Vector Group","hd":false}],"ip":0,"op":302,"st":-21,"bm":0},{"ddd":0,"ind":9,"ty":4,"nm":"Layer 9 Outlines","sr":1,"ks":{"o":{"a":0,"k":100,"ix":11},"r":{"a":0,"k":0,"ix":10},"p":{"a":0,"k":[1134,858.5,0],"ix":2},"a":{"a":0,"k":[1,59.5,0],"ix":1},"s":{"a":0,"k":[100,100,100],"ix":6}},"ao":0,"shapes":[{"ty":"gr","it":[{"ind":0,"ty":"sh","ix":1,"ks":{"a":1,"k":[{"i":{"x":0.1,"y":1},"o":{"x":0.45,"y":0},"t":3,"s":[{"i":[[0,0],[0,0]],"o":[[0,0],[0,0]],"v":[[1,-1.938],[1,-2]],"c":false}]},{"i":{"x":0.833,"y":1},"o":{"x":0.45,"y":0},"t":23,"s":[{"i":[[0,0],[0,0]],"o":[[0,0],[0,0]],"v":[[1,1],[1,118]],"c":false}]},{"i":{"x":0.1,"y":1},"o":{"x":0.167,"y":0},"t":43,"s":[{"i":[[0,0],[0,0]],"o":[[0,0],[0,0]],"v":[[1,117.938],[1,118]],"c":false}]},{"i":{"x":0.1,"y":1},"o":{"x":0.45,"y":0},"t":53,"s":[{"i":[[0,0],[0,0]],"o":[[0,0],[0,0]],"v":[[1,-1.938],[1,-2]],"c":false}]},{"i":{"x":0.833,"y":1},"o":{"x":0.45,"y":0},"t":73,"s":[{"i":[[0,0],[0,0]],"o":[[0,0],[0,0]],"v":[[1,1],[1,118]],"c":false}]},{"i":{"x":0.1,"y":1},"o":{"x":0.167,"y":0},"t":93,"s":[{"i":[[0,0],[0,0]],"o":[[0,0],[0,0]],"v":[[1,117.938],[1,118]],"c":false}]},{"i":{"x":0.1,"y":1},"o":{"x":0.45,"y":0},"t":103,"s":[{"i":[[0,0],[0,0]],"o":[[0,0],[0,0]],"v":[[1,-1.938],[1,-2]],"c":false}]},{"i":{"x":0.833,"y":1},"o":{"x":0.45,"y":0},"t":123,"s":[{"i":[[0,0],[0,0]],"o":[[0,0],[0,0]],"v":[[1,1],[1,118]],"c":false}]},{"i":{"x":0.1,"y":1},"o":{"x":0.167,"y":0},"t":143,"s":[{"i":[[0,0],[0,0]],"o":[[0,0],[0,0]],"v":[[1,117.938],[1,118]],"c":false}]},{"i":{"x":0.1,"y":1},"o":{"x":0.45,"y":0},"t":153,"s":[{"i":[[0,0],[0,0]],"o":[[0,0],[0,0]],"v":[[1,-1.938],[1,-2]],"c":false}]},{"i":{"x":0.833,"y":1},"o":{"x":0.45,"y":0},"t":173,"s":[{"i":[[0,0],[0,0]],"o":[[0,0],[0,0]],"v":[[1,1],[1,118]],"c":false}]},{"i":{"x":0.1,"y":1},"o":{"x":0.167,"y":0},"t":193,"s":[{"i":[[0,0],[0,0]],"o":[[0,0],[0,0]],"v":[[1,117.938],[1,118]],"c":false}]},{"i":{"x":0.1,"y":1},"o":{"x":0.45,"y":0},"t":203,"s":[{"i":[[0,0],[0,0]],"o":[[0,0],[0,0]],"v":[[1,-1.938],[1,-2]],"c":false}]},{"i":{"x":0.833,"y":1},"o":{"x":0.45,"y":0},"t":223,"s":[{"i":[[0,0],[0,0]],"o":[[0,0],[0,0]],"v":[[1,1],[1,118]],"c":false}]},{"i":{"x":0.1,"y":1},"o":{"x":0.167,"y":0},"t":243,"s":[{"i":[[0,0],[0,0]],"o":[[0,0],[0,0]],"v":[[1,117.938],[1,118]],"c":false}]},{"i":{"x":0.1,"y":1},"o":{"x":0.45,"y":0},"t":253,"s":[{"i":[[0,0],[0,0]],"o":[[0,0],[0,0]],"v":[[1,-1.938],[1,-2]],"c":false}]},{"i":{"x":0.833,"y":1},"o":{"x":0.45,"y":0},"t":273,"s":[{"i":[[0,0],[0,0]],"o":[[0,0],[0,0]],"v":[[1,1],[1,118]],"c":false}]},{"t":293,"s":[{"i":[[0,0],[0,0]],"o":[[0,0],[0,0]],"v":[[1,117.938],[1,118]],"c":false}]}],"ix":2},"nm":"Path 1","mn":"ADBE Vector Shape - Group","hd":false},{"ty":"st","c":{"a":0,"k":[0.783999992819,0.830999995213,0.910000011968,1],"ix":3},"o":{"a":0,"k":100,"ix":4},"w":{"a":0,"k":2,"ix":5},"lc":1,"lj":1,"ml":10,"bm":0,"nm":"Stroke 1","mn":"ADBE Vector Graphic - Stroke","hd":false},{"ty":"tr","p":{"a":0,"k":[0,0],"ix":2},"a":{"a":0,"k":[0,0],"ix":1},"s":{"a":0,"k":[100,100],"ix":3},"r":{"a":0,"k":0,"ix":6},"o":{"a":0,"k":100,"ix":7},"sk":{"a":0,"k":0,"ix":4},"sa":{"a":0,"k":0,"ix":5},"nm":"Transform"}],"nm":"Group 1","np":2,"cix":2,"bm":0,"ix":1,"mn":"ADBE Vector Group","hd":false}],"ip":3,"op":302,"st":3,"bm":0},{"ddd":0,"ind":10,"ty":4,"nm":"Layer 11 Outlines","sr":1,"ks":{"o":{"a":0,"k":100,"ix":11},"r":{"a":0,"k":0,"ix":10},"p":{"a":0,"k":[1135,426.5,0],"ix":2},"a":{"a":0,"k":[1,59.5,0],"ix":1},"s":{"a":0,"k":[100,100,100],"ix":6}},"ao":0,"shapes":[{"ty":"gr","it":[{"ind":0,"ty":"sh","ix":1,"ks":{"a":1,"k":[{"i":{"x":0.1,"y":1},"o":{"x":0.45,"y":0},"t":4,"s":[{"i":[[0,0],[0,0]],"o":[[0,0],[0,0]],"v":[[1,-1.938],[1,-2]],"c":false}]},{"i":{"x":0.833,"y":1},"o":{"x":0.45,"y":0},"t":24,"s":[{"i":[[0,0],[0,0]],"o":[[0,0],[0,0]],"v":[[1,1],[1,118]],"c":false}]},{"i":{"x":0.1,"y":1},"o":{"x":0.167,"y":0},"t":44,"s":[{"i":[[0,0],[0,0]],"o":[[0,0],[0,0]],"v":[[1,117.938],[1,118]],"c":false}]},{"i":{"x":0.1,"y":1},"o":{"x":0.45,"y":0},"t":54,"s":[{"i":[[0,0],[0,0]],"o":[[0,0],[0,0]],"v":[[1,-1.938],[1,-2]],"c":false}]},{"i":{"x":0.833,"y":1},"o":{"x":0.45,"y":0},"t":74,"s":[{"i":[[0,0],[0,0]],"o":[[0,0],[0,0]],"v":[[1,1],[1,118]],"c":false}]},{"i":{"x":0.1,"y":1},"o":{"x":0.167,"y":0},"t":94,"s":[{"i":[[0,0],[0,0]],"o":[[0,0],[0,0]],"v":[[1,117.938],[1,118]],"c":false}]},{"i":{"x":0.1,"y":1},"o":{"x":0.45,"y":0},"t":104,"s":[{"i":[[0,0],[0,0]],"o":[[0,0],[0,0]],"v":[[1,-1.938],[1,-2]],"c":false}]},{"i":{"x":0.833,"y":1},"o":{"x":0.45,"y":0},"t":124,"s":[{"i":[[0,0],[0,0]],"o":[[0,0],[0,0]],"v":[[1,1],[1,118]],"c":false}]},{"i":{"x":0.1,"y":1},"o":{"x":0.167,"y":0},"t":144,"s":[{"i":[[0,0],[0,0]],"o":[[0,0],[0,0]],"v":[[1,117.938],[1,118]],"c":false}]},{"i":{"x":0.1,"y":1},"o":{"x":0.45,"y":0},"t":154,"s":[{"i":[[0,0],[0,0]],"o":[[0,0],[0,0]],"v":[[1,-1.938],[1,-2]],"c":false}]},{"i":{"x":0.833,"y":1},"o":{"x":0.45,"y":0},"t":174,"s":[{"i":[[0,0],[0,0]],"o":[[0,0],[0,0]],"v":[[1,1],[1,118]],"c":false}]},{"i":{"x":0.1,"y":1},"o":{"x":0.167,"y":0},"t":194,"s":[{"i":[[0,0],[0,0]],"o":[[0,0],[0,0]],"v":[[1,117.938],[1,118]],"c":false}]},{"i":{"x":0.1,"y":1},"o":{"x":0.45,"y":0},"t":204,"s":[{"i":[[0,0],[0,0]],"o":[[0,0],[0,0]],"v":[[1,-1.938],[1,-2]],"c":false}]},{"i":{"x":0.833,"y":1},"o":{"x":0.45,"y":0},"t":224,"s":[{"i":[[0,0],[0,0]],"o":[[0,0],[0,0]],"v":[[1,1],[1,118]],"c":false}]},{"i":{"x":0.1,"y":1},"o":{"x":0.167,"y":0},"t":244,"s":[{"i":[[0,0],[0,0]],"o":[[0,0],[0,0]],"v":[[1,117.938],[1,118]],"c":false}]},{"i":{"x":0.1,"y":1},"o":{"x":0.45,"y":0},"t":254,"s":[{"i":[[0,0],[0,0]],"o":[[0,0],[0,0]],"v":[[1,-1.938],[1,-2]],"c":false}]},{"i":{"x":0.833,"y":1},"o":{"x":0.45,"y":0},"t":274,"s":[{"i":[[0,0],[0,0]],"o":[[0,0],[0,0]],"v":[[1,1],[1,118]],"c":false}]},{"i":{"x":0.1,"y":1},"o":{"x":0.167,"y":0},"t":294,"s":[{"i":[[0,0],[0,0]],"o":[[0,0],[0,0]],"v":[[1,117.938],[1,118]],"c":false}]},{"i":{"x":0.1,"y":1},"o":{"x":0.45,"y":0},"t":304,"s":[{"i":[[0,0],[0,0]],"o":[[0,0],[0,0]],"v":[[1,-1.938],[1,-2]],"c":false}]},{"i":{"x":0.833,"y":1},"o":{"x":0.45,"y":0},"t":324,"s":[{"i":[[0,0],[0,0]],"o":[[0,0],[0,0]],"v":[[1,1],[1,118]],"c":false}]},{"t":344,"s":[{"i":[[0,0],[0,0]],"o":[[0,0],[0,0]],"v":[[1,117.938],[1,118]],"c":false}]}],"ix":2},"nm":"Path 1","mn":"ADBE Vector Shape - Group","hd":false},{"ty":"st","c":{"a":0,"k":[0.783999992819,0.830999995213,0.910000011968,1],"ix":3},"o":{"a":0,"k":100,"ix":4},"w":{"a":0,"k":2,"ix":5},"lc":1,"lj":1,"ml":10,"bm":0,"nm":"Stroke 1","mn":"ADBE Vector Graphic - Stroke","hd":false},{"ty":"tr","p":{"a":0,"k":[0,0],"ix":2},"a":{"a":0,"k":[0,0],"ix":1},"s":{"a":0,"k":[100,100],"ix":3},"r":{"a":0,"k":0,"ix":6},"o":{"a":0,"k":100,"ix":7},"sk":{"a":0,"k":0,"ix":4},"sa":{"a":0,"k":0,"ix":5},"nm":"Transform"}],"nm":"Group 1","np":2,"cix":2,"bm":0,"ix":1,"mn":"ADBE Vector Group","hd":false}],"ip":4,"op":302,"st":4,"bm":0},{"ddd":0,"ind":11,"ty":4,"nm":"Layer 12 Outlines","sr":1,"ks":{"o":{"a":0,"k":100,"ix":11},"r":{"a":0,"k":0,"ix":10},"p":{"a":0,"k":[1219,273.5,0],"ix":2},"a":{"a":0,"k":[1,59.5,0],"ix":1},"s":{"a":0,"k":[100,100,100],"ix":6}},"ao":0,"shapes":[{"ty":"gr","it":[{"ind":0,"ty":"sh","ix":1,"ks":{"a":1,"k":[{"i":{"x":0.1,"y":1},"o":{"x":0.45,"y":0},"t":1,"s":[{"i":[[0,0],[0,0]],"o":[[0,0],[0,0]],"v":[[1,-1.938],[1,-2]],"c":false}]},{"i":{"x":0.833,"y":1},"o":{"x":0.45,"y":0},"t":21,"s":[{"i":[[0,0],[0,0]],"o":[[0,0],[0,0]],"v":[[1,1],[1,118]],"c":false}]},{"i":{"x":0.1,"y":1},"o":{"x":0.167,"y":0},"t":41,"s":[{"i":[[0,0],[0,0]],"o":[[0,0],[0,0]],"v":[[1,117.938],[1,118]],"c":false}]},{"i":{"x":0.1,"y":1},"o":{"x":0.45,"y":0},"t":51,"s":[{"i":[[0,0],[0,0]],"o":[[0,0],[0,0]],"v":[[1,-1.938],[1,-2]],"c":false}]},{"i":{"x":0.833,"y":1},"o":{"x":0.45,"y":0},"t":71,"s":[{"i":[[0,0],[0,0]],"o":[[0,0],[0,0]],"v":[[1,1],[1,118]],"c":false}]},{"i":{"x":0.1,"y":1},"o":{"x":0.167,"y":0},"t":91,"s":[{"i":[[0,0],[0,0]],"o":[[0,0],[0,0]],"v":[[1,117.938],[1,118]],"c":false}]},{"i":{"x":0.1,"y":1},"o":{"x":0.45,"y":0},"t":101,"s":[{"i":[[0,0],[0,0]],"o":[[0,0],[0,0]],"v":[[1,-1.938],[1,-2]],"c":false}]},{"i":{"x":0.833,"y":1},"o":{"x":0.45,"y":0},"t":121,"s":[{"i":[[0,0],[0,0]],"o":[[0,0],[0,0]],"v":[[1,1],[1,118]],"c":false}]},{"i":{"x":0.1,"y":1},"o":{"x":0.167,"y":0},"t":141,"s":[{"i":[[0,0],[0,0]],"o":[[0,0],[0,0]],"v":[[1,117.938],[1,118]],"c":false}]},{"i":{"x":0.1,"y":1},"o":{"x":0.45,"y":0},"t":151,"s":[{"i":[[0,0],[0,0]],"o":[[0,0],[0,0]],"v":[[1,-1.938],[1,-2]],"c":false}]},{"i":{"x":0.833,"y":1},"o":{"x":0.45,"y":0},"t":171,"s":[{"i":[[0,0],[0,0]],"o":[[0,0],[0,0]],"v":[[1,1],[1,118]],"c":false}]},{"i":{"x":0.1,"y":1},"o":{"x":0.167,"y":0},"t":191,"s":[{"i":[[0,0],[0,0]],"o":[[0,0],[0,0]],"v":[[1,117.938],[1,118]],"c":false}]},{"i":{"x":0.1,"y":1},"o":{"x":0.45,"y":0},"t":201,"s":[{"i":[[0,0],[0,0]],"o":[[0,0],[0,0]],"v":[[1,-1.938],[1,-2]],"c":false}]},{"i":{"x":0.833,"y":1},"o":{"x":0.45,"y":0},"t":221,"s":[{"i":[[0,0],[0,0]],"o":[[0,0],[0,0]],"v":[[1,1],[1,118]],"c":false}]},{"i":{"x":0.1,"y":1},"o":{"x":0.167,"y":0},"t":241,"s":[{"i":[[0,0],[0,0]],"o":[[0,0],[0,0]],"v":[[1,117.938],[1,118]],"c":false}]},{"i":{"x":0.1,"y":1},"o":{"x":0.45,"y":0},"t":251,"s":[{"i":[[0,0],[0,0]],"o":[[0,0],[0,0]],"v":[[1,-1.938],[1,-2]],"c":false}]},{"i":{"x":0.833,"y":1},"o":{"x":0.45,"y":0},"t":271,"s":[{"i":[[0,0],[0,0]],"o":[[0,0],[0,0]],"v":[[1,1],[1,118]],"c":false}]},{"i":{"x":0.1,"y":1},"o":{"x":0.167,"y":0},"t":291,"s":[{"i":[[0,0],[0,0]],"o":[[0,0],[0,0]],"v":[[1,117.938],[1,118]],"c":false}]},{"i":{"x":0.1,"y":1},"o":{"x":0.45,"y":0},"t":301,"s":[{"i":[[0,0],[0,0]],"o":[[0,0],[0,0]],"v":[[1,-1.938],[1,-2]],"c":false}]},{"i":{"x":0.833,"y":1},"o":{"x":0.45,"y":0},"t":321,"s":[{"i":[[0,0],[0,0]],"o":[[0,0],[0,0]],"v":[[1,1],[1,118]],"c":false}]},{"t":341,"s":[{"i":[[0,0],[0,0]],"o":[[0,0],[0,0]],"v":[[1,117.938],[1,118]],"c":false}]}],"ix":2},"nm":"Path 1","mn":"ADBE Vector Shape - Group","hd":false},{"ty":"st","c":{"a":0,"k":[0.783999992819,0.830999995213,0.910000011968,1],"ix":3},"o":{"a":0,"k":100,"ix":4},"w":{"a":0,"k":2,"ix":5},"lc":1,"lj":1,"ml":10,"bm":0,"nm":"Stroke 1","mn":"ADBE Vector Graphic - Stroke","hd":false},{"ty":"tr","p":{"a":0,"k":[0,0],"ix":2},"a":{"a":0,"k":[0,0],"ix":1},"s":{"a":0,"k":[100,100],"ix":3},"r":{"a":0,"k":0,"ix":6},"o":{"a":0,"k":100,"ix":7},"sk":{"a":0,"k":0,"ix":4},"sa":{"a":0,"k":0,"ix":5},"nm":"Transform"}],"nm":"Group 1","np":2,"cix":2,"bm":0,"ix":1,"mn":"ADBE Vector Group","hd":false}],"ip":1,"op":302,"st":1,"bm":0},{"ddd":0,"ind":12,"ty":4,"nm":"Layer 13 Outlines","sr":1,"ks":{"o":{"a":0,"k":100,"ix":11},"r":{"a":0,"k":0,"ix":10},"p":{"a":0,"k":[1059,282.5,0],"ix":2},"a":{"a":0,"k":[1,59.5,0],"ix":1},"s":{"a":0,"k":[100,100,100],"ix":6}},"ao":0,"shapes":[{"ty":"gr","it":[{"ind":0,"ty":"sh","ix":1,"ks":{"a":1,"k":[{"i":{"x":0.1,"y":1},"o":{"x":0.45,"y":0},"t":-20,"s":[{"i":[[0,0],[0,0]],"o":[[0,0],[0,0]],"v":[[1,-1.938],[1,-2]],"c":false}]},{"i":{"x":0.833,"y":1},"o":{"x":0.45,"y":0},"t":0,"s":[{"i":[[0,0],[0,0]],"o":[[0,0],[0,0]],"v":[[1,1],[1,118]],"c":false}]},{"i":{"x":0.1,"y":1},"o":{"x":0.167,"y":0},"t":20,"s":[{"i":[[0,0],[0,0]],"o":[[0,0],[0,0]],"v":[[1,117.938],[1,118]],"c":false}]},{"i":{"x":0.1,"y":1},"o":{"x":0.45,"y":0},"t":30,"s":[{"i":[[0,0],[0,0]],"o":[[0,0],[0,0]],"v":[[1,-1.938],[1,-2]],"c":false}]},{"i":{"x":0.833,"y":1},"o":{"x":0.45,"y":0},"t":50,"s":[{"i":[[0,0],[0,0]],"o":[[0,0],[0,0]],"v":[[1,1],[1,118]],"c":false}]},{"i":{"x":0.1,"y":1},"o":{"x":0.167,"y":0},"t":70,"s":[{"i":[[0,0],[0,0]],"o":[[0,0],[0,0]],"v":[[1,117.938],[1,118]],"c":false}]},{"i":{"x":0.1,"y":1},"o":{"x":0.45,"y":0},"t":80,"s":[{"i":[[0,0],[0,0]],"o":[[0,0],[0,0]],"v":[[1,-1.938],[1,-2]],"c":false}]},{"i":{"x":0.833,"y":1},"o":{"x":0.45,"y":0},"t":100,"s":[{"i":[[0,0],[0,0]],"o":[[0,0],[0,0]],"v":[[1,1],[1,118]],"c":false}]},{"i":{"x":0.1,"y":1},"o":{"x":0.167,"y":0},"t":120,"s":[{"i":[[0,0],[0,0]],"o":[[0,0],[0,0]],"v":[[1,117.938],[1,118]],"c":false}]},{"i":{"x":0.1,"y":1},"o":{"x":0.45,"y":0},"t":130,"s":[{"i":[[0,0],[0,0]],"o":[[0,0],[0,0]],"v":[[1,-1.938],[1,-2]],"c":false}]},{"i":{"x":0.833,"y":1},"o":{"x":0.45,"y":0},"t":150,"s":[{"i":[[0,0],[0,0]],"o":[[0,0],[0,0]],"v":[[1,1],[1,118]],"c":false}]},{"i":{"x":0.1,"y":1},"o":{"x":0.167,"y":0},"t":170,"s":[{"i":[[0,0],[0,0]],"o":[[0,0],[0,0]],"v":[[1,117.938],[1,118]],"c":false}]},{"i":{"x":0.1,"y":1},"o":{"x":0.45,"y":0},"t":180,"s":[{"i":[[0,0],[0,0]],"o":[[0,0],[0,0]],"v":[[1,-1.938],[1,-2]],"c":false}]},{"i":{"x":0.833,"y":1},"o":{"x":0.45,"y":0},"t":200,"s":[{"i":[[0,0],[0,0]],"o":[[0,0],[0,0]],"v":[[1,1],[1,118]],"c":false}]},{"i":{"x":0.1,"y":1},"o":{"x":0.167,"y":0},"t":220,"s":[{"i":[[0,0],[0,0]],"o":[[0,0],[0,0]],"v":[[1,117.938],[1,118]],"c":false}]},{"i":{"x":0.1,"y":1},"o":{"x":0.45,"y":0},"t":230,"s":[{"i":[[0,0],[0,0]],"o":[[0,0],[0,0]],"v":[[1,-1.938],[1,-2]],"c":false}]},{"i":{"x":0.833,"y":1},"o":{"x":0.45,"y":0},"t":250,"s":[{"i":[[0,0],[0,0]],"o":[[0,0],[0,0]],"v":[[1,1],[1,118]],"c":false}]},{"i":{"x":0.1,"y":1},"o":{"x":0.167,"y":0},"t":270,"s":[{"i":[[0,0],[0,0]],"o":[[0,0],[0,0]],"v":[[1,117.938],[1,118]],"c":false}]},{"i":{"x":0.1,"y":1},"o":{"x":0.45,"y":0},"t":280,"s":[{"i":[[0,0],[0,0]],"o":[[0,0],[0,0]],"v":[[1,-1.938],[1,-2]],"c":false}]},{"i":{"x":0.833,"y":1},"o":{"x":0.45,"y":0},"t":300,"s":[{"i":[[0,0],[0,0]],"o":[[0,0],[0,0]],"v":[[1,1],[1,118]],"c":false}]},{"t":320,"s":[{"i":[[0,0],[0,0]],"o":[[0,0],[0,0]],"v":[[1,117.938],[1,118]],"c":false}]}],"ix":2},"nm":"Path 1","mn":"ADBE Vector Shape - Group","hd":false},{"ty":"st","c":{"a":0,"k":[0.783999992819,0.830999995213,0.910000011968,1],"ix":3},"o":{"a":0,"k":100,"ix":4},"w":{"a":0,"k":2,"ix":5},"lc":1,"lj":1,"ml":10,"bm":0,"nm":"Stroke 1","mn":"ADBE Vector Graphic - Stroke","hd":false},{"ty":"tr","p":{"a":0,"k":[0,0],"ix":2},"a":{"a":0,"k":[0,0],"ix":1},"s":{"a":0,"k":[100,100],"ix":3},"r":{"a":0,"k":0,"ix":6},"o":{"a":0,"k":100,"ix":7},"sk":{"a":0,"k":0,"ix":4},"sa":{"a":0,"k":0,"ix":5},"nm":"Transform"}],"nm":"Group 1","np":2,"cix":2,"bm":0,"ix":1,"mn":"ADBE Vector Group","hd":false}],"ip":0,"op":302,"st":-20,"bm":0},{"ddd":0,"ind":13,"ty":4,"nm":"Layer 14 Outlines","sr":1,"ks":{"o":{"a":0,"k":100,"ix":11},"r":{"a":0,"k":0,"ix":10},"p":{"a":0,"k":[915,299.5,0],"ix":2},"a":{"a":0,"k":[1,59.5,0],"ix":1},"s":{"a":0,"k":[100,100,100],"ix":6}},"ao":0,"shapes":[{"ty":"gr","it":[{"ind":0,"ty":"sh","ix":1,"ks":{"a":1,"k":[{"i":{"x":0.1,"y":1},"o":{"x":0.45,"y":0},"t":-1,"s":[{"i":[[0,0],[0,0]],"o":[[0,0],[0,0]],"v":[[1,-1.938],[1,-2]],"c":false}]},{"i":{"x":0.833,"y":1},"o":{"x":0.45,"y":0},"t":19,"s":[{"i":[[0,0],[0,0]],"o":[[0,0],[0,0]],"v":[[1,1],[1,118]],"c":false}]},{"i":{"x":0.1,"y":1},"o":{"x":0.167,"y":0},"t":39,"s":[{"i":[[0,0],[0,0]],"o":[[0,0],[0,0]],"v":[[1,117.938],[1,118]],"c":false}]},{"i":{"x":0.1,"y":1},"o":{"x":0.45,"y":0},"t":49,"s":[{"i":[[0,0],[0,0]],"o":[[0,0],[0,0]],"v":[[1,-1.938],[1,-2]],"c":false}]},{"i":{"x":0.833,"y":1},"o":{"x":0.45,"y":0},"t":69,"s":[{"i":[[0,0],[0,0]],"o":[[0,0],[0,0]],"v":[[1,1],[1,118]],"c":false}]},{"i":{"x":0.1,"y":1},"o":{"x":0.167,"y":0},"t":89,"s":[{"i":[[0,0],[0,0]],"o":[[0,0],[0,0]],"v":[[1,117.938],[1,118]],"c":false}]},{"i":{"x":0.1,"y":1},"o":{"x":0.45,"y":0},"t":99,"s":[{"i":[[0,0],[0,0]],"o":[[0,0],[0,0]],"v":[[1,-1.938],[1,-2]],"c":false}]},{"i":{"x":0.833,"y":1},"o":{"x":0.45,"y":0},"t":119,"s":[{"i":[[0,0],[0,0]],"o":[[0,0],[0,0]],"v":[[1,1],[1,118]],"c":false}]},{"i":{"x":0.1,"y":1},"o":{"x":0.167,"y":0},"t":139,"s":[{"i":[[0,0],[0,0]],"o":[[0,0],[0,0]],"v":[[1,117.938],[1,118]],"c":false}]},{"i":{"x":0.1,"y":1},"o":{"x":0.45,"y":0},"t":149,"s":[{"i":[[0,0],[0,0]],"o":[[0,0],[0,0]],"v":[[1,-1.938],[1,-2]],"c":false}]},{"i":{"x":0.833,"y":1},"o":{"x":0.45,"y":0},"t":169,"s":[{"i":[[0,0],[0,0]],"o":[[0,0],[0,0]],"v":[[1,1],[1,118]],"c":false}]},{"i":{"x":0.1,"y":1},"o":{"x":0.167,"y":0},"t":189,"s":[{"i":[[0,0],[0,0]],"o":[[0,0],[0,0]],"v":[[1,117.938],[1,118]],"c":false}]},{"i":{"x":0.1,"y":1},"o":{"x":0.45,"y":0},"t":199,"s":[{"i":[[0,0],[0,0]],"o":[[0,0],[0,0]],"v":[[1,-1.938],[1,-2]],"c":false}]},{"i":{"x":0.833,"y":1},"o":{"x":0.45,"y":0},"t":219,"s":[{"i":[[0,0],[0,0]],"o":[[0,0],[0,0]],"v":[[1,1],[1,118]],"c":false}]},{"i":{"x":0.1,"y":1},"o":{"x":0.167,"y":0},"t":239,"s":[{"i":[[0,0],[0,0]],"o":[[0,0],[0,0]],"v":[[1,117.938],[1,118]],"c":false}]},{"i":{"x":0.1,"y":1},"o":{"x":0.45,"y":0},"t":249,"s":[{"i":[[0,0],[0,0]],"o":[[0,0],[0,0]],"v":[[1,-1.938],[1,-2]],"c":false}]},{"i":{"x":0.833,"y":1},"o":{"x":0.45,"y":0},"t":269,"s":[{"i":[[0,0],[0,0]],"o":[[0,0],[0,0]],"v":[[1,1],[1,118]],"c":false}]},{"i":{"x":0.1,"y":1},"o":{"x":0.167,"y":0},"t":289,"s":[{"i":[[0,0],[0,0]],"o":[[0,0],[0,0]],"v":[[1,117.938],[1,118]],"c":false}]},{"i":{"x":0.1,"y":1},"o":{"x":0.45,"y":0},"t":299,"s":[{"i":[[0,0],[0,0]],"o":[[0,0],[0,0]],"v":[[1,-1.938],[1,-2]],"c":false}]},{"i":{"x":0.833,"y":1},"o":{"x":0.45,"y":0},"t":319,"s":[{"i":[[0,0],[0,0]],"o":[[0,0],[0,0]],"v":[[1,1],[1,118]],"c":false}]},{"t":339,"s":[{"i":[[0,0],[0,0]],"o":[[0,0],[0,0]],"v":[[1,117.938],[1,118]],"c":false}]}],"ix":2},"nm":"Path 1","mn":"ADBE Vector Shape - Group","hd":false},{"ty":"st","c":{"a":0,"k":[0.783999992819,0.830999995213,0.910000011968,1],"ix":3},"o":{"a":0,"k":100,"ix":4},"w":{"a":0,"k":2,"ix":5},"lc":1,"lj":1,"ml":10,"bm":0,"nm":"Stroke 1","mn":"ADBE Vector Graphic - Stroke","hd":false},{"ty":"tr","p":{"a":0,"k":[0,0],"ix":2},"a":{"a":0,"k":[0,0],"ix":1},"s":{"a":0,"k":[100,100],"ix":3},"r":{"a":0,"k":0,"ix":6},"o":{"a":0,"k":100,"ix":7},"sk":{"a":0,"k":0,"ix":4},"sa":{"a":0,"k":0,"ix":5},"nm":"Transform"}],"nm":"Group 1","np":2,"cix":2,"bm":0,"ix":1,"mn":"ADBE Vector Group","hd":false}],"ip":0,"op":302,"st":-1,"bm":0},{"ddd":0,"ind":14,"ty":4,"nm":"Layer 15 Outlines","sr":1,"ks":{"o":{"a":0,"k":100,"ix":11},"r":{"a":0,"k":0,"ix":10},"p":{"a":0,"k":[812,446.5,0],"ix":2},"a":{"a":0,"k":[1,59.5,0],"ix":1},"s":{"a":0,"k":[100,100,100],"ix":6}},"ao":0,"shapes":[{"ty":"gr","it":[{"ind":0,"ty":"sh","ix":1,"ks":{"a":1,"k":[{"i":{"x":0.1,"y":1},"o":{"x":0.45,"y":0},"t":1,"s":[{"i":[[0,0],[0,0]],"o":[[0,0],[0,0]],"v":[[1,-1.938],[1,-2]],"c":false}]},{"i":{"x":0.833,"y":1},"o":{"x":0.45,"y":0},"t":21,"s":[{"i":[[0,0],[0,0]],"o":[[0,0],[0,0]],"v":[[1,1],[1,118]],"c":false}]},{"i":{"x":0.1,"y":1},"o":{"x":0.167,"y":0},"t":41,"s":[{"i":[[0,0],[0,0]],"o":[[0,0],[0,0]],"v":[[1,117.938],[1,118]],"c":false}]},{"i":{"x":0.1,"y":1},"o":{"x":0.45,"y":0},"t":51,"s":[{"i":[[0,0],[0,0]],"o":[[0,0],[0,0]],"v":[[1,-1.938],[1,-2]],"c":false}]},{"i":{"x":0.833,"y":1},"o":{"x":0.45,"y":0},"t":71,"s":[{"i":[[0,0],[0,0]],"o":[[0,0],[0,0]],"v":[[1,1],[1,118]],"c":false}]},{"i":{"x":0.1,"y":1},"o":{"x":0.167,"y":0},"t":91,"s":[{"i":[[0,0],[0,0]],"o":[[0,0],[0,0]],"v":[[1,117.938],[1,118]],"c":false}]},{"i":{"x":0.1,"y":1},"o":{"x":0.45,"y":0},"t":101,"s":[{"i":[[0,0],[0,0]],"o":[[0,0],[0,0]],"v":[[1,-1.938],[1,-2]],"c":false}]},{"i":{"x":0.833,"y":1},"o":{"x":0.45,"y":0},"t":121,"s":[{"i":[[0,0],[0,0]],"o":[[0,0],[0,0]],"v":[[1,1],[1,118]],"c":false}]},{"i":{"x":0.1,"y":1},"o":{"x":0.167,"y":0},"t":141,"s":[{"i":[[0,0],[0,0]],"o":[[0,0],[0,0]],"v":[[1,117.938],[1,118]],"c":false}]},{"i":{"x":0.1,"y":1},"o":{"x":0.45,"y":0},"t":151,"s":[{"i":[[0,0],[0,0]],"o":[[0,0],[0,0]],"v":[[1,-1.938],[1,-2]],"c":false}]},{"i":{"x":0.833,"y":1},"o":{"x":0.45,"y":0},"t":171,"s":[{"i":[[0,0],[0,0]],"o":[[0,0],[0,0]],"v":[[1,1],[1,118]],"c":false}]},{"i":{"x":0.1,"y":1},"o":{"x":0.167,"y":0},"t":191,"s":[{"i":[[0,0],[0,0]],"o":[[0,0],[0,0]],"v":[[1,117.938],[1,118]],"c":false}]},{"i":{"x":0.1,"y":1},"o":{"x":0.45,"y":0},"t":201,"s":[{"i":[[0,0],[0,0]],"o":[[0,0],[0,0]],"v":[[1,-1.938],[1,-2]],"c":false}]},{"i":{"x":0.833,"y":1},"o":{"x":0.45,"y":0},"t":221,"s":[{"i":[[0,0],[0,0]],"o":[[0,0],[0,0]],"v":[[1,1],[1,118]],"c":false}]},{"i":{"x":0.1,"y":1},"o":{"x":0.167,"y":0},"t":241,"s":[{"i":[[0,0],[0,0]],"o":[[0,0],[0,0]],"v":[[1,117.938],[1,118]],"c":false}]},{"i":{"x":0.1,"y":1},"o":{"x":0.45,"y":0},"t":251,"s":[{"i":[[0,0],[0,0]],"o":[[0,0],[0,0]],"v":[[1,-1.938],[1,-2]],"c":false}]},{"i":{"x":0.833,"y":1},"o":{"x":0.45,"y":0},"t":271,"s":[{"i":[[0,0],[0,0]],"o":[[0,0],[0,0]],"v":[[1,1],[1,118]],"c":false}]},{"i":{"x":0.1,"y":1},"o":{"x":0.167,"y":0},"t":291,"s":[{"i":[[0,0],[0,0]],"o":[[0,0],[0,0]],"v":[[1,117.938],[1,118]],"c":false}]},{"i":{"x":0.1,"y":1},"o":{"x":0.45,"y":0},"t":301,"s":[{"i":[[0,0],[0,0]],"o":[[0,0],[0,0]],"v":[[1,-1.938],[1,-2]],"c":false}]},{"i":{"x":0.833,"y":1},"o":{"x":0.45,"y":0},"t":321,"s":[{"i":[[0,0],[0,0]],"o":[[0,0],[0,0]],"v":[[1,1],[1,118]],"c":false}]},{"t":341,"s":[{"i":[[0,0],[0,0]],"o":[[0,0],[0,0]],"v":[[1,117.938],[1,118]],"c":false}]}],"ix":2},"nm":"Path 1","mn":"ADBE Vector Shape - Group","hd":false},{"ty":"st","c":{"a":0,"k":[0.783999992819,0.830999995213,0.910000011968,1],"ix":3},"o":{"a":0,"k":100,"ix":4},"w":{"a":0,"k":2,"ix":5},"lc":1,"lj":1,"ml":10,"bm":0,"nm":"Stroke 1","mn":"ADBE Vector Graphic - Stroke","hd":false},{"ty":"tr","p":{"a":0,"k":[0,0],"ix":2},"a":{"a":0,"k":[0,0],"ix":1},"s":{"a":0,"k":[100,100],"ix":3},"r":{"a":0,"k":0,"ix":6},"o":{"a":0,"k":100,"ix":7},"sk":{"a":0,"k":0,"ix":4},"sa":{"a":0,"k":0,"ix":5},"nm":"Transform"}],"nm":"Group 1","np":2,"cix":2,"bm":0,"ix":1,"mn":"ADBE Vector Group","hd":false}],"ip":1,"op":302,"st":1,"bm":0},{"ddd":0,"ind":15,"ty":4,"nm":"Layer 16 Outlines","sr":1,"ks":{"o":{"a":0,"k":100,"ix":11},"r":{"a":0,"k":0,"ix":10},"p":{"a":0,"k":[811,738.5,0],"ix":2},"a":{"a":0,"k":[1,59.5,0],"ix":1},"s":{"a":0,"k":[100,100,100],"ix":6}},"ao":0,"shapes":[{"ty":"gr","it":[{"ind":0,"ty":"sh","ix":1,"ks":{"a":1,"k":[{"i":{"x":0.1,"y":1},"o":{"x":0.45,"y":0},"t":-4,"s":[{"i":[[0,0],[0,0]],"o":[[0,0],[0,0]],"v":[[1,-1.938],[1,-2]],"c":false}]},{"i":{"x":0.833,"y":1},"o":{"x":0.45,"y":0},"t":16,"s":[{"i":[[0,0],[0,0]],"o":[[0,0],[0,0]],"v":[[1,1],[1,118]],"c":false}]},{"i":{"x":0.1,"y":1},"o":{"x":0.167,"y":0},"t":36,"s":[{"i":[[0,0],[0,0]],"o":[[0,0],[0,0]],"v":[[1,117.938],[1,118]],"c":false}]},{"i":{"x":0.1,"y":1},"o":{"x":0.45,"y":0},"t":46,"s":[{"i":[[0,0],[0,0]],"o":[[0,0],[0,0]],"v":[[1,-1.938],[1,-2]],"c":false}]},{"i":{"x":0.833,"y":1},"o":{"x":0.45,"y":0},"t":66,"s":[{"i":[[0,0],[0,0]],"o":[[0,0],[0,0]],"v":[[1,1],[1,118]],"c":false}]},{"i":{"x":0.1,"y":1},"o":{"x":0.167,"y":0},"t":86,"s":[{"i":[[0,0],[0,0]],"o":[[0,0],[0,0]],"v":[[1,117.938],[1,118]],"c":false}]},{"i":{"x":0.1,"y":1},"o":{"x":0.45,"y":0},"t":96,"s":[{"i":[[0,0],[0,0]],"o":[[0,0],[0,0]],"v":[[1,-1.938],[1,-2]],"c":false}]},{"i":{"x":0.833,"y":1},"o":{"x":0.45,"y":0},"t":116,"s":[{"i":[[0,0],[0,0]],"o":[[0,0],[0,0]],"v":[[1,1],[1,118]],"c":false}]},{"i":{"x":0.1,"y":1},"o":{"x":0.167,"y":0},"t":136,"s":[{"i":[[0,0],[0,0]],"o":[[0,0],[0,0]],"v":[[1,117.938],[1,118]],"c":false}]},{"i":{"x":0.1,"y":1},"o":{"x":0.45,"y":0},"t":146,"s":[{"i":[[0,0],[0,0]],"o":[[0,0],[0,0]],"v":[[1,-1.938],[1,-2]],"c":false}]},{"i":{"x":0.833,"y":1},"o":{"x":0.45,"y":0},"t":166,"s":[{"i":[[0,0],[0,0]],"o":[[0,0],[0,0]],"v":[[1,1],[1,118]],"c":false}]},{"i":{"x":0.1,"y":1},"o":{"x":0.167,"y":0},"t":186,"s":[{"i":[[0,0],[0,0]],"o":[[0,0],[0,0]],"v":[[1,117.938],[1,118]],"c":false}]},{"i":{"x":0.1,"y":1},"o":{"x":0.45,"y":0},"t":196,"s":[{"i":[[0,0],[0,0]],"o":[[0,0],[0,0]],"v":[[1,-1.938],[1,-2]],"c":false}]},{"i":{"x":0.833,"y":1},"o":{"x":0.45,"y":0},"t":216,"s":[{"i":[[0,0],[0,0]],"o":[[0,0],[0,0]],"v":[[1,1],[1,118]],"c":false}]},{"i":{"x":0.1,"y":1},"o":{"x":0.167,"y":0},"t":236,"s":[{"i":[[0,0],[0,0]],"o":[[0,0],[0,0]],"v":[[1,117.938],[1,118]],"c":false}]},{"i":{"x":0.1,"y":1},"o":{"x":0.45,"y":0},"t":246,"s":[{"i":[[0,0],[0,0]],"o":[[0,0],[0,0]],"v":[[1,-1.938],[1,-2]],"c":false}]},{"i":{"x":0.833,"y":1},"o":{"x":0.45,"y":0},"t":266,"s":[{"i":[[0,0],[0,0]],"o":[[0,0],[0,0]],"v":[[1,1],[1,118]],"c":false}]},{"i":{"x":0.1,"y":1},"o":{"x":0.167,"y":0},"t":286,"s":[{"i":[[0,0],[0,0]],"o":[[0,0],[0,0]],"v":[[1,117.938],[1,118]],"c":false}]},{"i":{"x":0.1,"y":1},"o":{"x":0.45,"y":0},"t":296,"s":[{"i":[[0,0],[0,0]],"o":[[0,0],[0,0]],"v":[[1,-1.938],[1,-2]],"c":false}]},{"i":{"x":0.833,"y":1},"o":{"x":0.45,"y":0},"t":316,"s":[{"i":[[0,0],[0,0]],"o":[[0,0],[0,0]],"v":[[1,1],[1,118]],"c":false}]},{"t":336,"s":[{"i":[[0,0],[0,0]],"o":[[0,0],[0,0]],"v":[[1,117.938],[1,118]],"c":false}]}],"ix":2},"nm":"Path 1","mn":"ADBE Vector Shape - Group","hd":false},{"ty":"st","c":{"a":0,"k":[0.783999992819,0.830999995213,0.910000011968,1],"ix":3},"o":{"a":0,"k":100,"ix":4},"w":{"a":0,"k":2,"ix":5},"lc":1,"lj":1,"ml":10,"bm":0,"nm":"Stroke 1","mn":"ADBE Vector Graphic - Stroke","hd":false},{"ty":"tr","p":{"a":0,"k":[0,0],"ix":2},"a":{"a":0,"k":[0,0],"ix":1},"s":{"a":0,"k":[100,100],"ix":3},"r":{"a":0,"k":0,"ix":6},"o":{"a":0,"k":100,"ix":7},"sk":{"a":0,"k":0,"ix":4},"sa":{"a":0,"k":0,"ix":5},"nm":"Transform"}],"nm":"Group 1","np":2,"cix":2,"bm":0,"ix":1,"mn":"ADBE Vector Group","hd":false}],"ip":0,"op":302,"st":-4,"bm":0},{"ddd":0,"ind":16,"ty":4,"nm":"Layer 18 Outlines","sr":1,"ks":{"o":{"a":0,"k":100,"ix":11},"r":{"a":0,"k":0,"ix":10},"p":{"a":0,"k":[644,902.5,0],"ix":2},"a":{"a":0,"k":[1,59.5,0],"ix":1},"s":{"a":0,"k":[100,100,100],"ix":6}},"ao":0,"shapes":[{"ty":"gr","it":[{"ind":0,"ty":"sh","ix":1,"ks":{"a":1,"k":[{"i":{"x":0.1,"y":1},"o":{"x":0.45,"y":0},"t":0,"s":[{"i":[[0,0],[0,0]],"o":[[0,0],[0,0]],"v":[[1,-1.938],[1,-2]],"c":false}]},{"i":{"x":0.833,"y":1},"o":{"x":0.45,"y":0},"t":20,"s":[{"i":[[0,0],[0,0]],"o":[[0,0],[0,0]],"v":[[1,1],[1,118]],"c":false}]},{"i":{"x":0.1,"y":1},"o":{"x":0.167,"y":0},"t":40,"s":[{"i":[[0,0],[0,0]],"o":[[0,0],[0,0]],"v":[[1,117.938],[1,118]],"c":false}]},{"i":{"x":0.1,"y":1},"o":{"x":0.45,"y":0},"t":50,"s":[{"i":[[0,0],[0,0]],"o":[[0,0],[0,0]],"v":[[1,-1.938],[1,-2]],"c":false}]},{"i":{"x":0.833,"y":1},"o":{"x":0.45,"y":0},"t":70,"s":[{"i":[[0,0],[0,0]],"o":[[0,0],[0,0]],"v":[[1,1],[1,118]],"c":false}]},{"i":{"x":0.1,"y":1},"o":{"x":0.167,"y":0},"t":90,"s":[{"i":[[0,0],[0,0]],"o":[[0,0],[0,0]],"v":[[1,117.938],[1,118]],"c":false}]},{"i":{"x":0.1,"y":1},"o":{"x":0.45,"y":0},"t":100,"s":[{"i":[[0,0],[0,0]],"o":[[0,0],[0,0]],"v":[[1,-1.938],[1,-2]],"c":false}]},{"i":{"x":0.833,"y":1},"o":{"x":0.45,"y":0},"t":120,"s":[{"i":[[0,0],[0,0]],"o":[[0,0],[0,0]],"v":[[1,1],[1,118]],"c":false}]},{"i":{"x":0.1,"y":1},"o":{"x":0.167,"y":0},"t":140,"s":[{"i":[[0,0],[0,0]],"o":[[0,0],[0,0]],"v":[[1,117.938],[1,118]],"c":false}]},{"i":{"x":0.1,"y":1},"o":{"x":0.45,"y":0},"t":150,"s":[{"i":[[0,0],[0,0]],"o":[[0,0],[0,0]],"v":[[1,-1.938],[1,-2]],"c":false}]},{"i":{"x":0.833,"y":1},"o":{"x":0.45,"y":0},"t":170,"s":[{"i":[[0,0],[0,0]],"o":[[0,0],[0,0]],"v":[[1,1],[1,118]],"c":false}]},{"i":{"x":0.1,"y":1},"o":{"x":0.167,"y":0},"t":190,"s":[{"i":[[0,0],[0,0]],"o":[[0,0],[0,0]],"v":[[1,117.938],[1,118]],"c":false}]},{"i":{"x":0.1,"y":1},"o":{"x":0.45,"y":0},"t":200,"s":[{"i":[[0,0],[0,0]],"o":[[0,0],[0,0]],"v":[[1,-1.938],[1,-2]],"c":false}]},{"i":{"x":0.833,"y":1},"o":{"x":0.45,"y":0},"t":220,"s":[{"i":[[0,0],[0,0]],"o":[[0,0],[0,0]],"v":[[1,1],[1,118]],"c":false}]},{"i":{"x":0.1,"y":1},"o":{"x":0.167,"y":0},"t":240,"s":[{"i":[[0,0],[0,0]],"o":[[0,0],[0,0]],"v":[[1,117.938],[1,118]],"c":false}]},{"i":{"x":0.1,"y":1},"o":{"x":0.45,"y":0},"t":250,"s":[{"i":[[0,0],[0,0]],"o":[[0,0],[0,0]],"v":[[1,-1.938],[1,-2]],"c":false}]},{"i":{"x":0.833,"y":1},"o":{"x":0.45,"y":0},"t":270,"s":[{"i":[[0,0],[0,0]],"o":[[0,0],[0,0]],"v":[[1,1],[1,118]],"c":false}]},{"i":{"x":0.1,"y":1},"o":{"x":0.167,"y":0},"t":290,"s":[{"i":[[0,0],[0,0]],"o":[[0,0],[0,0]],"v":[[1,117.938],[1,118]],"c":false}]},{"i":{"x":0.1,"y":1},"o":{"x":0.45,"y":0},"t":300,"s":[{"i":[[0,0],[0,0]],"o":[[0,0],[0,0]],"v":[[1,-1.938],[1,-2]],"c":false}]},{"i":{"x":0.833,"y":1},"o":{"x":0.45,"y":0},"t":320,"s":[{"i":[[0,0],[0,0]],"o":[[0,0],[0,0]],"v":[[1,1],[1,118]],"c":false}]},{"t":340,"s":[{"i":[[0,0],[0,0]],"o":[[0,0],[0,0]],"v":[[1,117.938],[1,118]],"c":false}]}],"ix":2},"nm":"Path 1","mn":"ADBE Vector Shape - Group","hd":false},{"ty":"st","c":{"a":0,"k":[0.783999992819,0.830999995213,0.910000011968,1],"ix":3},"o":{"a":0,"k":100,"ix":4},"w":{"a":0,"k":2,"ix":5},"lc":1,"lj":1,"ml":10,"bm":0,"nm":"Stroke 1","mn":"ADBE Vector Graphic - Stroke","hd":false},{"ty":"tr","p":{"a":0,"k":[0,0],"ix":2},"a":{"a":0,"k":[0,0],"ix":1},"s":{"a":0,"k":[100,100],"ix":3},"r":{"a":0,"k":0,"ix":6},"o":{"a":0,"k":100,"ix":7},"sk":{"a":0,"k":0,"ix":4},"sa":{"a":0,"k":0,"ix":5},"nm":"Transform"}],"nm":"Group 1","np":2,"cix":2,"bm":0,"ix":1,"mn":"ADBE Vector Group","hd":false}],"ip":0,"op":302,"st":0,"bm":0},{"ddd":0,"ind":17,"ty":4,"nm":"Layer 5 Outlines","sr":1,"ks":{"o":{"a":0,"k":100,"ix":11},"r":{"a":0,"k":0,"ix":10},"p":{"a":1,"k":[{"i":{"x":0.833,"y":0.834},"o":{"x":0.167,"y":0.167},"t":0,"s":[1071.161,138.878,0],"to":[-39.333,0,0],"ti":[0,0,0]},{"i":{"x":0.833,"y":0.833},"o":{"x":0.167,"y":0.167},"t":150,"s":[835.161,138.878,0],"to":[0,0,0],"ti":[-39.333,0,0]},{"t":301,"s":[1071.161,138.878,0]}],"ix":2},"a":{"a":0,"k":[224.089,70.372,0],"ix":1},"s":{"a":0,"k":[100,100,100],"ix":6}},"ao":0,"shapes":[{"ty":"gr","it":[{"ind":0,"ty":"sh","ix":1,"ks":{"a":0,"k":{"i":[[0,0],[80.303,0],[27.565,-40.926],[17.21,0],[18.163,-47.943]],"o":[[-6.71,-78.566],[-53.054,0],[-14.967,-6.202],[-54.307,0],[0,0]],"v":[[223.839,70.122],[70.938,-70.122],[-56.447,-2.275],[-105.031,-11.907],[-223.839,70.122]],"c":true},"ix":2},"nm":"Path 1","mn":"ADBE Vector Shape - Group","hd":false},{"ty":"gr","it":[{"ty":"tr","p":{"a":0,"k":[0,0],"ix":2},"a":{"a":0,"k":[0,0],"ix":1},"s":{"a":0,"k":[100,100],"ix":3},"r":{"a":0,"k":0,"ix":6},"o":{"a":0,"k":100,"ix":7},"sk":{"a":0,"k":0,"ix":4},"sa":{"a":0,"k":0,"ix":5},"nm":"Transform"}],"nm":"Group 1","np":0,"cix":2,"bm":0,"ix":2,"mn":"ADBE Vector Group","hd":false},{"ty":"mm","mm":4,"nm":"Merge Paths 1","mn":"ADBE Vector Filter - Merge","hd":false},{"ty":"fl","c":{"a":0,"k":[0.933000033509,0.961000031116,1,1],"ix":4},"o":{"a":0,"k":100,"ix":5},"r":1,"bm":0,"nm":"Fill 1","mn":"ADBE Vector Graphic - Fill","hd":false},{"ty":"tr","p":{"a":0,"k":[224.089,70.372],"ix":2},"a":{"a":0,"k":[0,0],"ix":1},"s":{"a":0,"k":[100,100],"ix":3},"r":{"a":0,"k":0,"ix":6},"o":{"a":0,"k":100,"ix":7},"sk":{"a":0,"k":0,"ix":4},"sa":{"a":0,"k":0,"ix":5},"nm":"Transform"}],"nm":"Group 1","np":4,"cix":2,"bm":0,"ix":1,"mn":"ADBE Vector Group","hd":false}],"ip":0,"op":302,"st":0,"bm":0},{"ddd":0,"ind":18,"ty":4,"nm":"Layer 4 Outlines","sr":1,"ks":{"o":{"a":0,"k":100,"ix":11},"r":{"a":0,"k":0,"ix":10},"p":{"a":1,"k":[{"i":{"x":0.833,"y":0.833},"o":{"x":0.167,"y":0.167},"t":0,"s":[911.762,117.709,0],"to":[16.667,0,0],"ti":[0,0,0]},{"i":{"x":0.833,"y":0.833},"o":{"x":0.167,"y":0.167},"t":150,"s":[1011.762,117.709,0],"to":[0,0,0],"ti":[16.667,0,0]},{"t":301,"s":[911.762,117.709,0]}],"ix":2},"a":{"a":0,"k":[267.633,91.541,0],"ix":1},"s":{"a":0,"k":[100,100,100],"ix":6}},"ao":0,"shapes":[{"ty":"gr","it":[{"ind":0,"ty":"sh","ix":1,"ks":{"a":0,"k":{"i":[[0,0],[0,10.422],[84.031,0],[26.443,-44.944],[13.345,0],[17.258,-43.594],[6.42,0],[19.876,-24.981]],"o":[[1.996,-9.833],[0,-84.031],[-55.917,0],[-11.959,-4.091],[-49.734,0],[-6.114,-1.069],[-34.405,0],[0,0]],"v":[[264.336,91.291],[267.383,60.86],[115.23,-91.291],[-15.994,-16.178],[-54.122,-22.493],[-163.646,51.935],[-182.46,50.276],[-267.383,91.291]],"c":true},"ix":2},"nm":"Path 1","mn":"ADBE Vector Shape - Group","hd":false},{"ty":"gr","it":[{"ty":"tr","p":{"a":0,"k":[0,0],"ix":2},"a":{"a":0,"k":[0,0],"ix":1},"s":{"a":0,"k":[100,100],"ix":3},"r":{"a":0,"k":0,"ix":6},"o":{"a":0,"k":100,"ix":7},"sk":{"a":0,"k":0,"ix":4},"sa":{"a":0,"k":0,"ix":5},"nm":"Transform"}],"nm":"Group 1","np":0,"cix":2,"bm":0,"ix":2,"mn":"ADBE Vector Group","hd":false},{"ty":"mm","mm":4,"nm":"Merge Paths 1","mn":"ADBE Vector Filter - Merge","hd":false},{"ty":"fl","c":{"a":0,"k":[0.783999992819,0.830999995213,0.910000011968,1],"ix":4},"o":{"a":0,"k":100,"ix":5},"r":1,"bm":0,"nm":"Fill 1","mn":"ADBE Vector Graphic - Fill","hd":false},{"ty":"tr","p":{"a":0,"k":[267.632,91.542],"ix":2},"a":{"a":0,"k":[0,0],"ix":1},"s":{"a":0,"k":[100,100],"ix":3},"r":{"a":0,"k":0,"ix":6},"o":{"a":0,"k":100,"ix":7},"sk":{"a":0,"k":0,"ix":4},"sa":{"a":0,"k":0,"ix":5},"nm":"Transform"}],"nm":"Group 1","np":4,"cix":2,"bm":0,"ix":1,"mn":"ADBE Vector Group","hd":false}],"ip":0,"op":302,"st":0,"bm":0},{"ddd":0,"ind":19,"ty":4,"nm":"R hand Outlines","parent":20,"sr":1,"ks":{"o":{"a":0,"k":100,"ix":11},"r":{"a":1,"k":[{"i":{"x":[0.833],"y":[1]},"o":{"x":[0.167],"y":[0.167]},"t":0,"s":[0]},{"i":{"x":[0.833],"y":[1]},"o":{"x":[0.167],"y":[0]},"t":21.5,"s":[-21]},{"i":{"x":[0.833],"y":[1]},"o":{"x":[0.167],"y":[0]},"t":43,"s":[0]},{"i":{"x":[0.833],"y":[1]},"o":{"x":[0.167],"y":[0]},"t":64.5,"s":[-21]},{"i":{"x":[0.833],"y":[1]},"o":{"x":[0.167],"y":[0]},"t":86,"s":[0]},{"i":{"x":[0.833],"y":[1]},"o":{"x":[0.167],"y":[0]},"t":107.5,"s":[-21]},{"i":{"x":[0.833],"y":[1]},"o":{"x":[0.167],"y":[0]},"t":129,"s":[0]},{"i":{"x":[0.833],"y":[1]},"o":{"x":[0.167],"y":[0]},"t":150.5,"s":[-21]},{"i":{"x":[0.833],"y":[1]},"o":{"x":[0.167],"y":[0]},"t":172,"s":[0]},{"i":{"x":[0.833],"y":[1]},"o":{"x":[0.167],"y":[0]},"t":193.5,"s":[-21]},{"i":{"x":[0.833],"y":[1]},"o":{"x":[0.167],"y":[0]},"t":215,"s":[0]},{"i":{"x":[0.833],"y":[1]},"o":{"x":[0.167],"y":[0]},"t":236.5,"s":[-21]},{"i":{"x":[0.833],"y":[1]},"o":{"x":[0.167],"y":[0]},"t":258,"s":[0]},{"i":{"x":[0.833],"y":[0.912]},"o":{"x":[0.167],"y":[0]},"t":279.5,"s":[-21]},{"i":{"x":[0.833],"y":[-2.325]},"o":{"x":[0.167],"y":[1.642]},"t":301,"s":[0]},{"t":320,"s":[0]}],"ix":10},"p":{"a":0,"k":[414.465,516.73,0],"ix":2},"a":{"a":0,"k":[50.952,36.003,0],"ix":1},"s":{"a":0,"k":[100,100,100],"ix":6}},"ao":0,"shapes":[{"ty":"gr","it":[{"ind":0,"ty":"sh","ix":1,"ks":{"a":0,"k":{"i":[[-1.751,18.759],[18.758,1.751],[0,0],[0,0],[0,0],[0.852,-9.139],[9.138,0.852],[0,0],[0,0],[0,0]],"o":[[1.751,-18.758],[0,0],[0,0],[0,0],[9.139,0.853],[-0.854,9.139],[0,0],[0,0],[0,0],[18.759,1.751]],"v":[[28.701,3.328],[-2.221,-33.961],[-24.084,-36.003],[-25.717,-18.512],[-5.603,-16.633],[9.462,1.533],[-8.705,16.599],[-28.82,14.721],[-30.452,32.211],[-8.589,34.251]],"c":true},"ix":2},"nm":"Path 1","mn":"ADBE Vector Shape - Group","hd":false},{"ty":"gr","it":[{"ty":"tr","p":{"a":0,"k":[0,0],"ix":2},"a":{"a":0,"k":[0,0],"ix":1},"s":{"a":0,"k":[100,100],"ix":3},"r":{"a":0,"k":0,"ix":6},"o":{"a":0,"k":100,"ix":7},"sk":{"a":0,"k":0,"ix":4},"sa":{"a":0,"k":0,"ix":5},"nm":"Transform"}],"nm":"Group 1","np":0,"cix":2,"bm":0,"ix":2,"mn":"ADBE Vector Group","hd":false},{"ty":"mm","mm":4,"nm":"Merge Paths 1","mn":"ADBE Vector Filter - Merge","hd":false},{"ty":"fl","c":{"a":0,"k":[0.948999980852,0.722000002394,0.388000009574,1],"ix":4},"o":{"a":0,"k":100,"ix":5},"r":1,"bm":0,"nm":"Fill 1","mn":"ADBE Vector Graphic - Fill","hd":false},{"ty":"tr","p":{"a":0,"k":[30.702,36.253],"ix":2},"a":{"a":0,"k":[0,0],"ix":1},"s":{"a":0,"k":[100,100],"ix":3},"r":{"a":0,"k":0,"ix":6},"o":{"a":0,"k":100,"ix":7},"sk":{"a":0,"k":0,"ix":4},"sa":{"a":0,"k":0,"ix":5},"nm":"Transform"}],"nm":"Group 1","np":4,"cix":2,"bm":0,"ix":1,"mn":"ADBE Vector Group","hd":false}],"ip":0,"op":302,"st":0,"bm":0},{"ddd":0,"ind":20,"ty":4,"nm":"Bot Outlines","sr":1,"ks":{"o":{"a":0,"k":100,"ix":11},"r":{"a":0,"k":0,"ix":10},"p":{"a":1,"k":[{"i":{"x":0.833,"y":0.833},"o":{"x":0.167,"y":0.167},"t":0,"s":[1018.25,559.368,0],"to":[0,-3,0],"ti":[0,0,0]},{"i":{"x":0.833,"y":0.833},"o":{"x":0.167,"y":0.167},"t":21.5,"s":[1018.25,541.368,0],"to":[0,0,0],"ti":[0,0,0]},{"i":{"x":0.833,"y":0.833},"o":{"x":0.167,"y":0.167},"t":43,"s":[1018.25,559.368,0],"to":[0,0,0],"ti":[0,0,0]},{"i":{"x":0.833,"y":0.833},"o":{"x":0.167,"y":0.167},"t":64.5,"s":[1018.25,541.368,0],"to":[0,0,0],"ti":[0,0,0]},{"i":{"x":0.833,"y":0.833},"o":{"x":0.167,"y":0.167},"t":86,"s":[1018.25,559.368,0],"to":[0,0,0],"ti":[0,0,0]},{"i":{"x":0.833,"y":0.833},"o":{"x":0.167,"y":0.167},"t":107.5,"s":[1018.25,541.368,0],"to":[0,0,0],"ti":[0,0,0]},{"i":{"x":0.833,"y":0.833},"o":{"x":0.167,"y":0.167},"t":129,"s":[1018.25,559.368,0],"to":[0,0,0],"ti":[0,0,0]},{"i":{"x":0.833,"y":0.833},"o":{"x":0.167,"y":0.167},"t":150.5,"s":[1018.25,541.368,0],"to":[0,0,0],"ti":[0,0,0]},{"i":{"x":0.833,"y":0.833},"o":{"x":0.167,"y":0.167},"t":172,"s":[1018.25,559.368,0],"to":[0,0,0],"ti":[0,0,0]},{"i":{"x":0.833,"y":0.833},"o":{"x":0.167,"y":0.167},"t":193.5,"s":[1018.25,541.368,0],"to":[0,0,0],"ti":[0,0,0]},{"i":{"x":0.833,"y":0.833},"o":{"x":0.167,"y":0.167},"t":215,"s":[1018.25,559.368,0],"to":[0,0,0],"ti":[0,0,0]},{"i":{"x":0.833,"y":0.833},"o":{"x":0.167,"y":0.167},"t":236.5,"s":[1018.25,541.368,0],"to":[0,0,0],"ti":[0,0,0]},{"i":{"x":0.833,"y":0.833},"o":{"x":0.167,"y":0.167},"t":258,"s":[1018.25,559.368,0],"to":[0,0,0],"ti":[0,0,0]},{"i":{"x":0.833,"y":0.912},"o":{"x":0.167,"y":0.167},"t":279.5,"s":[1018.25,541.368,0],"to":[0,0,0],"ti":[0,-3,0]},{"i":{"x":0.833,"y":0.833},"o":{"x":0.167,"y":0.167},"t":301,"s":[1018.25,559.368,0],"to":[0,0,0],"ti":[0,0,0]},{"t":320,"s":[1018.25,559.368,0]}],"ix":2},"a":{"a":0,"k":[277.75,342.368,0],"ix":1},"s":{"a":0,"k":[100,100,100],"ix":6}},"ao":0,"shapes":[{"ty":"gr","it":[{"ty":"st","c":{"a":0,"k":[0.783999992819,0.830999995213,0.910000011968,1],"ix":3},"o":{"a":0,"k":100,"ix":4},"w":{"a":0,"k":2,"ix":5},"lc":1,"lj":1,"ml":10,"bm":0,"nm":"Stroke 1","mn":"ADBE Vector Graphic - Stroke","hd":false},{"ty":"tr","p":{"a":0,"k":[0,0],"ix":2},"a":{"a":0,"k":[0,0],"ix":1},"s":{"a":0,"k":[100,100],"ix":3},"r":{"a":0,"k":0,"ix":6},"o":{"a":0,"k":100,"ix":7},"sk":{"a":0,"k":0,"ix":4},"sa":{"a":0,"k":0,"ix":5},"nm":"Transform"}],"nm":"Group 1","np":1,"cix":2,"bm":0,"ix":1,"mn":"ADBE Vector Group","hd":false},{"ty":"gr","it":[{"ty":"st","c":{"a":0,"k":[0.783999992819,0.830999995213,0.910000011968,1],"ix":3},"o":{"a":0,"k":100,"ix":4},"w":{"a":0,"k":2,"ix":5},"lc":1,"lj":1,"ml":10,"bm":0,"nm":"Stroke 1","mn":"ADBE Vector Graphic - Stroke","hd":false},{"ty":"tr","p":{"a":0,"k":[0,0],"ix":2},"a":{"a":0,"k":[0,0],"ix":1},"s":{"a":0,"k":[100,100],"ix":3},"r":{"a":0,"k":0,"ix":6},"o":{"a":0,"k":100,"ix":7},"sk":{"a":0,"k":0,"ix":4},"sa":{"a":0,"k":0,"ix":5},"nm":"Transform"}],"nm":"Group 2","np":1,"cix":2,"bm":0,"ix":2,"mn":"ADBE Vector Group","hd":false},{"ty":"gr","it":[{"ind":0,"ty":"sh","ix":1,"ks":{"a":0,"k":{"i":[[0,0],[15.602,0],[0,-15.602]],"o":[[0,-15.602],[-15.601,0],[0,0]],"v":[[28.248,14.124],[0,-14.124],[-28.248,14.124]],"c":false},"ix":2},"nm":"Path 1","mn":"ADBE Vector Shape - Group","hd":false},{"ty":"st","c":{"a":0,"k":[1,1,1,1],"ix":3},"o":{"a":0,"k":100,"ix":4},"w":{"a":0,"k":7.292,"ix":5},"lc":2,"lj":2,"bm":0,"nm":"Stroke 1","mn":"ADBE Vector Graphic - Stroke","hd":false},{"ty":"tr","p":{"a":0,"k":[258.015,401.241],"ix":2},"a":{"a":0,"k":[0,0],"ix":1},"s":{"a":0,"k":[100,100],"ix":3},"r":{"a":0,"k":0,"ix":6},"o":{"a":0,"k":100,"ix":7},"sk":{"a":0,"k":0,"ix":4},"sa":{"a":0,"k":0,"ix":5},"nm":"Transform"}],"nm":"Group 3","np":2,"cix":2,"bm":0,"ix":3,"mn":"ADBE Vector Group","hd":false},{"ty":"gr","it":[{"ind":0,"ty":"sh","ix":1,"ks":{"a":0,"k":{"i":[[0,0],[-7.394,0],[0,-7.395]],"o":[[0,-7.395],[7.394,0],[0,0]],"v":[[-13.389,6.694],[0,-6.694],[13.389,6.694]],"c":false},"ix":2},"nm":"Path 1","mn":"ADBE Vector Shape - Group","hd":false},{"ty":"st","c":{"a":0,"k":[0.964999988032,0.630999995213,0.149000010771,1],"ix":3},"o":{"a":0,"k":100,"ix":4},"w":{"a":0,"k":7.292,"ix":5},"lc":2,"lj":1,"ml":10,"bm":0,"nm":"Stroke 1","mn":"ADBE Vector Graphic - Stroke","hd":false},{"ty":"tr","p":{"a":0,"k":[260.22,328.863],"ix":2},"a":{"a":0,"k":[0,0],"ix":1},"s":{"a":0,"k":[100,100],"ix":3},"r":{"a":0,"k":0,"ix":6},"o":{"a":0,"k":100,"ix":7},"sk":{"a":0,"k":0,"ix":4},"sa":{"a":0,"k":0,"ix":5},"nm":"Transform"}],"nm":"Group 4","np":2,"cix":2,"bm":0,"ix":4,"mn":"ADBE Vector Group","hd":false},{"ty":"gr","it":[{"ind":0,"ty":"sh","ix":1,"ks":{"a":0,"k":{"i":[[0,0],[-93.686,29.165]],"o":[[0,0],[0,0]],"v":[[-91.329,-15.172],[91.329,-13.993]],"c":false},"ix":2},"nm":"Path 1","mn":"ADBE Vector Shape - Group","hd":false},{"ty":"st","c":{"a":0,"k":[0.991999966491,0.816000007181,0.57599995931,1],"ix":3},"o":{"a":0,"k":100,"ix":4},"w":{"a":0,"k":3.646,"ix":5},"lc":2,"lj":2,"bm":0,"nm":"Stroke 1","mn":"ADBE Vector Graphic - Stroke","hd":false},{"ty":"tr","p":{"a":0,"k":[258.17,623.11],"ix":2},"a":{"a":0,"k":[0,0],"ix":1},"s":{"a":0,"k":[100,100],"ix":3},"r":{"a":0,"k":0,"ix":6},"o":{"a":0,"k":100,"ix":7},"sk":{"a":0,"k":0,"ix":4},"sa":{"a":0,"k":0,"ix":5},"nm":"Transform"}],"nm":"Group 5","np":2,"cix":2,"bm":0,"ix":5,"mn":"ADBE Vector Group","hd":false},{"ty":"gr","it":[{"ind":0,"ty":"sh","ix":1,"ks":{"a":0,"k":{"i":[[0,0],[-84.588,34.426]],"o":[[0,0],[0,0]],"v":[[-97.355,-17.213],[97.355,-17.213]],"c":false},"ix":2},"nm":"Path 1","mn":"ADBE Vector Shape - Group","hd":false},{"ty":"st","c":{"a":0,"k":[0.991999966491,0.816000007181,0.57599995931,1],"ix":3},"o":{"a":0,"k":100,"ix":4},"w":{"a":0,"k":3.646,"ix":5},"lc":2,"lj":2,"bm":0,"nm":"Stroke 1","mn":"ADBE Vector Graphic - Stroke","hd":false},{"ty":"tr","p":{"a":0,"k":[258.456,611.762],"ix":2},"a":{"a":0,"k":[0,0],"ix":1},"s":{"a":0,"k":[100,100],"ix":3},"r":{"a":0,"k":0,"ix":6},"o":{"a":0,"k":100,"ix":7},"sk":{"a":0,"k":0,"ix":4},"sa":{"a":0,"k":0,"ix":5},"nm":"Transform"}],"nm":"Group 6","np":2,"cix":2,"bm":0,"ix":6,"mn":"ADBE Vector Group","hd":false},{"ty":"gr","it":[{"ind":0,"ty":"sh","ix":1,"ks":{"a":0,"k":{"i":[[0,0],[-86.538,38.382]],"o":[[0,0],[0,0]],"v":[[-101.108,-19.191],[101.108,-19.191]],"c":false},"ix":2},"nm":"Path 1","mn":"ADBE Vector Shape - Group","hd":false},{"ty":"st","c":{"a":0,"k":[0.991999966491,0.816000007181,0.57599995931,1],"ix":3},"o":{"a":0,"k":100,"ix":4},"w":{"a":0,"k":3.646,"ix":5},"lc":2,"lj":2,"bm":0,"nm":"Stroke 1","mn":"ADBE Vector Graphic - Stroke","hd":false},{"ty":"tr","p":{"a":0,"k":[258.235,599.459],"ix":2},"a":{"a":0,"k":[0,0],"ix":1},"s":{"a":0,"k":[100,100],"ix":3},"r":{"a":0,"k":0,"ix":6},"o":{"a":0,"k":100,"ix":7},"sk":{"a":0,"k":0,"ix":4},"sa":{"a":0,"k":0,"ix":5},"nm":"Transform"}],"nm":"Group 7","np":2,"cix":2,"bm":0,"ix":7,"mn":"ADBE Vector Group","hd":false},{"ty":"gr","it":[{"ind":0,"ty":"sh","ix":1,"ks":{"a":0,"k":{"i":[[0,0],[0,0]],"o":[[-90.953,38.382],[0,0]],"v":[[103.316,-19.191],[-103.316,-19.191]],"c":false},"ix":2},"nm":"Path 1","mn":"ADBE Vector Shape - Group","hd":false},{"ty":"st","c":{"a":0,"k":[0.991999966491,0.816000007181,0.57599995931,1],"ix":3},"o":{"a":0,"k":100,"ix":4},"w":{"a":0,"k":3.646,"ix":5},"lc":2,"lj":2,"bm":0,"nm":"Stroke 1","mn":"ADBE Vector Graphic - Stroke","hd":false},{"ty":"tr","p":{"a":0,"k":[259.119,585.624],"ix":2},"a":{"a":0,"k":[0,0],"ix":1},"s":{"a":0,"k":[100,100],"ix":3},"r":{"a":0,"k":0,"ix":6},"o":{"a":0,"k":100,"ix":7},"sk":{"a":0,"k":0,"ix":4},"sa":{"a":0,"k":0,"ix":5},"nm":"Transform"}],"nm":"Group 8","np":2,"cix":2,"bm":0,"ix":8,"mn":"ADBE Vector Group","hd":false},{"ty":"gr","it":[{"ind":0,"ty":"sh","ix":1,"ks":{"a":0,"k":{"i":[[0,-3.45],[3.451,0],[0,3.451],[-3.451,0]],"o":[[0,3.451],[-3.451,0],[0,-3.45],[3.451,0]],"v":[[6.248,0],[0,6.248],[-6.248,0],[0,-6.248]],"c":true},"ix":2},"nm":"Path 1","mn":"ADBE Vector Shape - Group","hd":false},{"ty":"gr","it":[{"ty":"tr","p":{"a":0,"k":[0,0],"ix":2},"a":{"a":0,"k":[0,0],"ix":1},"s":{"a":0,"k":[100,100],"ix":3},"r":{"a":0,"k":0,"ix":6},"o":{"a":0,"k":100,"ix":7},"sk":{"a":0,"k":0,"ix":4},"sa":{"a":0,"k":0,"ix":5},"nm":"Transform"}],"nm":"Group 1","np":0,"cix":2,"bm":0,"ix":2,"mn":"ADBE Vector Group","hd":false},{"ty":"mm","mm":4,"nm":"Merge Paths 1","mn":"ADBE Vector Filter - Merge","hd":false},{"ty":"fl","c":{"a":0,"k":[0.991999966491,0.816000007181,0.57599995931,1],"ix":4},"o":{"a":0,"k":100,"ix":5},"r":1,"bm":0,"nm":"Fill 1","mn":"ADBE Vector Graphic - Fill","hd":false},{"ty":"tr","p":{"a":0,"k":[167.837,501.273],"ix":2},"a":{"a":0,"k":[0,0],"ix":1},"s":{"a":0,"k":[100,100],"ix":3},"r":{"a":0,"k":0,"ix":6},"o":{"a":0,"k":100,"ix":7},"sk":{"a":0,"k":0,"ix":4},"sa":{"a":0,"k":0,"ix":5},"nm":"Transform"}],"nm":"Group 9","np":4,"cix":2,"bm":0,"ix":9,"mn":"ADBE Vector Group","hd":false},{"ty":"gr","it":[{"ind":0,"ty":"sh","ix":1,"ks":{"a":0,"k":{"i":[[0,-3.45],[3.451,0],[0,3.451],[-3.451,0]],"o":[[0,3.451],[-3.451,0],[0,-3.45],[3.451,0]],"v":[[6.248,0],[0,6.248],[-6.248,0],[0,-6.248]],"c":true},"ix":2},"nm":"Path 1","mn":"ADBE Vector Shape - Group","hd":false},{"ty":"gr","it":[{"ty":"tr","p":{"a":0,"k":[0,0],"ix":2},"a":{"a":0,"k":[0,0],"ix":1},"s":{"a":0,"k":[100,100],"ix":3},"r":{"a":0,"k":0,"ix":6},"o":{"a":0,"k":100,"ix":7},"sk":{"a":0,"k":0,"ix":4},"sa":{"a":0,"k":0,"ix":5},"nm":"Transform"}],"nm":"Group 1","np":0,"cix":2,"bm":0,"ix":2,"mn":"ADBE Vector Group","hd":false},{"ty":"mm","mm":4,"nm":"Merge Paths 1","mn":"ADBE Vector Filter - Merge","hd":false},{"ty":"fl","c":{"a":0,"k":[0.991999966491,0.816000007181,0.57599995931,1],"ix":4},"o":{"a":0,"k":100,"ix":5},"r":1,"bm":0,"nm":"Fill 1","mn":"ADBE Vector Graphic - Fill","hd":false},{"ty":"tr","p":{"a":0,"k":[167.837,479.852],"ix":2},"a":{"a":0,"k":[0,0],"ix":1},"s":{"a":0,"k":[100,100],"ix":3},"r":{"a":0,"k":0,"ix":6},"o":{"a":0,"k":100,"ix":7},"sk":{"a":0,"k":0,"ix":4},"sa":{"a":0,"k":0,"ix":5},"nm":"Transform"}],"nm":"Group 10","np":4,"cix":2,"bm":0,"ix":10,"mn":"ADBE Vector Group","hd":false},{"ty":"gr","it":[{"ind":0,"ty":"sh","ix":1,"ks":{"a":0,"k":{"i":[[0,0],[8.215,0],[0,0],[-4.811,6.66],[0,0],[-4.558,-6.836]],"o":[[4.558,6.836],[0,0],[-8.216,0],[0,0],[4.809,-6.66],[0,0]],"v":[[14.95,1.65],[8.299,14.079],[-8.505,14.079],[-14.697,1.969],[-7.916,-7.419],[9.115,-7.1]],"c":true},"ix":2},"nm":"Path 1","mn":"ADBE Vector Shape - Group","hd":false},{"ty":"gr","it":[{"ty":"tr","p":{"a":0,"k":[0,0],"ix":2},"a":{"a":0,"k":[0,0],"ix":1},"s":{"a":0,"k":[100,100],"ix":3},"r":{"a":0,"k":0,"ix":6},"o":{"a":0,"k":100,"ix":7},"sk":{"a":0,"k":0,"ix":4},"sa":{"a":0,"k":0,"ix":5},"nm":"Transform"}],"nm":"Group 1","np":0,"cix":2,"bm":0,"ix":2,"mn":"ADBE Vector Group","hd":false},{"ty":"mm","mm":4,"nm":"Merge Paths 1","mn":"ADBE Vector Filter - Merge","hd":false},{"ty":"fl","c":{"a":0,"k":[1,1,1,1],"ix":4},"o":{"a":0,"k":100,"ix":5},"r":1,"bm":0,"nm":"Fill 1","mn":"ADBE Vector Graphic - Fill","hd":false},{"ty":"tr","p":{"a":0,"k":[261.714,503.011],"ix":2},"a":{"a":0,"k":[0,0],"ix":1},"s":{"a":0,"k":[100,100],"ix":3},"r":{"a":0,"k":0,"ix":6},"o":{"a":0,"k":100,"ix":7},"sk":{"a":0,"k":0,"ix":4},"sa":{"a":0,"k":0,"ix":5},"nm":"Transform"}],"nm":"Group 11","np":4,"cix":2,"bm":0,"ix":11,"mn":"ADBE Vector Group","hd":false},{"ty":"gr","it":[{"ind":0,"ty":"sh","ix":1,"ks":{"a":0,"k":{"i":[[0,0],[15.298,0],[0,0],[-8.957,12.401],[0,0],[-8.487,-12.728]],"o":[[8.485,12.729],[0,0],[-15.298,0],[0,0],[8.957,-12.401],[0,0]],"v":[[27.839,3.074],[15.453,26.217],[-15.838,26.217],[-27.367,3.669],[-14.739,-13.816],[16.975,-13.221]],"c":true},"ix":2},"nm":"Path 1","mn":"ADBE Vector Shape - Group","hd":false},{"ty":"gr","it":[{"ty":"tr","p":{"a":0,"k":[0,0],"ix":2},"a":{"a":0,"k":[0,0],"ix":1},"s":{"a":0,"k":[100,100],"ix":3},"r":{"a":0,"k":0,"ix":6},"o":{"a":0,"k":100,"ix":7},"sk":{"a":0,"k":0,"ix":4},"sa":{"a":0,"k":0,"ix":5},"nm":"Transform"}],"nm":"Group 1","np":0,"cix":2,"bm":0,"ix":2,"mn":"ADBE Vector Group","hd":false},{"ty":"mm","mm":4,"nm":"Merge Paths 1","mn":"ADBE Vector Filter - Merge","hd":false},{"ty":"fl","c":{"a":0,"k":[0.991999966491,0.816000007181,0.57599995931,1],"ix":4},"o":{"a":0,"k":100,"ix":5},"r":1,"bm":0,"nm":"Fill 1","mn":"ADBE Vector Graphic - Fill","hd":false},{"ty":"tr","p":{"a":0,"k":[261.032,499.004],"ix":2},"a":{"a":0,"k":[0,0],"ix":1},"s":{"a":0,"k":[100,100],"ix":3},"r":{"a":0,"k":0,"ix":6},"o":{"a":0,"k":100,"ix":7},"sk":{"a":0,"k":0,"ix":4},"sa":{"a":0,"k":0,"ix":5},"nm":"Transform"}],"nm":"Group 12","np":4,"cix":2,"bm":0,"ix":12,"mn":"ADBE Vector Group","hd":false},{"ty":"gr","it":[{"ind":0,"ty":"sh","ix":1,"ks":{"a":0,"k":{"i":[[0,-23.169],[23.169,0],[0,23.169],[-23.169,0]],"o":[[0,23.169],[-23.169,0],[0,-23.169],[23.169,0]],"v":[[41.952,0],[0,41.952],[-41.952,0],[0,-41.951]],"c":true},"ix":2},"nm":"Path 1","mn":"ADBE Vector Shape - Group","hd":false},{"ty":"gr","it":[{"ty":"tr","p":{"a":0,"k":[0,0],"ix":2},"a":{"a":0,"k":[0,0],"ix":1},"s":{"a":0,"k":[100,100],"ix":3},"r":{"a":0,"k":0,"ix":6},"o":{"a":0,"k":100,"ix":7},"sk":{"a":0,"k":0,"ix":4},"sa":{"a":0,"k":0,"ix":5},"nm":"Transform"}],"nm":"Group 1","np":0,"cix":2,"bm":0,"ix":2,"mn":"ADBE Vector Group","hd":false},{"ty":"mm","mm":4,"nm":"Merge Paths 1","mn":"ADBE Vector Filter - Merge","hd":false},{"ty":"fl","c":{"a":0,"k":[1,1,1,1],"ix":4},"o":{"a":0,"k":100,"ix":5},"r":1,"bm":0,"nm":"Fill 1","mn":"ADBE Vector Graphic - Fill","hd":false},{"ty":"tr","p":{"a":0,"k":[258.796,330.398],"ix":2},"a":{"a":0,"k":[0,0],"ix":1},"s":{"a":0,"k":[100,100],"ix":3},"r":{"a":0,"k":0,"ix":6},"o":{"a":0,"k":100,"ix":7},"sk":{"a":0,"k":0,"ix":4},"sa":{"a":0,"k":0,"ix":5},"nm":"Transform"}],"nm":"Group 13","np":4,"cix":2,"bm":0,"ix":13,"mn":"ADBE Vector Group","hd":false},{"ty":"gr","it":[{"ind":0,"ty":"sh","ix":1,"ks":{"a":0,"k":{"i":[[7.141,-7.141],[0,0],[-14.282,17.851],[-4.463,21.422],[11.604,0.893]],"o":[[0,0],[0,0],[0,0],[0,0],[0,0]],"v":[[-16.067,-26.777],[-16.067,12.496],[0.893,16.067],[13.389,-18.744],[4.463,-29.455]],"c":true},"ix":2},"nm":"Path 1","mn":"ADBE Vector Shape - Group","hd":false},{"ty":"gr","it":[{"ty":"tr","p":{"a":0,"k":[0,0],"ix":2},"a":{"a":0,"k":[0,0],"ix":1},"s":{"a":0,"k":[100,100],"ix":3},"r":{"a":0,"k":0,"ix":6},"o":{"a":0,"k":100,"ix":7},"sk":{"a":0,"k":0,"ix":4},"sa":{"a":0,"k":0,"ix":5},"nm":"Transform"}],"nm":"Group 1","np":0,"cix":2,"bm":0,"ix":2,"mn":"ADBE Vector Group","hd":false},{"ty":"mm","mm":4,"nm":"Merge Paths 1","mn":"ADBE Vector Filter - Merge","hd":false},{"ty":"fl","c":{"a":0,"k":[0.964999988032,0.630999995213,0.149000010771,1],"ix":4},"o":{"a":0,"k":100,"ix":5},"r":1,"bm":0,"nm":"Fill 1","mn":"ADBE Vector Graphic - Fill","hd":false},{"ty":"tr","p":{"a":0,"k":[384.469,463.824],"ix":2},"a":{"a":0,"k":[0,0],"ix":1},"s":{"a":0,"k":[100,100],"ix":3},"r":{"a":0,"k":0,"ix":6},"o":{"a":0,"k":100,"ix":7},"sk":{"a":0,"k":0,"ix":4},"sa":{"a":0,"k":0,"ix":5},"nm":"Transform"}],"nm":"Group 14","np":4,"cix":2,"bm":0,"ix":14,"mn":"ADBE Vector Group","hd":false},{"ty":"gr","it":[{"ind":0,"ty":"sh","ix":1,"ks":{"a":0,"k":{"i":[[-7.141,-7.141],[0,0],[14.281,17.851],[4.463,21.422],[-11.604,0.893]],"o":[[0,0],[0,0],[0,0],[0,0],[0,0]],"v":[[16.067,-26.777],[16.067,12.496],[-0.893,16.067],[-13.388,-18.744],[-4.463,-29.455]],"c":true},"ix":2},"nm":"Path 1","mn":"ADBE Vector Shape - Group","hd":false},{"ty":"gr","it":[{"ty":"tr","p":{"a":0,"k":[0,0],"ix":2},"a":{"a":0,"k":[0,0],"ix":1},"s":{"a":0,"k":[100,100],"ix":3},"r":{"a":0,"k":0,"ix":6},"o":{"a":0,"k":100,"ix":7},"sk":{"a":0,"k":0,"ix":4},"sa":{"a":0,"k":0,"ix":5},"nm":"Transform"}],"nm":"Group 1","np":0,"cix":2,"bm":0,"ix":2,"mn":"ADBE Vector Group","hd":false},{"ty":"mm","mm":4,"nm":"Merge Paths 1","mn":"ADBE Vector Filter - Merge","hd":false},{"ty":"fl","c":{"a":0,"k":[0.964999988032,0.630999995213,0.149000010771,1],"ix":4},"o":{"a":0,"k":100,"ix":5},"r":1,"bm":0,"nm":"Fill 1","mn":"ADBE Vector Graphic - Fill","hd":false},{"ty":"tr","p":{"a":0,"k":[133.919,463.824],"ix":2},"a":{"a":0,"k":[0,0],"ix":1},"s":{"a":0,"k":[100,100],"ix":3},"r":{"a":0,"k":0,"ix":6},"o":{"a":0,"k":100,"ix":7},"sk":{"a":0,"k":0,"ix":4},"sa":{"a":0,"k":0,"ix":5},"nm":"Transform"}],"nm":"Group 15","np":4,"cix":2,"bm":0,"ix":15,"mn":"ADBE Vector Group","hd":false},{"ty":"gr","it":[{"ind":0,"ty":"sh","ix":1,"ks":{"a":0,"k":{"i":[[147.47,46.724],[0,0],[-129.949,37.962],[0,0]],"o":[[0,0],[0,0],[0,0],[0,0]],"v":[[-118.998,37.962],[-118.998,-84.686],[118.998,-84.686],[118.998,39.422]],"c":true},"ix":2},"nm":"Path 1","mn":"ADBE Vector Shape - Group","hd":false},{"ty":"gr","it":[{"ty":"tr","p":{"a":0,"k":[0,0],"ix":2},"a":{"a":0,"k":[0,0],"ix":1},"s":{"a":0,"k":[100,100],"ix":3},"r":{"a":0,"k":0,"ix":6},"o":{"a":0,"k":100,"ix":7},"sk":{"a":0,"k":0,"ix":4},"sa":{"a":0,"k":0,"ix":5},"nm":"Transform"}],"nm":"Group 1","np":0,"cix":2,"bm":0,"ix":2,"mn":"ADBE Vector Group","hd":false},{"ty":"mm","mm":4,"nm":"Merge Paths 1","mn":"ADBE Vector Filter - Merge","hd":false},{"ty":"fl","c":{"a":0,"k":[0.948999980852,0.722000002394,0.388000009574,1],"ix":4},"o":{"a":0,"k":100,"ix":5},"r":1,"bm":0,"nm":"Fill 1","mn":"ADBE Vector Graphic - Fill","hd":false},{"ty":"tr","p":{"a":0,"k":[258.813,510.09],"ix":2},"a":{"a":0,"k":[0,0],"ix":1},"s":{"a":0,"k":[100,100],"ix":3},"r":{"a":0,"k":0,"ix":6},"o":{"a":0,"k":100,"ix":7},"sk":{"a":0,"k":0,"ix":4},"sa":{"a":0,"k":0,"ix":5},"nm":"Transform"}],"nm":"Group 16","np":4,"cix":2,"bm":0,"ix":16,"mn":"ADBE Vector Group","hd":false},{"ty":"gr","it":[{"ind":0,"ty":"sh","ix":1,"ks":{"a":0,"k":{"i":[[0,0],[0,0],[48.111,0],[0,0],[0,-50.94],[0,0]],"o":[[0,0],[0,-50.94],[0,0],[-48.112,0],[0,0],[0,0]],"v":[[97.292,128.533],[97.292,-35.914],[9.818,-128.533],[-9.818,-128.533],[-97.292,-35.914],[-97.292,128.533]],"c":true},"ix":2},"nm":"Path 1","mn":"ADBE Vector Shape - Group","hd":false},{"ty":"gr","it":[{"ty":"tr","p":{"a":0,"k":[0,0],"ix":2},"a":{"a":0,"k":[0,0],"ix":1},"s":{"a":0,"k":[100,100],"ix":3},"r":{"a":0,"k":0,"ix":6},"o":{"a":0,"k":100,"ix":7},"sk":{"a":0,"k":0,"ix":4},"sa":{"a":0,"k":0,"ix":5},"nm":"Transform"}],"nm":"Group 1","np":0,"cix":2,"bm":0,"ix":2,"mn":"ADBE Vector Group","hd":false},{"ty":"mm","mm":4,"nm":"Merge Paths 1","mn":"ADBE Vector Filter - Merge","hd":false},{"ty":"fl","c":{"a":0,"k":[0.991999966491,0.816000007181,0.57599995931,1],"ix":4},"o":{"a":0,"k":100,"ix":5},"r":1,"bm":0,"nm":"Fill 1","mn":"ADBE Vector Graphic - Fill","hd":false},{"ty":"tr","p":{"a":0,"k":[258.813,337.037],"ix":2},"a":{"a":0,"k":[0,0],"ix":1},"s":{"a":0,"k":[100,100],"ix":3},"r":{"a":0,"k":0,"ix":6},"o":{"a":0,"k":100,"ix":7},"sk":{"a":0,"k":0,"ix":4},"sa":{"a":0,"k":0,"ix":5},"nm":"Transform"}],"nm":"Group 17","np":4,"cix":2,"bm":0,"ix":17,"mn":"ADBE Vector Group","hd":false},{"ty":"gr","it":[{"ind":0,"ty":"sh","ix":1,"ks":{"a":0,"k":{"i":[[-4.78,2.9],[16.736,4.686],[0,0]],"o":[[0,0],[0,0],[0,0]],"v":[[19.366,3.57],[-19.366,-13.389],[-17.359,13.388]],"c":true},"ix":2},"nm":"Path 1","mn":"ADBE Vector Shape - Group","hd":false},{"ty":"gr","it":[{"ty":"tr","p":{"a":0,"k":[0,0],"ix":2},"a":{"a":0,"k":[0,0],"ix":1},"s":{"a":0,"k":[100,100],"ix":3},"r":{"a":0,"k":0,"ix":6},"o":{"a":0,"k":100,"ix":7},"sk":{"a":0,"k":0,"ix":4},"sa":{"a":0,"k":0,"ix":5},"nm":"Transform"}],"nm":"Group 1","np":0,"cix":2,"bm":0,"ix":2,"mn":"ADBE Vector Group","hd":false},{"ty":"mm","mm":4,"nm":"Merge Paths 1","mn":"ADBE Vector Filter - Merge","hd":false},{"ty":"fl","c":{"a":0,"k":[0.964999988032,0.630999995213,0.149000010771,1],"ix":4},"o":{"a":0,"k":100,"ix":5},"r":1,"bm":0,"nm":"Fill 1","mn":"ADBE Vector Graphic - Fill","hd":false},{"ty":"tr","p":{"a":0,"k":[358.452,421.61],"ix":2},"a":{"a":0,"k":[0,0],"ix":1},"s":{"a":0,"k":[100,100],"ix":3},"r":{"a":0,"k":0,"ix":6},"o":{"a":0,"k":100,"ix":7},"sk":{"a":0,"k":0,"ix":4},"sa":{"a":0,"k":0,"ix":5},"nm":"Transform"}],"nm":"Group 18","np":4,"cix":2,"bm":0,"ix":18,"mn":"ADBE Vector Group","hd":false},{"ty":"gr","it":[{"ind":0,"ty":"sh","ix":1,"ks":{"a":0,"k":{"i":[[4.781,2.901],[-16.736,4.687],[0,0]],"o":[[0,0],[0,0],[0,0]],"v":[[-19.366,3.57],[19.366,-13.389],[17.358,13.389]],"c":true},"ix":2},"nm":"Path 1","mn":"ADBE Vector Shape - Group","hd":false},{"ty":"gr","it":[{"ty":"tr","p":{"a":0,"k":[0,0],"ix":2},"a":{"a":0,"k":[0,0],"ix":1},"s":{"a":0,"k":[100,100],"ix":3},"r":{"a":0,"k":0,"ix":6},"o":{"a":0,"k":100,"ix":7},"sk":{"a":0,"k":0,"ix":4},"sa":{"a":0,"k":0,"ix":5},"nm":"Transform"}],"nm":"Group 1","np":0,"cix":2,"bm":0,"ix":2,"mn":"ADBE Vector Group","hd":false},{"ty":"mm","mm":4,"nm":"Merge Paths 1","mn":"ADBE Vector Filter - Merge","hd":false},{"ty":"fl","c":{"a":0,"k":[0.964999988032,0.630999995213,0.149000010771,1],"ix":4},"o":{"a":0,"k":100,"ix":5},"r":1,"bm":0,"nm":"Fill 1","mn":"ADBE Vector Graphic - Fill","hd":false},{"ty":"tr","p":{"a":0,"k":[159.182,421.833],"ix":2},"a":{"a":0,"k":[0,0],"ix":1},"s":{"a":0,"k":[100,100],"ix":3},"r":{"a":0,"k":0,"ix":6},"o":{"a":0,"k":100,"ix":7},"sk":{"a":0,"k":0,"ix":4},"sa":{"a":0,"k":0,"ix":5},"nm":"Transform"}],"nm":"Group 19","np":4,"cix":2,"bm":0,"ix":19,"mn":"ADBE Vector Group","hd":false},{"ty":"gr","it":[{"ind":0,"ty":"sh","ix":1,"ks":{"a":0,"k":{"i":[[0.027,-54.095],[57.819,-0.751],[-0.024,54.095],[-57.825,0.751]],"o":[[0.024,54.096],[-57.823,-0.752],[-0.027,-54.096],[57.819,0.752]],"v":[[104.397,0],[0,107.315],[-104.397,0],[0,-107.314]],"c":true},"ix":2},"nm":"Path 1","mn":"ADBE Vector Shape - Group","hd":false},{"ty":"gr","it":[{"ty":"tr","p":{"a":0,"k":[0,0],"ix":2},"a":{"a":0,"k":[0,0],"ix":1},"s":{"a":0,"k":[100,100],"ix":3},"r":{"a":0,"k":0,"ix":6},"o":{"a":0,"k":100,"ix":7},"sk":{"a":0,"k":0,"ix":4},"sa":{"a":0,"k":0,"ix":5},"nm":"Transform"}],"nm":"Group 1","np":0,"cix":2,"bm":0,"ix":2,"mn":"ADBE Vector Group","hd":false},{"ty":"mm","mm":4,"nm":"Merge Paths 1","mn":"ADBE Vector Filter - Merge","hd":false},{"ty":"fl","c":{"a":0,"k":[0.964999988032,0.630999995213,0.149000010771,1],"ix":4},"o":{"a":0,"k":100,"ix":5},"r":1,"bm":0,"nm":"Fill 1","mn":"ADBE Vector Graphic - Fill","hd":false},{"ty":"tr","p":{"a":0,"k":[258.796,561.193],"ix":2},"a":{"a":0,"k":[0,0],"ix":1},"s":{"a":0,"k":[100,100],"ix":3},"r":{"a":0,"k":0,"ix":6},"o":{"a":0,"k":100,"ix":7},"sk":{"a":0,"k":0,"ix":4},"sa":{"a":0,"k":0,"ix":5},"nm":"Transform"}],"nm":"Group 20","np":4,"cix":2,"bm":0,"ix":20,"mn":"ADBE Vector Group","hd":false},{"ty":"gr","it":[{"ind":0,"ty":"sh","ix":1,"ks":{"a":0,"k":{"i":[[17.007,0],[0,8.468],[-17.008,0],[0,-8.468]],"o":[[-17.008,0],[0,-8.468],[17.007,0],[0,8.468]],"v":[[0.001,15.333],[-30.794,0],[0.001,-15.333],[30.794,0]],"c":true},"ix":2},"nm":"Path 1","mn":"ADBE Vector Shape - Group","hd":false},{"ty":"st","c":{"a":0,"k":[0.991999966491,0.816000007181,0.57599995931,1],"ix":3},"o":{"a":0,"k":100,"ix":4},"w":{"a":0,"k":5.469,"ix":5},"lc":2,"lj":2,"bm":0,"nm":"Stroke 1","mn":"ADBE Vector Graphic - Stroke","hd":false},{"ty":"tr","p":{"a":0,"k":[262.616,180.333],"ix":2},"a":{"a":0,"k":[0,0],"ix":1},"s":{"a":0,"k":[100,100],"ix":3},"r":{"a":0,"k":0,"ix":6},"o":{"a":0,"k":100,"ix":7},"sk":{"a":0,"k":0,"ix":4},"sa":{"a":0,"k":0,"ix":5},"nm":"Transform"}],"nm":"Group 21","np":2,"cix":2,"bm":0,"ix":21,"mn":"ADBE Vector Group","hd":false},{"ty":"gr","it":[{"ind":0,"ty":"sh","ix":1,"ks":{"a":0,"k":{"i":[[3.697,0],[0,3.697],[-3.697,0],[0,-3.698]],"o":[[-3.697,0],[0,-3.698],[3.697,0],[0,3.697]],"v":[[0,6.694],[-6.694,0.001],[0,-6.694],[6.694,0.001]],"c":true},"ix":2},"nm":"Path 1","mn":"ADBE Vector Shape - Group","hd":false},{"ty":"gr","it":[{"ty":"tr","p":{"a":0,"k":[0,0],"ix":2},"a":{"a":0,"k":[0,0],"ix":1},"s":{"a":0,"k":[100,100],"ix":3},"r":{"a":0,"k":0,"ix":6},"o":{"a":0,"k":100,"ix":7},"sk":{"a":0,"k":0,"ix":4},"sa":{"a":0,"k":0,"ix":5},"nm":"Transform"}],"nm":"Group 1","np":0,"cix":2,"bm":0,"ix":2,"mn":"ADBE Vector Group","hd":false},{"ty":"mm","mm":4,"nm":"Merge Paths 1","mn":"ADBE Vector Filter - Merge","hd":false},{"ty":"fl","c":{"a":0,"k":[0.991999966491,0.816000007181,0.57599995931,1],"ix":4},"o":{"a":0,"k":100,"ix":5},"r":1,"bm":0,"nm":"Fill 1","mn":"ADBE Vector Graphic - Fill","hd":false},{"ty":"tr","p":{"a":0,"k":[262.616,181.002],"ix":2},"a":{"a":0,"k":[0,0],"ix":1},"s":{"a":0,"k":[100,100],"ix":3},"r":{"a":0,"k":0,"ix":6},"o":{"a":0,"k":100,"ix":7},"sk":{"a":0,"k":0,"ix":4},"sa":{"a":0,"k":0,"ix":5},"nm":"Transform"}],"nm":"Group 22","np":4,"cix":2,"bm":0,"ix":22,"mn":"ADBE Vector Group","hd":false},{"ty":"gr","it":[{"ind":0,"ty":"sh","ix":1,"ks":{"a":0,"k":{"i":[[0,0],[0,0]],"o":[[0,0],[0,0]],"v":[[262.616,220.087],[262.616,181.003]],"c":false},"ix":2},"nm":"Path 1","mn":"ADBE Vector Shape - Group","hd":false},{"ty":"st","c":{"a":0,"k":[0.991999966491,0.816000007181,0.57599995931,1],"ix":3},"o":{"a":0,"k":100,"ix":4},"w":{"a":0,"k":5.469,"ix":5},"lc":2,"lj":2,"bm":0,"nm":"Stroke 1","mn":"ADBE Vector Graphic - Stroke","hd":false},{"ty":"tr","p":{"a":0,"k":[0,0],"ix":2},"a":{"a":0,"k":[0,0],"ix":1},"s":{"a":0,"k":[100,100],"ix":3},"r":{"a":0,"k":0,"ix":6},"o":{"a":0,"k":100,"ix":7},"sk":{"a":0,"k":0,"ix":4},"sa":{"a":0,"k":0,"ix":5},"nm":"Transform"}],"nm":"Group 23","np":2,"cix":2,"bm":0,"ix":23,"mn":"ADBE Vector Group","hd":false},{"ty":"gr","it":[{"ind":0,"ty":"sh","ix":1,"ks":{"a":0,"k":{"i":[[0,0],[13.981,-5.323],[22.468,7.451],[-0.013,10.794],[0,0],[-13.99,5.323],[-22.47,-7.451],[0.014,-10.794]],"o":[[0.012,10.795],[-22.47,7.451],[-13.991,-5.324],[0,0],[-0.013,-10.794],[22.468,-7.45],[13.982,5.323],[0,0]],"v":[[58.91,14.282],[34.992,47.229],[-34.992,47.229],[-58.911,14.282],[-58.911,-14.28],[-34.992,-47.229],[34.992,-47.229],[58.91,-14.28]],"c":true},"ix":2},"nm":"Path 1","mn":"ADBE Vector Shape - Group","hd":false},{"ty":"gr","it":[{"ty":"tr","p":{"a":0,"k":[0,0],"ix":2},"a":{"a":0,"k":[0,0],"ix":1},"s":{"a":0,"k":[100,100],"ix":3},"r":{"a":0,"k":0,"ix":6},"o":{"a":0,"k":100,"ix":7},"sk":{"a":0,"k":0,"ix":4},"sa":{"a":0,"k":0,"ix":5},"nm":"Transform"}],"nm":"Group 1","np":0,"cix":2,"bm":0,"ix":2,"mn":"ADBE Vector Group","hd":false},{"ty":"mm","mm":4,"nm":"Merge Paths 1","mn":"ADBE Vector Filter - Merge","hd":false},{"ty":"fl","c":{"a":0,"k":[0.948999980852,0.722000002394,0.388000009574,1],"ix":4},"o":{"a":0,"k":100,"ix":5},"r":1,"bm":0,"nm":"Fill 1","mn":"ADBE Vector Graphic - Fill","hd":false},{"ty":"tr","p":{"a":0,"k":[258.796,629.806],"ix":2},"a":{"a":0,"k":[0,0],"ix":1},"s":{"a":0,"k":[100,100],"ix":3},"r":{"a":0,"k":0,"ix":6},"o":{"a":0,"k":100,"ix":7},"sk":{"a":0,"k":0,"ix":4},"sa":{"a":0,"k":0,"ix":5},"nm":"Transform"}],"nm":"Group 24","np":4,"cix":2,"bm":0,"ix":24,"mn":"ADBE Vector Group","hd":false},{"ty":"gr","it":[{"ind":0,"ty":"sh","ix":1,"ks":{"a":0,"k":{"i":[[0,0],[32.813,-36.458]],"o":[[0,0],[0,0]],"v":[[-38.281,-30.989],[5.469,30.99]],"c":false},"ix":2},"nm":"Path 1","mn":"ADBE Vector Shape - Group","hd":false},{"ty":"st","c":{"a":0,"k":[0.948999980852,0.722000002394,0.388000009574,1],"ix":3},"o":{"a":0,"k":100,"ix":4},"w":{"a":0,"k":7.292,"ix":5},"lc":2,"lj":2,"bm":0,"nm":"Stroke 1","mn":"ADBE Vector Graphic - Stroke","hd":false},{"ty":"tr","p":{"a":0,"k":[411.277,484.424],"ix":2},"a":{"a":0,"k":[0,0],"ix":1},"s":{"a":0,"k":[100,100],"ix":3},"r":{"a":0,"k":0,"ix":6},"o":{"a":0,"k":100,"ix":7},"sk":{"a":0,"k":0,"ix":4},"sa":{"a":0,"k":0,"ix":5},"nm":"Transform"}],"nm":"Group 25","np":2,"cix":2,"bm":0,"ix":25,"mn":"ADBE Vector Group","hd":false}],"ip":0,"op":302,"st":0,"bm":0},{"ddd":0,"ind":21,"ty":4,"nm":"Hand Outlines","parent":20,"sr":1,"ks":{"o":{"a":0,"k":100,"ix":11},"r":{"a":1,"k":[{"i":{"x":[0.833],"y":[1]},"o":{"x":[0.167],"y":[0.167]},"t":0,"s":[0]},{"i":{"x":[0.833],"y":[1]},"o":{"x":[0.167],"y":[0]},"t":21.5,"s":[-10]},{"i":{"x":[0.833],"y":[1]},"o":{"x":[0.167],"y":[0]},"t":43,"s":[0]},{"i":{"x":[0.833],"y":[1]},"o":{"x":[0.167],"y":[0]},"t":64.5,"s":[-10]},{"i":{"x":[0.833],"y":[1]},"o":{"x":[0.167],"y":[0]},"t":86,"s":[0]},{"i":{"x":[0.833],"y":[1]},"o":{"x":[0.167],"y":[0]},"t":107.5,"s":[-10]},{"i":{"x":[0.833],"y":[1]},"o":{"x":[0.167],"y":[0]},"t":129,"s":[0]},{"i":{"x":[0.833],"y":[1]},"o":{"x":[0.167],"y":[0]},"t":150.5,"s":[-10]},{"i":{"x":[0.833],"y":[1]},"o":{"x":[0.167],"y":[0]},"t":172,"s":[0]},{"i":{"x":[0.833],"y":[1]},"o":{"x":[0.167],"y":[0]},"t":193.5,"s":[-10]},{"i":{"x":[0.833],"y":[1]},"o":{"x":[0.167],"y":[0]},"t":215,"s":[0]},{"i":{"x":[0.833],"y":[1]},"o":{"x":[0.167],"y":[0]},"t":236.5,"s":[-10]},{"i":{"x":[0.833],"y":[1]},"o":{"x":[0.167],"y":[0]},"t":258,"s":[0]},{"i":{"x":[0.833],"y":[0.912]},"o":{"x":[0.167],"y":[0]},"t":279.5,"s":[-10]},{"i":{"x":[0.833],"y":[-0.583]},"o":{"x":[0.167],"y":[0.782]},"t":301,"s":[0]},{"t":320,"s":[0]}],"ix":10},"p":{"a":0,"k":[146.757,465.194,0],"ix":2},"a":{"a":0,"k":[114.918,197.083,0],"ix":1},"s":{"a":0,"k":[100,100,100],"ix":6}},"ao":0,"shapes":[{"ty":"gr","it":[{"ind":0,"ty":"sh","ix":1,"ks":{"a":0,"k":{"i":[[-5.756,-19.821],[-19.82,5.755],[0,0],[0,0],[0,0],[2.804,9.656],[-9.656,2.804],[0,0],[0,0],[0,0]],"o":[[5.755,19.82],[0,0],[0,0],[0,0],[-9.656,2.803],[-2.804,-9.657],[0,0],[0,0],[0,0],[-19.821,5.755]],"v":[[-31.924,10.941],[14.578,36.514],[37.68,29.805],[32.313,11.324],[11.059,17.496],[-11.595,5.038],[0.863,-17.618],[22.117,-23.789],[16.75,-42.269],[-6.351,-35.561]],"c":true},"ix":2},"nm":"Path 1","mn":"ADBE Vector Shape - Group","hd":false},{"ty":"gr","it":[{"ty":"tr","p":{"a":0,"k":[0,0],"ix":2},"a":{"a":0,"k":[0,0],"ix":1},"s":{"a":0,"k":[100,100],"ix":3},"r":{"a":0,"k":0,"ix":6},"o":{"a":0,"k":100,"ix":7},"sk":{"a":0,"k":0,"ix":4},"sa":{"a":0,"k":0,"ix":5},"nm":"Transform"}],"nm":"Group 1","np":0,"cix":2,"bm":0,"ix":2,"mn":"ADBE Vector Group","hd":false},{"ty":"mm","mm":4,"nm":"Merge Paths 1","mn":"ADBE Vector Filter - Merge","hd":false},{"ty":"fl","c":{"a":0,"k":[0.948999980852,0.722000002394,0.388000009574,1],"ix":4},"o":{"a":0,"k":100,"ix":5},"r":1,"bm":0,"nm":"Fill 1","mn":"ADBE Vector Graphic - Fill","hd":false},{"ty":"tr","p":{"a":0,"k":[105.864,42.519],"ix":2},"a":{"a":0,"k":[0,0],"ix":1},"s":{"a":0,"k":[100,100],"ix":3},"r":{"a":0,"k":0,"ix":6},"o":{"a":0,"k":100,"ix":7},"sk":{"a":0,"k":0,"ix":4},"sa":{"a":0,"k":0,"ix":5},"nm":"Transform"}],"nm":"Group 1","np":4,"cix":2,"bm":0,"ix":1,"mn":"ADBE Vector Group","hd":false},{"ty":"gr","it":[{"ind":0,"ty":"sh","ix":1,"ks":{"a":0,"k":{"i":[[0,0],[50.517,43.5],[-67.021,52.128]],"o":[[0,0],[-20.622,-17.758],[0,0]],"v":[[76.688,36.861],[-56.066,38.398],[-8.521,-81.898]],"c":false},"ix":2},"nm":"Path 1","mn":"ADBE Vector Shape - Group","hd":false},{"ty":"st","c":{"a":0,"k":[0.948999980852,0.722000002394,0.388000009574,1],"ix":3},"o":{"a":0,"k":100,"ix":4},"w":{"a":0,"k":7.292,"ix":5},"lc":2,"lj":2,"bm":0,"nm":"Stroke 1","mn":"ADBE Vector Graphic - Stroke","hd":false},{"ty":"tr","p":{"a":0,"k":[94.918,140.038],"ix":2},"a":{"a":0,"k":[0,0],"ix":1},"s":{"a":0,"k":[100,100],"ix":3},"r":{"a":0,"k":0,"ix":6},"o":{"a":0,"k":100,"ix":7},"sk":{"a":0,"k":0,"ix":4},"sa":{"a":0,"k":0,"ix":5},"nm":"Transform"}],"nm":"Group 2","np":2,"cix":2,"bm":0,"ix":2,"mn":"ADBE Vector Group","hd":false}],"ip":0,"op":302,"st":0,"bm":0},{"ddd":0,"ind":22,"ty":4,"nm":"Shadow Outlines","sr":1,"ks":{"o":{"a":0,"k":10,"ix":11},"r":{"a":0,"k":0,"ix":10},"p":{"a":0,"k":[1000.503,988.11,0],"ix":2},"a":{"a":0,"k":[161.637,21.11,0],"ix":1},"s":{"a":1,"k":[{"i":{"x":[0.833,0.833,0.833],"y":[1,1,1]},"o":{"x":[0.167,0.167,0.167],"y":[0.167,0.167,0.725]},"t":0,"s":[100,100,100]},{"i":{"x":[0.833,0.833,0.833],"y":[1,1,1.362]},"o":{"x":[0.167,0.167,0.167],"y":[0,0,0]},"t":21.5,"s":[120,120,100]},{"i":{"x":[0.833,0.833,0.833],"y":[1,1,1]},"o":{"x":[0.167,0.167,0.167],"y":[0,0,-0.362]},"t":43,"s":[100,100,100]},{"i":{"x":[0.833,0.833,0.833],"y":[1,1,1]},"o":{"x":[0.167,0.167,0.167],"y":[0,0,0]},"t":64.5,"s":[120,120,100]},{"i":{"x":[0.833,0.833,0.833],"y":[1,1,1]},"o":{"x":[0.167,0.167,0.167],"y":[0,0,0]},"t":86,"s":[100,100,100]},{"i":{"x":[0.833,0.833,0.833],"y":[1,1,1]},"o":{"x":[0.167,0.167,0.167],"y":[0,0,0]},"t":107.5,"s":[120,120,100]},{"i":{"x":[0.833,0.833,0.833],"y":[1,1,1]},"o":{"x":[0.167,0.167,0.167],"y":[0,0,0]},"t":129,"s":[100,100,100]},{"i":{"x":[0.833,0.833,0.833],"y":[1,1,1]},"o":{"x":[0.167,0.167,0.167],"y":[0,0,0]},"t":150.5,"s":[120,120,100]},{"i":{"x":[0.833,0.833,0.833],"y":[1,1,1]},"o":{"x":[0.167,0.167,0.167],"y":[0,0,0]},"t":172,"s":[100,100,100]},{"i":{"x":[0.833,0.833,0.833],"y":[1,1,1]},"o":{"x":[0.167,0.167,0.167],"y":[0,0,0]},"t":193.5,"s":[120,120,100]},{"i":{"x":[0.833,0.833,0.833],"y":[1,1,1]},"o":{"x":[0.167,0.167,0.167],"y":[0,0,0]},"t":215,"s":[100,100,100]},{"i":{"x":[0.833,0.833,0.833],"y":[1,1,1]},"o":{"x":[0.167,0.167,0.167],"y":[0,0,0]},"t":236.5,"s":[120,120,100]},{"i":{"x":[0.833,0.833,0.833],"y":[1,1,1]},"o":{"x":[0.167,0.167,0.167],"y":[0,0,0]},"t":258,"s":[100,100,100]},{"i":{"x":[0.833,0.833,0.833],"y":[0.912,0.912,1]},"o":{"x":[0.167,0.167,0.167],"y":[0,0,0]},"t":279.5,"s":[120,120,100]},{"i":{"x":[0.833,0.833,0.833],"y":[1,1,1]},"o":{"x":[0.167,0.167,0.167],"y":[-1.564,-1.564,0]},"t":301,"s":[100,100,100]},{"t":320,"s":[100,100,100]}],"ix":6}},"ao":0,"shapes":[{"ty":"gr","it":[{"ind":0,"ty":"sh","ix":1,"ks":{"a":0,"k":{"i":[[0,-11.659],[89.269,0],[0,11.659],[-89.269,0]],"o":[[0,11.659],[-89.269,0],[0,-11.659],[89.269,0]],"v":[[161.635,0],[-0.001,21.11],[-161.635,0],[-0.001,-21.11]],"c":true},"ix":2},"nm":"Path 1","mn":"ADBE Vector Shape - Group","hd":false},{"ty":"fl","c":{"a":0,"k":[0,0,0,1],"ix":4},"o":{"a":0,"k":100,"ix":5},"r":1,"bm":0,"nm":"Fill 1","mn":"ADBE Vector Graphic - Fill","hd":false},{"ty":"tr","p":{"a":0,"k":[161.636,21.11],"ix":2},"a":{"a":0,"k":[0,0],"ix":1},"s":{"a":0,"k":[100,100],"ix":3},"r":{"a":0,"k":0,"ix":6},"o":{"a":0,"k":100,"ix":7},"sk":{"a":0,"k":0,"ix":4},"sa":{"a":0,"k":0,"ix":5},"nm":"Transform"}],"nm":"Group 1","np":4,"cix":2,"bm":0,"ix":1,"mn":"ADBE Vector Group","hd":false}],"ip":0,"op":302,"st":0,"bm":0}],"markers":[]}