{"v":"5.0.6","fr":24,"ip":60,"op":312,"w":187,"h":227,"nm":"PH - 5stars","ddd":0,"assets":[],"layers":[{"ddd":0,"ind":1,"ty":4,"nm":"Shadow","sr":1,"ks":{"o":{"a":1,"k":[{"i":{"x":[0.833],"y":[0.833]},"o":{"x":[0.167],"y":[0.167]},"n":["0p833_0p833_0p167_0p167"],"t":133,"s":[0],"e":[100]},{"t":140}],"ix":11},"r":{"a":0,"k":0,"ix":10},"p":{"a":0,"k":[92.5,173.5,0],"ix":2},"a":{"a":0,"k":[26.5,4.5,0],"ix":1},"s":{"a":1,"k":[{"i":{"x":[0.667,0.667,0.667],"y":[1,1,1]},"o":{"x":[0.333,0.333,0.333],"y":[0,0,0]},"n":["0p667_1_0p333_0","0p667_1_0p333_0","0p667_1_0p333_0"],"t":100,"s":[0,100,100],"e":[69,100,100]},{"i":{"x":[0.667,0.667,0.667],"y":[1,1,1]},"o":{"x":[0.333,0.333,0.333],"y":[0,0,0]},"n":["0p667_1_0p333_0","0p667_1_0p333_0","0p667_1_0p333_0"],"t":128,"s":[69,100,100],"e":[100,100,100]},{"i":{"x":[0.667,0.667,0.667],"y":[1,1,1]},"o":{"x":[0.333,0.333,0.333],"y":[0,0,0]},"n":["0p667_1_0p333_0","0p667_1_0p333_0","0p667_1_0p333_0"],"t":144,"s":[100,100,100],"e":[75,100,100]},{"i":{"x":[0.667,0.667,0.667],"y":[1,1,1]},"o":{"x":[0.333,0.333,0.333],"y":[0,0,0]},"n":["0p667_1_0p333_0","0p667_1_0p333_0","0p667_1_0p333_0"],"t":168,"s":[75,100,100],"e":[100,100,100]},{"i":{"x":[0.667,0.667,0.667],"y":[1,1,1]},"o":{"x":[0.306,0.306,0.306],"y":[0,0,0]},"n":["0p667_1_0p306_0","0p667_1_0p306_0","0p667_1_0p306_0"],"t":192,"s":[100,100,100],"e":[75,100,100]},{"i":{"x":[0.667,0.667,0.667],"y":[1,1,1]},"o":{"x":[0.333,0.333,0.333],"y":[0,0,0]},"n":["0p667_1_0p333_0","0p667_1_0p333_0","0p667_1_0p333_0"],"t":216,"s":[75,100,100],"e":[100,100,100]},{"i":{"x":[0.667,0.667,0.667],"y":[1,1,1]},"o":{"x":[0.333,0.333,0.333],"y":[0,0,0]},"n":["0p667_1_0p333_0","0p667_1_0p333_0","0p667_1_0p333_0"],"t":240,"s":[100,100,100],"e":[75,100,100]},{"i":{"x":[0.667,0.667,0.667],"y":[1,1,1]},"o":{"x":[0.333,0.333,0.333],"y":[0,0,0]},"n":["0p667_1_0p333_0","0p667_1_0p333_0","0p667_1_0p333_0"],"t":264,"s":[75,100,100],"e":[100,100,100]},{"i":{"x":[0.667,0.667,0.667],"y":[1,1,1]},"o":{"x":[0.167,0.167,0.167],"y":[0,0,0]},"n":["0p667_1_0p167_0","0p667_1_0p167_0","0p667_1_0p167_0"],"t":288,"s":[100,100,100],"e":[75,100,100]},{"t":312}],"ix":6}},"ao":0,"shapes":[{"ty":"gr","it":[{"ind":0,"ty":"sh","ix":1,"ks":{"a":0,"k":{"i":[[0,-2.485],[-14.635,0],[0,2.486],[14.635,0]],"o":[[0,2.486],[14.635,0],[0,-2.485],[-14.635,0]],"v":[[-26.5,0],[0,4.5],[26.499,0],[0,-4.5]],"c":true},"ix":2},"nm":"Path 2","mn":"ADBE Vector Shape - Group","hd":false},{"ty":"fl","c":{"a":0,"k":[0,0,0,1],"ix":4},"o":{"a":0,"k":100,"ix":5},"r":1,"nm":"Fill 1","mn":"ADBE Vector Graphic - Fill","hd":false},{"ty":"tr","p":{"a":0,"k":[26.5,4.5],"ix":2},"a":{"a":0,"k":[0,0],"ix":1},"s":{"a":0,"k":[100,100],"ix":3},"r":{"a":0,"k":0,"ix":6},"o":{"a":0,"k":10,"ix":7},"sk":{"a":0,"k":0,"ix":4},"sa":{"a":0,"k":0,"ix":5},"nm":"Transform"}],"nm":"Group 1","np":2,"cix":2,"ix":1,"mn":"ADBE Vector Group","hd":false}],"ip":0,"op":2880,"st":0,"bm":0},{"ddd":0,"ind":2,"ty":3,"nm":"Null 1","sr":1,"ks":{"o":{"a":0,"k":0,"ix":11},"r":{"a":0,"k":0,"ix":10},"p":{"a":1,"k":[{"i":{"x":0.667,"y":1},"o":{"x":0.333,"y":0},"n":"0p667_1_0p333_0","t":120,"s":[93.5,126.5,0],"e":[93.5,121.5,0],"to":[0,-0.83333331346512,0],"ti":[0,0,0]},{"i":{"x":0.667,"y":1},"o":{"x":0.333,"y":0},"n":"0p667_1_0p333_0","t":144,"s":[93.5,121.5,0],"e":[93.5,126.5,0],"to":[0,0,0],"ti":[0,0,0]},{"i":{"x":0.667,"y":1},"o":{"x":0.333,"y":0},"n":"0p667_1_0p333_0","t":168,"s":[93.5,126.5,0],"e":[93.5,121.5,0],"to":[0,-0.83333331346512,0],"ti":[0,0,0]},{"i":{"x":0.667,"y":1},"o":{"x":0.333,"y":0},"n":"0p667_1_0p333_0","t":192,"s":[93.5,121.5,0],"e":[93.5,126.5,0],"to":[0,0,0],"ti":[0,0,0]},{"i":{"x":0.667,"y":1},"o":{"x":0.333,"y":0},"n":"0p667_1_0p333_0","t":216,"s":[93.5,126.5,0],"e":[93.5,121.5,0],"to":[0,-0.83333331346512,0],"ti":[0,0,0]},{"i":{"x":0.667,"y":1},"o":{"x":0.333,"y":0},"n":"0p667_1_0p333_0","t":240,"s":[93.5,121.5,0],"e":[93.5,126.5,0],"to":[0,0,0],"ti":[0,0,0]},{"i":{"x":0.667,"y":1},"o":{"x":0.333,"y":0},"n":"0p667_1_0p333_0","t":264,"s":[93.5,126.5,0],"e":[93.5,121.5,0],"to":[0,-0.83333331346512,0],"ti":[0,0,0]},{"i":{"x":0.667,"y":1},"o":{"x":0.333,"y":0},"n":"0p667_1_0p333_0","t":288,"s":[93.5,121.5,0],"e":[93.5,126.5,0],"to":[0,0,0],"ti":[0,-0.83333331346512,0]},{"t":312}],"ix":2},"a":{"a":0,"k":[0,0,0],"ix":1},"s":{"a":1,"k":[{"i":{"x":[0,0,0.667],"y":[1,1,1]},"o":{"x":[0.333,0.333,0.333],"y":[0,0,0]},"n":["0_1_0p333_0","0_1_0p333_0","0p667_1_0p333_0"],"t":120,"s":[100,100,100],"e":[144,144,100]},{"t":132}],"ix":6}},"ao":0,"ip":0,"op":2880,"st":0,"bm":0},{"ddd":0,"ind":3,"ty":4,"nm":"Heart","parent":2,"sr":1,"ks":{"o":{"a":0,"k":100,"ix":11},"r":{"a":0,"k":0,"ix":10},"p":{"a":0,"k":[-1.042,-37.153,0],"ix":2},"a":{"a":0,"k":[4.5,4.5,0],"ix":1},"s":{"a":1,"k":[{"i":{"x":[0.667,0.667,0.667],"y":[1,1,1]},"o":{"x":[0.333,0.333,0.333],"y":[0,0,0]},"n":["0p667_1_0p333_0","0p667_1_0p333_0","0p667_1_0p333_0"],"t":144,"s":[0,0,100],"e":[76.389,76.389,100]},{"i":{"x":[0.667,0.667,0.667],"y":[1,1,1]},"o":{"x":[0.333,0.333,0.333],"y":[0,0,0]},"n":["0p667_1_0p333_0","0p667_1_0p333_0","0p667_1_0p333_0"],"t":153,"s":[76.389,76.389,100],"e":[65.972,65.972,100]},{"i":{"x":[0.667,0.667,0.667],"y":[1,1,1]},"o":{"x":[0.333,0.333,0.333],"y":[0,0,0]},"n":["0p667_1_0p333_0","0p667_1_0p333_0","0p667_1_0p333_0"],"t":157,"s":[65.972,65.972,100],"e":[69.444,69.444,100]},{"i":{"x":[0.667,0.667,0.667],"y":[1,1,1]},"o":{"x":[0.167,0.167,0.167],"y":[0,0,0]},"n":["0p667_1_0p167_0","0p667_1_0p167_0","0p667_1_0p167_0"],"t":159,"s":[69.444,69.444,100],"e":[69.444,69.444,100]},{"i":{"x":[0.833,0.833,0.833],"y":[1,1,1]},"o":{"x":[0.167,0.167,0.167],"y":[0,0,0]},"n":["0p833_1_0p167_0","0p833_1_0p167_0","0p833_1_0p167_0"],"t":168,"s":[69.444,69.444,100],"e":[80.444,80.444,100]},{"i":{"x":[0.667,0.667,0.667],"y":[1,1,1]},"o":{"x":[0.167,0.167,0.167],"y":[0,0,0]},"n":["0p667_1_0p167_0","0p667_1_0p167_0","0p667_1_0p167_0"],"t":174,"s":[80.444,80.444,100],"e":[69.444,69.444,100]},{"i":{"x":[0.667,0.667,0.667],"y":[1,1,1]},"o":{"x":[0.167,0.167,0.167],"y":[0,0,0]},"n":["0p667_1_0p167_0","0p667_1_0p167_0","0p667_1_0p167_0"],"t":178,"s":[69.444,69.444,100],"e":[69.444,69.444,100]},{"i":{"x":[0.833,0.833,0.833],"y":[1,1,1]},"o":{"x":[0.167,0.167,0.167],"y":[0,0,0]},"n":["0p833_1_0p167_0","0p833_1_0p167_0","0p833_1_0p167_0"],"t":192,"s":[69.444,69.444,100],"e":[80.444,80.444,100]},{"i":{"x":[0.667,0.667,0.667],"y":[1,1,1]},"o":{"x":[0.167,0.167,0.167],"y":[0,0,0]},"n":["0p667_1_0p167_0","0p667_1_0p167_0","0p667_1_0p167_0"],"t":198,"s":[80.444,80.444,100],"e":[69.444,69.444,100]},{"i":{"x":[0.667,0.667,0.667],"y":[1,1,1]},"o":{"x":[0.167,0.167,0.167],"y":[0,0,0]},"n":["0p667_1_0p167_0","0p667_1_0p167_0","0p667_1_0p167_0"],"t":202,"s":[69.444,69.444,100],"e":[69.444,69.444,100]},{"i":{"x":[0.833,0.833,0.833],"y":[1,1,1]},"o":{"x":[0.167,0.167,0.167],"y":[0,0,0]},"n":["0p833_1_0p167_0","0p833_1_0p167_0","0p833_1_0p167_0"],"t":216,"s":[69.444,69.444,100],"e":[80.444,80.444,100]},{"i":{"x":[0.667,0.667,0.667],"y":[1,1,1]},"o":{"x":[0.167,0.167,0.167],"y":[0,0,0]},"n":["0p667_1_0p167_0","0p667_1_0p167_0","0p667_1_0p167_0"],"t":222,"s":[80.444,80.444,100],"e":[69.444,69.444,100]},{"i":{"x":[0.667,0.667,0.667],"y":[1,1,1]},"o":{"x":[0.167,0.167,0.167],"y":[0,0,0]},"n":["0p667_1_0p167_0","0p667_1_0p167_0","0p667_1_0p167_0"],"t":226,"s":[69.444,69.444,100],"e":[69.444,69.444,100]},{"i":{"x":[0.833,0.833,0.833],"y":[1,1,1]},"o":{"x":[0.167,0.167,0.167],"y":[0,0,0]},"n":["0p833_1_0p167_0","0p833_1_0p167_0","0p833_1_0p167_0"],"t":240,"s":[69.444,69.444,100],"e":[80.444,80.444,100]},{"i":{"x":[0.667,0.667,0.667],"y":[1,1,1]},"o":{"x":[0.167,0.167,0.167],"y":[0,0,0]},"n":["0p667_1_0p167_0","0p667_1_0p167_0","0p667_1_0p167_0"],"t":246,"s":[80.444,80.444,100],"e":[69.444,69.444,100]},{"i":{"x":[0.667,0.667,0.667],"y":[1,1,1]},"o":{"x":[0.167,0.167,0.167],"y":[0,0,0]},"n":["0p667_1_0p167_0","0p667_1_0p167_0","0p667_1_0p167_0"],"t":250,"s":[69.444,69.444,100],"e":[69.444,69.444,100]},{"i":{"x":[0.833,0.833,0.833],"y":[1,1,1]},"o":{"x":[0.167,0.167,0.167],"y":[0,0,0]},"n":["0p833_1_0p167_0","0p833_1_0p167_0","0p833_1_0p167_0"],"t":269,"s":[69.444,69.444,100],"e":[80.444,80.444,100]},{"i":{"x":[0.667,0.667,0.667],"y":[1,1,1]},"o":{"x":[0.167,0.167,0.167],"y":[0,0,0]},"n":["0p667_1_0p167_0","0p667_1_0p167_0","0p667_1_0p167_0"],"t":275,"s":[80.444,80.444,100],"e":[69.444,69.444,100]},{"i":{"x":[0.667,0.667,0.667],"y":[1,1,1]},"o":{"x":[0.167,0.167,0.167],"y":[0,0,0]},"n":["0p667_1_0p167_0","0p667_1_0p167_0","0p667_1_0p167_0"],"t":279,"s":[69.444,69.444,100],"e":[69.444,69.444,100]},{"i":{"x":[0.833,0.833,0.833],"y":[1,1,1]},"o":{"x":[0.167,0.167,0.167],"y":[0,0,0]},"n":["0p833_1_0p167_0","0p833_1_0p167_0","0p833_1_0p167_0"],"t":293,"s":[69.444,69.444,100],"e":[80.444,80.444,100]},{"i":{"x":[0.667,0.667,0.667],"y":[1,1,1]},"o":{"x":[0.167,0.167,0.167],"y":[0,0,0]},"n":["0p667_1_0p167_0","0p667_1_0p167_0","0p667_1_0p167_0"],"t":299,"s":[80.444,80.444,100],"e":[69.444,69.444,100]},{"t":303}],"ix":6}},"ao":0,"shapes":[{"ty":"gr","it":[{"ind":0,"ty":"sh","ix":1,"ks":{"a":0,"k":{"i":[[0.303,-0.122],[-0.666,-1.409],[-2.421,-1.727],[-0.569,1.206],[-0.006,0.401],[0,0],[1.033,0.417],[0,0],[1.219,0]],"o":[[-1.452,0.586],[0.569,1.205],[2.422,-1.727],[0.18,-0.38],[0,0],[-0.015,-1.052],[-1.707,-0.687],[0,0],[-0.264,0]],"v":[[-2.638,-3.788],[-4.003,-0.046],[0.191,4.471],[4.394,-0.044],[4.669,-1.23],[4.669,-1.311],[3.029,-3.783],[0.191,-2.883],[-1.786,-3.96]],"c":true},"ix":2},"nm":"Path 1","mn":"ADBE Vector Shape - Group","hd":false},{"ty":"fl","c":{"a":0,"k":[0.995999983245,0.411999990426,0.349000010771,1],"ix":4},"o":{"a":0,"k":100,"ix":5},"r":1,"nm":"Fill 1","mn":"ADBE Vector Graphic - Fill","hd":false},{"ty":"tr","p":{"a":0,"k":[4.278,3.96],"ix":2},"a":{"a":0,"k":[0,0],"ix":1},"s":{"a":0,"k":[100,100],"ix":3},"r":{"a":0,"k":0,"ix":6},"o":{"a":0,"k":100,"ix":7},"sk":{"a":0,"k":0,"ix":4},"sa":{"a":0,"k":0,"ix":5},"nm":"Transform"}],"nm":"Group 1","np":2,"cix":2,"ix":1,"mn":"ADBE Vector Group","hd":false}],"ip":0,"op":2880,"st":0,"bm":0},{"ddd":0,"ind":4,"ty":4,"nm":"mid triangle","parent":2,"sr":1,"ks":{"o":{"a":0,"k":100,"ix":11},"r":{"a":0,"k":0,"ix":10},"p":{"a":0,"k":[-0.75,0.625,0],"ix":2},"a":{"a":0,"k":[6,5,0],"ix":1},"s":{"a":1,"k":[{"i":{"x":[0.667,0.667,0.667],"y":[1,1,1]},"o":{"x":[0.333,0.333,0.333],"y":[0,0,0]},"n":["0p667_1_0p333_0","0p667_1_0p333_0","0p667_1_0p333_0"],"t":132,"s":[0,0,100],"e":[110,110,100]},{"i":{"x":[0.833,0.833,0.833],"y":[1,1,1]},"o":{"x":[0.167,0.167,0.167],"y":[0,0,0]},"n":["0p833_1_0p167_0","0p833_1_0p167_0","0p833_1_0p167_0"],"t":138,"s":[110,110,100],"e":[95,95,100]},{"i":{"x":[0.833,0.833,0.833],"y":[1,1,1]},"o":{"x":[0.167,0.167,0.167],"y":[0,0,0]},"n":["0p833_1_0p167_0","0p833_1_0p167_0","0p833_1_0p167_0"],"t":142,"s":[95,95,100],"e":[100,100,100]},{"t":144}],"ix":6}},"ao":0,"shapes":[{"ty":"gr","it":[{"ind":0,"ty":"sh","ix":1,"ks":{"a":0,"k":{"i":[[0,0],[-0.379,-0.631],[0,0],[-0.298,0],[-0.114,0.29],[0,0],[0.733,0]],"o":[[-0.732,0],[0,0],[0.112,0.29],[0.296,0],[0,0],[0.378,-0.631],[0,0]],"v":[[-3.187,-4],[-3.835,-2.855],[-0.72,2.521],[-0.042,3],[0.636,2.521],[3.834,-2.855],[3.187,-4]],"c":true},"ix":2},"nm":"Path 2","mn":"ADBE Vector Shape - Group","hd":false},{"ty":"fl","c":{"a":0,"k":[0.952999997606,0.972999961703,1,1],"ix":4},"o":{"a":0,"k":100,"ix":5},"r":1,"nm":"Fill 1","mn":"ADBE Vector Graphic - Fill","hd":false},{"ty":"tr","p":{"a":0,"k":[6,5],"ix":2},"a":{"a":0,"k":[0,0],"ix":1},"s":{"a":0,"k":[100,100],"ix":3},"r":{"a":0,"k":0,"ix":6},"o":{"a":0,"k":100,"ix":7},"sk":{"a":0,"k":0,"ix":4},"sa":{"a":0,"k":0,"ix":5},"nm":"Transform"}],"nm":"Group 1","np":2,"cix":2,"ix":1,"mn":"ADBE Vector Group","hd":false},{"ty":"gr","it":[{"ind":0,"ty":"sh","ix":1,"ks":{"a":0,"k":{"i":[[0,0],[-0.557,-0.901],[0,0],[-0.439,0],[-0.185,0.409],[0,0],[-0.006,0.22],[0,0],[0.752,0.009]],"o":[[-1.101,0],[0,0],[0.186,0.409],[0.437,0],[0,0],[0.165,-0.261],[0,0],[-0.012,-0.518],[0,0]],"v":[[-4.777,-5],[-5.758,-3.361],[-1.079,4.33],[-0.057,5],[0.963,4.33],[5.749,-3.347],[6,-4.074],[6,-4.116],[4.795,-5]],"c":true},"ix":2},"nm":"Path 2","mn":"ADBE Vector Shape - Group","hd":false},{"ty":"fl","c":{"a":0,"k":[0.952999997606,0.972999961703,1,1],"ix":4},"o":{"a":0,"k":100,"ix":5},"r":1,"nm":"Fill 1","mn":"ADBE Vector Graphic - Fill","hd":false},{"ty":"tr","p":{"a":0,"k":[6,5],"ix":2},"a":{"a":0,"k":[0,0],"ix":1},"s":{"a":0,"k":[100,100],"ix":3},"r":{"a":0,"k":0,"ix":6},"o":{"a":0,"k":30,"ix":7},"sk":{"a":0,"k":0,"ix":4},"sa":{"a":0,"k":0,"ix":5},"nm":"Transform"}],"nm":"Group 2","np":2,"cix":2,"ix":2,"mn":"ADBE Vector Group","hd":false}],"ip":0,"op":2880,"st":0,"bm":0},{"ddd":0,"ind":5,"ty":4,"nm":"Head","parent":2,"sr":1,"ks":{"o":{"a":1,"k":[{"i":{"x":[0.667],"y":[1]},"o":{"x":[0.333],"y":[0]},"n":["0p667_1_0p333_0"],"t":137,"s":[0],"e":[100]},{"t":145}],"ix":11},"r":{"a":0,"k":0,"ix":10},"p":{"a":1,"k":[{"i":{"x":0.667,"y":1},"o":{"x":0.333,"y":0},"n":"0p667_1_0p333_0","t":137,"s":[-1.5,-53.4,0],"e":[-1.5,-43.4,0],"to":[0,1.66666662693024,0],"ti":[0,-1.66666662693024,0]},{"t":145}],"ix":2},"a":{"a":0,"k":[23,26.6,0],"ix":1},"s":{"a":0,"k":[100,100,100],"ix":6}},"ao":0,"shapes":[{"ty":"gr","it":[{"ind":0,"ty":"sh","ix":1,"ks":{"a":0,"k":{"i":[[0,-1.38],[-1.381,0],[0,1.381],[1.381,0]],"o":[[0,1.381],[1.381,0],[0,-1.38],[-1.381,0]],"v":[[-2.499,-0.001],[0.001,2.499],[2.499,-0.001],[0.001,-2.499]],"c":true},"ix":2},"nm":"Path 1","mn":"ADBE Vector Shape - Group","hd":false},{"ty":"fl","c":{"a":0,"k":[0.976000019148,0.588000009574,0.169000004787,1],"ix":4},"o":{"a":0,"k":100,"ix":5},"r":1,"nm":"Fill 1","mn":"ADBE Vector Graphic - Fill","hd":false},{"ty":"tr","p":{"a":0,"k":[22.5,2.5],"ix":2},"a":{"a":0,"k":[0,0],"ix":1},"s":{"a":0,"k":[100,100],"ix":3},"r":{"a":0,"k":0,"ix":6},"o":{"a":0,"k":100,"ix":7},"sk":{"a":0,"k":0,"ix":4},"sa":{"a":0,"k":0,"ix":5},"nm":"Transform"}],"nm":"Group 1","np":2,"cix":2,"ix":1,"mn":"ADBE Vector Group","hd":false},{"ty":"gr","it":[{"ind":0,"ty":"sh","ix":1,"ks":{"a":0,"k":{"i":[[0,-1.719],[-3.372,0],[0,1.719],[3.374,0]],"o":[[0,1.719],[3.374,0],[0,-1.719],[-3.372,0]],"v":[[-7.001,-0.001],[-0.001,2.501],[7.001,-0.001],[-0.001,-2.501]],"c":true},"ix":2},"nm":"Path 1","mn":"ADBE Vector Shape - Group","hd":false},{"ind":1,"ty":"sh","ix":2,"ks":{"a":0,"k":{"i":[[-0.077,0.37],[-3.832,0],[-0.101,-0.41],[3.846,0]],"o":[[0.076,-0.371],[3.82,0],[-0.101,0.383],[-3.844,0]],"v":[[-5.85,0.014],[-0.001,-1.309],[5.85,0.014],[-0.001,1.336]],"c":true},"ix":2},"nm":"Path 2","mn":"ADBE Vector Shape - Group","hd":false},{"ty":"fl","c":{"a":0,"k":[1,0.713999968884,0.33300000359,1],"ix":4},"o":{"a":0,"k":100,"ix":5},"r":1,"nm":"Fill 1","mn":"ADBE Vector Graphic - Fill","hd":false},{"ty":"tr","p":{"a":0,"k":[23,8.5],"ix":2},"a":{"a":0,"k":[0,0],"ix":1},"s":{"a":0,"k":[100,100],"ix":3},"r":{"a":0,"k":0,"ix":6},"o":{"a":0,"k":100,"ix":7},"sk":{"a":0,"k":0,"ix":4},"sa":{"a":0,"k":0,"ix":5},"nm":"Transform"}],"nm":"Group 2","np":3,"cix":2,"ix":2,"mn":"ADBE Vector Group","hd":false},{"ty":"gr","it":[{"ind":0,"ty":"sh","ix":1,"ks":{"a":0,"k":{"i":[[0,0],[0,0],[0,0],[0,0]],"o":[[0,0],[0,0],[0,0],[0,0]],"v":[[-0.45,6.999],[0.45,6.999],[0.45,-6.999],[-0.45,-6.999]],"c":true},"ix":2},"nm":"Path 1","mn":"ADBE Vector Shape - Group","hd":false},{"ty":"fl","c":{"a":0,"k":[1,0.713999968884,0.33300000359,1],"ix":4},"o":{"a":0,"k":100,"ix":5},"r":1,"nm":"Fill 1","mn":"ADBE Vector Graphic - Fill","hd":false},{"ty":"tr","p":{"a":0,"k":[22.45,8],"ix":2},"a":{"a":0,"k":[0,0],"ix":1},"s":{"a":0,"k":[100,100],"ix":3},"r":{"a":0,"k":0,"ix":6},"o":{"a":0,"k":100,"ix":7},"sk":{"a":0,"k":0,"ix":4},"sa":{"a":0,"k":0,"ix":5},"nm":"Transform"}],"nm":"Group 3","np":2,"cix":2,"ix":3,"mn":"ADBE Vector Group","hd":false},{"ty":"gr","it":[{"ind":0,"ty":"sh","ix":1,"ks":{"a":0,"k":{"i":[[0.028,0],[-0.048,-4.537],[-4.378,0.047],[0.048,4.538],[4.34,0]],"o":[[-4.378,0.048],[0.049,4.537],[4.379,-0.047],[-0.049,-4.508],[-0.028,0]],"v":[[-0.09,-8.239],[-7.928,0.063],[0.089,8.192],[7.928,-0.109],[-0.006,-8.239]],"c":true},"ix":2},"nm":"Path 2","mn":"ADBE Vector Shape - Group","hd":false},{"ty":"fl","c":{"a":0,"k":[0.952999997606,0.972999961703,1,1],"ix":4},"o":{"a":0,"k":100,"ix":5},"r":1,"nm":"Fill 1","mn":"ADBE Vector Graphic - Fill","hd":false},{"ty":"tr","p":{"a":0,"k":[23.188,32.535],"ix":2},"a":{"a":0,"k":[0,0],"ix":1},"s":{"a":0,"k":[100,100],"ix":3},"r":{"a":0,"k":0,"ix":6},"o":{"a":0,"k":100,"ix":7},"sk":{"a":0,"k":0,"ix":4},"sa":{"a":0,"k":0,"ix":5},"nm":"Transform"}],"nm":"Group 4","np":2,"cix":2,"ix":4,"mn":"ADBE Vector Group","hd":false},{"ty":"gr","it":[{"ind":0,"ty":"sh","ix":1,"ks":{"a":0,"k":{"i":[[0.032,0],[-0.056,-5.116],[-4.934,0.054],[0.054,5.117],[4.892,0.001]],"o":[[-4.934,0.053],[0.056,5.115],[4.936,-0.053],[-0.056,-5.081],[-0.032,0]],"v":[[-0.1,-9.288],[-8.935,0.07],[0.1,9.236],[8.937,-0.124],[-0.004,-9.29]],"c":true},"ix":2},"nm":"Path 2","mn":"ADBE Vector Shape - Group","hd":false},{"ty":"fl","c":{"a":0,"k":[0.976000019148,0.588000009574,0.169000004787,1],"ix":4},"o":{"a":0,"k":100,"ix":5},"r":1,"nm":"Fill 1","mn":"ADBE Vector Graphic - Fill","hd":false},{"ty":"tr","p":{"a":0,"k":[23.035,31.386],"ix":2},"a":{"a":0,"k":[0,0],"ix":1},"s":{"a":0,"k":[100,100],"ix":3},"r":{"a":0,"k":0,"ix":6},"o":{"a":0,"k":100,"ix":7},"sk":{"a":0,"k":0,"ix":4},"sa":{"a":0,"k":0,"ix":5},"nm":"Transform"}],"nm":"Group 5","np":2,"cix":2,"ix":5,"mn":"ADBE Vector Group","hd":false},{"ty":"gr","it":[{"ind":0,"ty":"sh","ix":1,"ks":{"a":0,"k":{"i":[[0.494,-10.927],[-11.112,-0.503],[-0.296,0],[0,0],[-0.494,10.921],[11.111,0.503],[0.304,0]],"o":[[-0.507,11.239],[0.299,0.014],[0,0],[10.7,-0.011],[0.508,-11.238],[-0.307,-0.014],[-10.71,0]],"v":[[-20.12,-0.911],[-0.92,20.348],[-0.025,20.368],[0.015,20.368],[20.119,0.911],[0.92,-20.348],[0.004,-20.368]],"c":true},"ix":2},"nm":"Path 2","mn":"ADBE Vector Shape - Group","hd":false},{"ty":"fl","c":{"a":0,"k":[1,0.713999968884,0.33300000359,1],"ix":4},"o":{"a":0,"k":100,"ix":5},"r":1,"nm":"Fill 1","mn":"ADBE Vector Graphic - Fill","hd":false},{"ty":"tr","p":{"a":0,"k":[22.879,32.83],"ix":2},"a":{"a":0,"k":[0,0],"ix":1},"s":{"a":0,"k":[100,100],"ix":3},"r":{"a":0,"k":0,"ix":6},"o":{"a":0,"k":100,"ix":7},"sk":{"a":0,"k":0,"ix":4},"sa":{"a":0,"k":0,"ix":5},"nm":"Transform"}],"nm":"Group 6","np":2,"cix":2,"ix":6,"mn":"ADBE Vector Group","hd":false},{"ty":"gr","it":[{"ind":0,"ty":"sh","ix":1,"ks":{"a":0,"k":{"i":[[0,0],[0,-2.011],[0,0],[-2.011,0],[0,0],[0,2.01],[0,0],[2.011,0]],"o":[[-2.011,0],[0,0],[0,2.01],[0,0],[2.011,0],[0,0],[0,-2.011],[0,0]],"v":[[-1.359,-6.999],[-5,-3.359],[-5,3.361],[-1.359,6.999],[1.36,6.999],[5,3.361],[5,-3.359],[1.36,-6.999]],"c":true},"ix":2},"nm":"Path 1","mn":"ADBE Vector Shape - Group","hd":false},{"ty":"fl","c":{"a":0,"k":[0.976000019148,0.588000009574,0.169000004787,1],"ix":4},"o":{"a":0,"k":100,"ix":5},"r":1,"nm":"Fill 1","mn":"ADBE Vector Graphic - Fill","hd":false},{"ty":"tr","p":{"a":0,"k":[41,33],"ix":2},"a":{"a":0,"k":[0,0],"ix":1},"s":{"a":0,"k":[100,100],"ix":3},"r":{"a":0,"k":0,"ix":6},"o":{"a":0,"k":100,"ix":7},"sk":{"a":0,"k":0,"ix":4},"sa":{"a":0,"k":0,"ix":5},"nm":"Transform"}],"nm":"Group 7","np":2,"cix":2,"ix":7,"mn":"ADBE Vector Group","hd":false},{"ty":"gr","it":[{"ind":0,"ty":"sh","ix":1,"ks":{"a":0,"k":{"i":[[0,0],[0,-2.01],[0,0],[-2.011,0],[0,0],[0,2.009],[0,0],[2.011,0]],"o":[[-2.011,0],[0,0],[0,2.009],[0,0],[2.011,0],[0,0],[0,-2.01],[0,0]],"v":[[-1.359,-6.999],[-5,-3.361],[-5,3.361],[-1.359,6.999],[1.36,6.999],[5,3.361],[5,-3.361],[1.36,-6.999]],"c":true},"ix":2},"nm":"Path 1","mn":"ADBE Vector Shape - Group","hd":false},{"ty":"fl","c":{"a":0,"k":[0.976000019148,0.588000009574,0.169000004787,1],"ix":4},"o":{"a":0,"k":100,"ix":5},"r":1,"nm":"Fill 1","mn":"ADBE Vector Graphic - Fill","hd":false},{"ty":"tr","p":{"a":0,"k":[5,34],"ix":2},"a":{"a":0,"k":[0,0],"ix":1},"s":{"a":0,"k":[100,100],"ix":3},"r":{"a":0,"k":0,"ix":6},"o":{"a":0,"k":100,"ix":7},"sk":{"a":0,"k":0,"ix":4},"sa":{"a":0,"k":0,"ix":5},"nm":"Transform"}],"nm":"Group 8","np":2,"cix":2,"ix":8,"mn":"ADBE Vector Group","hd":false}],"ip":0,"op":2880,"st":0,"bm":0},{"ddd":0,"ind":6,"ty":4,"nm":"LHand","parent":2,"sr":1,"ks":{"o":{"a":0,"k":100,"ix":11},"r":{"a":1,"k":[{"i":{"x":[0.667],"y":[1]},"o":{"x":[0.333],"y":[0]},"n":["0p667_1_0p333_0"],"t":144,"s":[0],"e":[-15]},{"i":{"x":[0.667],"y":[1]},"o":{"x":[0.333],"y":[0]},"n":["0p667_1_0p333_0"],"t":156,"s":[-15],"e":[0]},{"i":{"x":[0.667],"y":[1]},"o":{"x":[0.333],"y":[0]},"n":["0p667_1_0p333_0"],"t":168,"s":[0],"e":[-15]},{"i":{"x":[0.667],"y":[1]},"o":{"x":[0.333],"y":[0]},"n":["0p667_1_0p333_0"],"t":180,"s":[-15],"e":[0]},{"i":{"x":[0.667],"y":[1]},"o":{"x":[0.296],"y":[0]},"n":["0p667_1_0p296_0"],"t":192,"s":[0],"e":[0]},{"i":{"x":[0.667],"y":[1]},"o":{"x":[0.333],"y":[0]},"n":["0p667_1_0p333_0"],"t":240,"s":[0],"e":[-15]},{"i":{"x":[0.667],"y":[1]},"o":{"x":[0.333],"y":[0]},"n":["0p667_1_0p333_0"],"t":252,"s":[-15],"e":[0]},{"i":{"x":[0.667],"y":[1]},"o":{"x":[0.333],"y":[0]},"n":["0p667_1_0p333_0"],"t":264,"s":[0],"e":[-15]},{"i":{"x":[0.667],"y":[1]},"o":{"x":[0.333],"y":[0]},"n":["0p667_1_0p333_0"],"t":276,"s":[-15],"e":[0]},{"t":288}],"ix":10},"p":{"a":1,"k":[{"i":{"x":0,"y":1},"o":{"x":0.333,"y":0},"n":"0_1_0p333_0","t":132,"s":[-6.298,-1.594,0],"e":[-18.277,-7.92,0],"to":[-1.99652767181396,-1.05439817905426,0],"ti":[1.99652767181396,1.05439817905426,0]},{"t":142}],"ix":2},"a":{"a":0,"k":[0,7.281,0],"ix":1},"s":{"a":0,"k":[-100,100,100],"ix":6}},"ao":0,"shapes":[{"ty":"gr","it":[{"ind":0,"ty":"sh","ix":1,"ks":{"a":0,"k":{"i":[[3.311,-2.572],[0,0],[-3.941,6.173],[-0.009,0.722],[0,0],[2.557,0.013]],"o":[[0,0],[0,0],[0,0],[0,0],[-0.01,-0.903],[-4.273,0.727]],"v":[[-7.351,-2.257],[-5.485,7.281],[6.978,-3.949],[7.351,-5.315],[7.351,-5.362],[4.197,-7.281]],"c":true},"ix":2},"nm":"Path 2","mn":"ADBE Vector Shape - Group","hd":false},{"ty":"fl","c":{"a":0,"k":[1,0.713999968884,0.33300000359,1],"ix":4},"o":{"a":0,"k":100,"ix":5},"r":1,"nm":"Fill 1","mn":"ADBE Vector Graphic - Fill","hd":false},{"ty":"tr","p":{"a":0,"k":[7.351,7.281],"ix":2},"a":{"a":0,"k":[0,0],"ix":1},"s":{"a":0,"k":[100,100],"ix":3},"r":{"a":0,"k":0,"ix":6},"o":{"a":0,"k":100,"ix":7},"sk":{"a":0,"k":0,"ix":4},"sa":{"a":0,"k":0,"ix":5},"nm":"Transform"}],"nm":"Group 1","np":2,"cix":2,"ix":1,"mn":"ADBE Vector Group","hd":false}],"ip":132,"op":2880,"st":0,"bm":0},{"ddd":0,"ind":7,"ty":4,"nm":"RHand","parent":2,"sr":1,"ks":{"o":{"a":0,"k":100,"ix":11},"r":{"a":1,"k":[{"i":{"x":[0.667],"y":[1]},"o":{"x":[0.333],"y":[0]},"n":["0p667_1_0p333_0"],"t":144,"s":[0],"e":[15]},{"i":{"x":[0.667],"y":[1]},"o":{"x":[0.333],"y":[0]},"n":["0p667_1_0p333_0"],"t":156,"s":[15],"e":[0]},{"i":{"x":[0.667],"y":[1]},"o":{"x":[0.333],"y":[0]},"n":["0p667_1_0p333_0"],"t":168,"s":[0],"e":[15]},{"i":{"x":[0.667],"y":[1]},"o":{"x":[0.333],"y":[0]},"n":["0p667_1_0p333_0"],"t":180,"s":[15],"e":[0]},{"i":{"x":[0.667],"y":[1]},"o":{"x":[0.296],"y":[0]},"n":["0p667_1_0p296_0"],"t":192,"s":[0],"e":[0]},{"i":{"x":[0.667],"y":[1]},"o":{"x":[0.333],"y":[0]},"n":["0p667_1_0p333_0"],"t":240,"s":[0],"e":[15]},{"i":{"x":[0.667],"y":[1]},"o":{"x":[0.333],"y":[0]},"n":["0p667_1_0p333_0"],"t":252,"s":[15],"e":[0]},{"i":{"x":[0.667],"y":[1]},"o":{"x":[0.333],"y":[0]},"n":["0p667_1_0p333_0"],"t":264,"s":[0],"e":[15]},{"i":{"x":[0.667],"y":[1]},"o":{"x":[0.333],"y":[0]},"n":["0p667_1_0p333_0"],"t":276,"s":[15],"e":[0]},{"t":288}],"ix":10},"p":{"a":1,"k":[{"i":{"x":0,"y":1},"o":{"x":0.333,"y":0},"n":"0_1_0p333_0","t":134,"s":[3,-0.344,0],"e":[14.5,-7.486,0],"to":[1.91666662693024,-1.19039344787598,0],"ti":[-1.91666662693024,1.19039344787598,0]},{"t":144}],"ix":2},"a":{"a":0,"k":[0,7.281,0],"ix":1},"s":{"a":0,"k":[100,100,100],"ix":6}},"ao":0,"shapes":[{"ty":"gr","it":[{"ind":0,"ty":"sh","ix":1,"ks":{"a":0,"k":{"i":[[3.311,-2.572],[0,0],[-3.941,6.173],[-0.009,0.722],[0,0],[2.557,0.013]],"o":[[0,0],[0,0],[0,0],[0,0],[-0.01,-0.903],[-4.273,0.727]],"v":[[-7.351,-2.257],[-5.485,7.281],[6.978,-3.949],[7.351,-5.315],[7.351,-5.362],[4.197,-7.281]],"c":true},"ix":2},"nm":"Path 2","mn":"ADBE Vector Shape - Group","hd":false},{"ty":"fl","c":{"a":0,"k":[1,0.713999968884,0.33300000359,1],"ix":4},"o":{"a":0,"k":100,"ix":5},"r":1,"nm":"Fill 1","mn":"ADBE Vector Graphic - Fill","hd":false},{"ty":"tr","p":{"a":0,"k":[7.351,7.281],"ix":2},"a":{"a":0,"k":[0,0],"ix":1},"s":{"a":0,"k":[100,100],"ix":3},"r":{"a":0,"k":0,"ix":6},"o":{"a":0,"k":100,"ix":7},"sk":{"a":0,"k":0,"ix":4},"sa":{"a":0,"k":0,"ix":5},"nm":"Transform"}],"nm":"Group 1","np":2,"cix":2,"ix":1,"mn":"ADBE Vector Group","hd":false}],"ip":132,"op":2880,"st":0,"bm":0},{"ddd":0,"ind":8,"ty":4,"nm":"star 5","sr":1,"ks":{"o":{"a":1,"k":[{"i":{"x":[0.833],"y":[0.833]},"o":{"x":[0.167],"y":[0.167]},"n":["0p833_0p833_0p167_0p167"],"t":66,"s":[0],"e":[100]},{"i":{"x":[0.833],"y":[0.833]},"o":{"x":[0.167],"y":[0.167]},"n":["0p833_0p833_0p167_0p167"],"t":73,"s":[100],"e":[100]},{"i":{"x":[0.833],"y":[0.833]},"o":{"x":[0.167],"y":[0.167]},"n":["0p833_0p833_0p167_0p167"],"t":117,"s":[100],"e":[0]},{"t":122}],"ix":11},"r":{"a":0,"k":0,"ix":10},"p":{"a":1,"k":[{"i":{"x":0.659,"y":0.888},"o":{"x":0.297,"y":0},"n":"0p659_0p888_0p297_0","t":66,"s":[147.906,129.856,0],"e":[147.844,122.553,0],"to":[0,0,0],"ti":[0,0,0]},{"i":{"x":0.659,"y":0.659},"o":{"x":0.425,"y":0.425},"n":"0p659_0p659_0p425_0p425","t":73,"s":[147.844,122.553,0],"e":[147.844,122.553,0],"to":[0,0,0],"ti":[0,0,0]},{"i":{"x":0.667,"y":1},"o":{"x":0.425,"y":0.043},"n":"0p667_1_0p425_0p043","t":80,"s":[147.844,122.553,0],"e":[171.656,122.481,0],"to":[0,0,0],"ti":[0,0,0]},{"t":87}],"ix":2},"a":{"a":0,"k":[170.656,21.356,0],"ix":1},"s":{"a":0,"k":[100,100,100],"ix":6}},"ao":0,"shapes":[{"ty":"gr","it":[{"ind":0,"ty":"sh","ix":1,"ks":{"a":0,"k":{"i":[[0.264,-0.537],[0,0],[0.469,-0.068],[0,0],[-0.855,-0.837],[0,0],[0.081,-0.466],[0,0],[-1.06,0.558],[0,0],[-0.421,-0.221],[0,0],[0.201,1.178],[0,0],[-0.34,0.332],[0,0],[1.186,0.172],[0,0],[0.21,0.427],[0,0],[0.515,0]],"o":[[0,0],[-0.21,0.427],[0,0],[-1.186,0.172],[0,0],[0.339,0.332],[0,0],[-0.202,1.178],[0,0],[0.421,-0.221],[0,0],[1.058,0.557],[0,0],[-0.081,-0.466],[0,0],[0.855,-0.836],[0,0],[-0.47,-0.068],[0,0],[-0.264,-0.537],[-0.515,0]],"v":[[-1.294,-12.205],[-4.316,-6.081],[-5.403,-5.291],[-12.163,-4.309],[-12.965,-1.846],[-8.072,2.921],[-7.658,4.198],[-8.812,10.932],[-6.717,12.453],[-0.673,9.275],[0.672,9.275],[6.719,12.453],[8.814,10.932],[7.658,4.198],[8.072,2.921],[12.965,-1.846],[12.164,-4.309],[5.405,-5.291],[4.317,-6.081],[1.295,-12.205],[0,-13.011]],"c":true},"ix":2},"nm":"Path 1","mn":"ADBE Vector Shape - Group","hd":false},{"ty":"fl","c":{"a":0,"k":[1,0.713999968884,0.33300000359,1],"ix":4},"o":{"a":0,"k":100,"ix":5},"r":1,"nm":"Fill 1","mn":"ADBE Vector Graphic - Fill","hd":false},{"ty":"tr","p":{"a":0,"k":[170.656,21.551],"ix":2},"a":{"a":0,"k":[0,0],"ix":1},"s":{"a":0,"k":[100,100],"ix":3},"r":{"a":0,"k":0,"ix":6},"o":{"a":0,"k":100,"ix":7},"sk":{"a":0,"k":0,"ix":4},"sa":{"a":0,"k":0,"ix":5},"nm":"Transform"}],"nm":"Group 1","np":2,"cix":2,"ix":1,"mn":"ADBE Vector Group","hd":false}],"ip":0,"op":2880,"st":0,"bm":0},{"ddd":0,"ind":9,"ty":4,"nm":"star 4","sr":1,"ks":{"o":{"a":1,"k":[{"i":{"x":[0.833],"y":[0.833]},"o":{"x":[0.167],"y":[0.167]},"n":["0p833_0p833_0p167_0p167"],"t":64,"s":[0],"e":[100]},{"i":{"x":[0.833],"y":[0.833]},"o":{"x":[0.167],"y":[0.167]},"n":["0p833_0p833_0p167_0p167"],"t":71,"s":[100],"e":[100]},{"i":{"x":[0.833],"y":[0.833]},"o":{"x":[0.167],"y":[0.167]},"n":["0p833_0p833_0p167_0p167"],"t":120,"s":[100],"e":[0]},{"t":125}],"ix":11},"r":{"a":0,"k":0,"ix":10},"p":{"a":1,"k":[{"i":{"x":0.659,"y":0.888},"o":{"x":0.297,"y":0},"n":"0p659_0p888_0p297_0","t":64,"s":[112.593,129.856,0],"e":[112.531,122.553,0],"to":[0,0,0],"ti":[0,0,0]},{"i":{"x":0.659,"y":0.659},"o":{"x":0.425,"y":0.425},"n":"0p659_0p659_0p425_0p425","t":71,"s":[112.531,122.553,0],"e":[112.531,122.553,0],"to":[0,0,0],"ti":[0,0,0]},{"i":{"x":0.667,"y":1},"o":{"x":0.425,"y":0.043},"n":"0p667_1_0p425_0p043","t":80,"s":[112.531,122.553,0],"e":[136.343,122.606,0],"to":[0,0,0],"ti":[0,0,0]},{"t":87}],"ix":2},"a":{"a":0,"k":[135.343,21.356,0],"ix":1},"s":{"a":0,"k":[100,100,100],"ix":6}},"ao":0,"shapes":[{"ty":"gr","it":[{"ind":0,"ty":"sh","ix":1,"ks":{"a":0,"k":{"i":[[0.264,-0.537],[0,0],[0.47,-0.068],[0,0],[-0.855,-0.837],[0,0],[0.08,-0.466],[0,0],[-1.057,0.558],[0,0],[-0.42,-0.221],[0,0],[0.203,1.178],[0,0],[-0.34,0.332],[0,0],[1.186,0.172],[0,0],[0.21,0.427],[0,0],[0.515,0]],"o":[[0,0],[-0.21,0.427],[0,0],[-1.184,0.172],[0,0],[0.339,0.332],[0,0],[-0.203,1.178],[0,0],[0.421,-0.221],[0,0],[1.058,0.557],[0,0],[-0.08,-0.466],[0,0],[0.856,-0.836],[0,0],[-0.467,-0.068],[0,0],[-0.264,-0.537],[-0.515,0]],"v":[[-1.295,-12.205],[-4.318,-6.081],[-5.405,-5.291],[-12.166,-4.309],[-12.966,-1.846],[-8.072,2.921],[-7.657,4.198],[-8.813,10.932],[-6.72,12.453],[-0.673,9.275],[0.671,9.275],[6.718,12.453],[8.812,10.932],[7.658,4.198],[8.072,2.921],[12.964,-1.846],[12.163,-4.309],[5.402,-5.291],[4.316,-6.081],[1.292,-12.205],[-0.001,-13.011]],"c":true},"ix":2},"nm":"Path 1","mn":"ADBE Vector Shape - Group","hd":false},{"ty":"fl","c":{"a":0,"k":[1,0.713999968884,0.33300000359,1],"ix":4},"o":{"a":0,"k":100,"ix":5},"r":1,"nm":"Fill 1","mn":"ADBE Vector Graphic - Fill","hd":false},{"ty":"tr","p":{"a":0,"k":[135.344,21.551],"ix":2},"a":{"a":0,"k":[0,0],"ix":1},"s":{"a":0,"k":[100,100],"ix":3},"r":{"a":0,"k":0,"ix":6},"o":{"a":0,"k":100,"ix":7},"sk":{"a":0,"k":0,"ix":4},"sa":{"a":0,"k":0,"ix":5},"nm":"Transform"}],"nm":"Group 2","np":2,"cix":2,"ix":1,"mn":"ADBE Vector Group","hd":false}],"ip":0,"op":2880,"st":0,"bm":0},{"ddd":0,"ind":10,"ty":4,"nm":"star 3","parent":2,"sr":1,"ks":{"o":{"a":0,"k":100,"ix":11},"r":{"a":0,"k":0,"ix":10},"p":{"a":1,"k":[{"i":{"x":0.667,"y":1},"o":{"x":0.333,"y":0},"n":"0p667_1_0p333_0","t":120,"s":[-0.471,-0.143,0],"e":[70.529,7.857,0],"to":[11.8333330154419,1.33333337306976,0],"ti":[-11.8333330154419,-1.33333337306976,0]},{"t":132}],"ix":2},"a":{"a":0,"k":[92.029,21.357,0],"ix":1},"s":{"a":1,"k":[{"i":{"x":[0.833,0.833,0.833],"y":[1,1,1]},"o":{"x":[0.167,0.167,0.167],"y":[0,0,0]},"n":["0p833_1_0p167_0","0p833_1_0p167_0","0p833_1_0p167_0"],"t":80,"s":[0,0,100],"e":[100,100,100]},{"t":87}],"ix":6}},"ao":0,"shapes":[{"ty":"gr","it":[{"ind":0,"ty":"sh","ix":1,"ks":{"a":1,"k":[{"i":{"x":0.667,"y":1},"o":{"x":0.333,"y":0},"n":"0p667_1_0p333_0","t":120,"s":[{"i":[[0.44,-0.894],[0,0],[0.782,-0.114],[0,0],[-1.427,-1.392],[0,0],[0.134,-0.781],[0,0],[-1.4,-0.002],[0,0],[-0.367,0.194],[0,0],[-0.701,-0.369],[0,0],[0.338,1.966],[0,0],[-0.566,0.553],[0,0],[1.974,0.287],[0,0],[0.352,0.709],[0,0],[0.857,0]],"o":[[0,0],[-0.35,0.709],[0,0],[-1.973,0.286],[0,0],[0.566,0.553],[0,0],[-0.266,1.554],[0,0],[0.37,0],[0,0],[0.701,-0.369],[0,0],[1.765,0.927],[0,0],[-0.133,-0.781],[0,0],[1.429,-1.391],[0,0],[-0.785,-0.114],[0,0],[-0.442,-0.894],[-0.858,0]],"v":[[-2.156,-23.464],[-7.194,-13.256],[-9.005,-11.941],[-20.27,-10.305],[-21.604,-6.202],[-13.451,1.743],[-12.76,3.873],[-14.686,15.091],[-12.316,17.909],[-12.312,17.909],[-11.195,17.627],[-1.119,12.331],[1.12,12.331],[11.194,17.627],[14.684,15.091],[12.761,3.873],[13.452,1.743],[21.602,-6.202],[20.269,-10.305],[9.006,-11.941],[7.193,-13.256],[2.158,-23.464],[-0.001,-24.804]],"c":true}],"e":[{"i":[[0,0],[2.524,-0.362],[2.462,-0.711],[0.579,-0.94],[0.009,-0.592],[0,0],[0,0],[-0.007,-0.077],[0,0],[-3.457,-5.12],[-4.142,-0.734],[-0.332,-0.031],[-0.331,-0.003],[0,0],[0,0],[-3.347,3.092],[-1.566,3.913],[-0.198,2.094],[1.7,1.365],[1.842,0.769],[1.983,0.332],[1.391,0.111],[1.393,0.006]],"o":[[-2.55,0.011],[-2.524,0.363],[-1.836,0.54],[-0.579,0.94],[0,0],[0,0],[0.002,0.139],[0.007,0.077],[0,3.915],[3.456,5.12],[0.334,0.059],[0.332,0.031],[0,0],[0,0],[4.135,-0.037],[3.347,-3.092],[0.667,-1.66],[0.198,-2.094],[-1.626,-1.177],[-1.842,-0.769],[-1.384,-0.217],[-1.391,-0.111],[0,0]],"v":[[-72.759,-21.679],[-80.379,-21.119],[-87.867,-19.507],[-91.318,-17.1],[-92.029,-14.615],[-92.029,-14.54],[-92.029,-14.466],[-92.011,-14.138],[-91.997,-14.019],[-86.119,0.93],[-74.029,11.109],[-73.03,11.243],[-72.035,11.293],[-71.927,11.293],[-71.82,11.293],[-60.349,6.041],[-52.731,-5.025],[-51.076,-10.946],[-52.971,-16.425],[-58.192,-19.352],[-63.949,-21.011],[-68.113,-21.504],[-72.29,-21.679]],"c":true}]},{"t":132}],"ix":2},"nm":"Path 1","mn":"ADBE Vector Shape - Group","hd":false},{"ty":"fl","c":{"a":0,"k":[1,0.713999968884,0.33300000359,1],"ix":4},"o":{"a":0,"k":100,"ix":5},"r":1,"nm":"Fill 1","mn":"ADBE Vector Graphic - Fill","hd":false},{"ty":"tr","p":{"a":0,"k":[92.029,21.68],"ix":2},"a":{"a":0,"k":[0,0],"ix":1},"s":{"a":0,"k":[100,100],"ix":3},"r":{"a":0,"k":0,"ix":6},"o":{"a":0,"k":100,"ix":7},"sk":{"a":0,"k":0,"ix":4},"sa":{"a":0,"k":0,"ix":5},"nm":"Transform"}],"nm":"Group 3","np":2,"cix":2,"ix":1,"mn":"ADBE Vector Group","hd":false}],"ip":0,"op":2880,"st":0,"bm":0},{"ddd":0,"ind":11,"ty":4,"nm":"star 2","sr":1,"ks":{"o":{"a":1,"k":[{"i":{"x":[0.833],"y":[0.833]},"o":{"x":[0.167],"y":[0.167]},"n":["0p833_0p833_0p167_0p167"],"t":62,"s":[0],"e":[100]},{"i":{"x":[0.833],"y":[0.833]},"o":{"x":[0.167],"y":[0.167]},"n":["0p833_0p833_0p167_0p167"],"t":69,"s":[100],"e":[100]},{"i":{"x":[0.833],"y":[0.833]},"o":{"x":[0.167],"y":[0.167]},"n":["0p833_0p833_0p167_0p167"],"t":120,"s":[100],"e":[0]},{"t":125}],"ix":11},"r":{"a":0,"k":0,"ix":10},"p":{"a":1,"k":[{"i":{"x":0.659,"y":0.888},"o":{"x":0.297,"y":0},"n":"0p659_0p888_0p297_0","t":62,"s":[73.715,129.856,0],"e":[73.528,122.553,0],"to":[0,0,0],"ti":[0,0,0]},{"i":{"x":0.659,"y":0.659},"o":{"x":0.425,"y":0.425},"n":"0p659_0p659_0p425_0p425","t":69,"s":[73.528,122.553,0],"e":[73.528,122.553,0],"to":[0,0,0],"ti":[0,0,0]},{"i":{"x":0.667,"y":1},"o":{"x":0.425,"y":0.043},"n":"0p667_1_0p425_0p043","t":80,"s":[73.528,122.553,0],"e":[49.715,122.981,0],"to":[0,0,0],"ti":[0,0,0]},{"t":87}],"ix":2},"a":{"a":0,"k":[48.715,21.356,0],"ix":1},"s":{"a":0,"k":[100,100,100],"ix":6}},"ao":0,"shapes":[{"ty":"gr","it":[{"ind":0,"ty":"sh","ix":1,"ks":{"a":0,"k":{"i":[[0.265,-0.537],[0,0],[0.469,-0.068],[0,0],[-0.855,-0.837],[0,0],[0.08,-0.466],[0,0],[-1.059,0.558],[0,0],[-0.422,-0.221],[0,0],[0.202,1.178],[0,0],[-0.341,0.332],[0,0],[1.185,0.172],[0,0],[0.209,0.427],[0,0],[0.514,0]],"o":[[0,0],[-0.211,0.427],[0,0],[-1.186,0.172],[0,0],[0.34,0.332],[0,0],[-0.202,1.178],[0,0],[0.421,-0.221],[0,0],[1.058,0.557],[0,0],[-0.082,-0.466],[0,0],[0.856,-0.836],[0,0],[-0.47,-0.068],[0,0],[-0.265,-0.537],[-0.515,0]],"v":[[-1.294,-12.205],[-4.318,-6.081],[-5.404,-5.291],[-12.163,-4.309],[-12.965,-1.846],[-8.074,2.921],[-7.659,4.198],[-8.814,10.932],[-6.719,12.453],[-0.673,9.275],[0.672,9.275],[6.719,12.453],[8.812,10.932],[7.658,4.198],[8.072,2.921],[12.965,-1.846],[12.163,-4.309],[5.404,-5.291],[4.318,-6.081],[1.294,-12.205],[-0.001,-13.011]],"c":true},"ix":2},"nm":"Path 1","mn":"ADBE Vector Shape - Group","hd":false},{"ty":"fl","c":{"a":0,"k":[1,0.713999968884,0.33300000359,1],"ix":4},"o":{"a":0,"k":100,"ix":5},"r":1,"nm":"Fill 1","mn":"ADBE Vector Graphic - Fill","hd":false},{"ty":"tr","p":{"a":0,"k":[48.715,21.551],"ix":2},"a":{"a":0,"k":[0,0],"ix":1},"s":{"a":0,"k":[100,100],"ix":3},"r":{"a":0,"k":0,"ix":6},"o":{"a":0,"k":100,"ix":7},"sk":{"a":0,"k":0,"ix":4},"sa":{"a":0,"k":0,"ix":5},"nm":"Transform"}],"nm":"Group 4","np":2,"cix":2,"ix":1,"mn":"ADBE Vector Group","hd":false}],"ip":0,"op":2880,"st":0,"bm":0},{"ddd":0,"ind":12,"ty":4,"nm":"star 1","sr":1,"ks":{"o":{"a":1,"k":[{"i":{"x":[0.833],"y":[0.833]},"o":{"x":[0.167],"y":[0.167]},"n":["0p833_0p833_0p167_0p167"],"t":60,"s":[0],"e":[100]},{"i":{"x":[0.833],"y":[0.833]},"o":{"x":[0.167],"y":[0.167]},"n":["0p833_0p833_0p167_0p167"],"t":67,"s":[100],"e":[100]},{"i":{"x":[0.833],"y":[0.833]},"o":{"x":[0.167],"y":[0.167]},"n":["0p833_0p833_0p167_0p167"],"t":117,"s":[100],"e":[0]},{"t":122}],"ix":11},"r":{"a":0,"k":0,"ix":10},"p":{"a":1,"k":[{"i":{"x":0.659,"y":0.888},"o":{"x":0.297,"y":0},"n":"0p659_0p888_0p297_0","t":60,"s":[38.027,129.856,0],"e":[38.214,122.553,0],"to":[0,-0.39040353894234,0],"ti":[0,0,0]},{"i":{"x":0.783,"y":0},"o":{"x":0.217,"y":1},"n":"0p783_0_0p217_1","t":67,"s":[38.214,122.553,0],"e":[38.214,122.553,0],"to":[0,0,0],"ti":[-0.48933652043343,0.97368228435516,0]},{"i":{"x":0.667,"y":1},"o":{"x":0.425,"y":0.043},"n":"0p667_1_0p425_0p043","t":80,"s":[38.214,122.553,0],"e":[14.402,122.731,0],"to":[0.55517357587814,-1.10468482971191,0],"ti":[3.9687294960022,-0.02969709970057,0]},{"t":87}],"ix":2},"a":{"a":0,"k":[13.402,21.356,0],"ix":1},"s":{"a":0,"k":[100,100,100],"ix":6}},"ao":0,"shapes":[{"ty":"gr","it":[{"ind":0,"ty":"sh","ix":1,"ks":{"a":0,"k":{"i":[[0.263,-0.537],[0,0],[0.471,-0.068],[0,0],[0.008,-0.666],[0,0],[-0.295,-0.288],[0,0],[0.08,-0.466],[0,0],[-1.059,0.558],[0,0],[-0.42,-0.221],[0,0],[0.203,1.178],[0,0],[-0.341,0.332],[0,0],[1.184,0.172],[0,0],[0.211,0.427],[0,0],[0.514,0]],"o":[[0,0],[-0.211,0.427],[0,0],[-0.762,0.111],[0,0],[0.005,0.358],[0,0],[0.34,0.332],[0,0],[-0.202,1.178],[0,0],[0.421,-0.221],[0,0],[1.06,0.557],[0,0],[-0.081,-0.466],[0,0],[0.857,-0.836],[0,0],[-0.47,-0.068],[0,0],[-0.265,-0.537],[-0.515,0]],"v":[[-1.503,-12.205],[-4.527,-6.081],[-5.613,-5.291],[-12.374,-4.309],[-13.611,-2.89],[-13.611,-2.853],[-13.174,-1.846],[-8.283,2.921],[-7.867,4.198],[-9.023,10.932],[-6.928,12.453],[-0.882,9.275],[0.462,9.275],[6.508,12.453],[8.603,10.932],[7.449,4.198],[7.865,2.921],[12.755,-1.846],[11.954,-4.309],[5.195,-5.291],[4.107,-6.081],[1.085,-12.205],[-0.21,-13.011]],"c":true},"ix":2},"nm":"Path 1","mn":"ADBE Vector Shape - Group","hd":false},{"ty":"fl","c":{"a":0,"k":[1,0.713999968884,0.33300000359,1],"ix":4},"o":{"a":0,"k":100,"ix":5},"r":1,"nm":"Fill 1","mn":"ADBE Vector Graphic - Fill","hd":false},{"ty":"tr","p":{"a":0,"k":[13.611,21.551],"ix":2},"a":{"a":0,"k":[0,0],"ix":1},"s":{"a":0,"k":[100,100],"ix":3},"r":{"a":0,"k":0,"ix":6},"o":{"a":0,"k":100,"ix":7},"sk":{"a":0,"k":0,"ix":4},"sa":{"a":0,"k":0,"ix":5},"nm":"Transform"}],"nm":"Group 5","np":2,"cix":2,"ix":1,"mn":"ADBE Vector Group","hd":false}],"ip":0,"op":2880,"st":0,"bm":0}],"markers":[]}