{"v":"5.0.6","fr":24,"ip":48,"op":144,"w":304,"h":270,"nm":"PH - cheers","ddd":0,"assets":[],"layers":[{"ddd":0,"ind":1,"ty":3,"nm":"Null 2","sr":1,"ks":{"o":{"a":0,"k":0,"ix":11},"r":{"a":0,"k":0,"ix":10},"p":{"a":0,"k":[152,123,0],"ix":2},"a":{"a":0,"k":[0,0,0],"ix":1},"s":{"a":0,"k":[100,100,100],"ix":6}},"ao":0,"ip":0,"op":2880,"st":0,"bm":0},{"ddd":0,"ind":2,"ty":4,"nm":"Waves 2","parent":1,"sr":1,"ks":{"o":{"a":1,"k":[{"i":{"x":[0.667],"y":[1]},"o":{"x":[0.333],"y":[0]},"n":["0p667_1_0p333_0"],"t":64,"s":[0],"e":[100]},{"i":{"x":[0.667],"y":[1]},"o":{"x":[0.333],"y":[0]},"n":["0p667_1_0p333_0"],"t":68,"s":[100],"e":[0]},{"i":{"x":[0.833],"y":[1]},"o":{"x":[0.159],"y":[0]},"n":["0p833_1_0p159_0"],"t":84,"s":[0],"e":[0]},{"i":{"x":[0.667],"y":[1]},"o":{"x":[0.333],"y":[0]},"n":["0p667_1_0p333_0"],"t":112,"s":[0],"e":[100]},{"i":{"x":[0.667],"y":[1]},"o":{"x":[0.333],"y":[0]},"n":["0p667_1_0p333_0"],"t":116,"s":[100],"e":[0]},{"t":132}],"ix":11},"r":{"a":0,"k":0,"ix":10},"p":{"a":1,"k":[{"i":{"x":0.667,"y":1},"o":{"x":0.333,"y":0},"n":"0p667_1_0p333_0","t":64,"s":[-75.72,-99.085,0],"e":[-75.72,-112.835,0],"to":[0,-2.70833325386047,0],"ti":[0,2.70833325386047,0]},{"i":{"x":0.833,"y":1},"o":{"x":0.175,"y":0},"n":"0p833_1_0p175_0","t":84,"s":[-75.72,-112.835,0],"e":[-75.72,-99.085,0],"to":[0,0,0],"ti":[0,0,0]},{"i":{"x":0.667,"y":1},"o":{"x":0.333,"y":0},"n":"0p667_1_0p333_0","t":112,"s":[-75.72,-99.085,0],"e":[-75.72,-112.835,0],"to":[0,-2.70833325386047,0],"ti":[0,2.70833325386047,0]},{"t":132}],"ix":2},"a":{"a":0,"k":[-75.72,-97.38,0],"ix":1},"s":{"a":1,"k":[{"i":{"x":[0.667,0.667,0.667],"y":[1,1,1]},"o":{"x":[0.333,0.333,0.333],"y":[0,0,0]},"n":["0p667_1_0p333_0","0p667_1_0p333_0","0p667_1_0p333_0"],"t":64,"s":[43,100,100],"e":[117,100,100]},{"i":{"x":[0.833,0.833,0.833],"y":[1,1,1]},"o":{"x":[0.159,0.159,0.159],"y":[0,0,0]},"n":["0p833_1_0p159_0","0p833_1_0p159_0","0p833_1_0p159_0"],"t":84,"s":[117,100,100],"e":[43,100,100]},{"i":{"x":[0.667,0.667,0.667],"y":[1,1,1]},"o":{"x":[0.333,0.333,0.333],"y":[0,0,0]},"n":["0p667_1_0p333_0","0p667_1_0p333_0","0p667_1_0p333_0"],"t":112,"s":[43,100,100],"e":[117,100,100]},{"t":132}],"ix":6}},"ao":0,"shapes":[{"ty":"gr","it":[{"d":1,"ty":"el","s":{"a":0,"k":[34.113,3.684],"ix":2},"p":{"a":0,"k":[0,0],"ix":3},"nm":"Ellipse Path 1","mn":"ADBE Vector Shape - Ellipse","hd":false},{"ty":"st","c":{"a":0,"k":[1,0.713725490196,0.333333333333,1],"ix":3},"o":{"a":0,"k":100,"ix":4},"w":{"a":0,"k":1,"ix":5},"lc":1,"lj":1,"ml":4,"nm":"Stroke 1","mn":"ADBE Vector Graphic - Stroke","hd":false},{"ty":"tr","p":{"a":0,"k":[-75.72,-97.38],"ix":2},"a":{"a":0,"k":[0,0],"ix":1},"s":{"a":0,"k":[100,100],"ix":3},"r":{"a":0,"k":0,"ix":6},"o":{"a":0,"k":100,"ix":7},"sk":{"a":0,"k":0,"ix":4},"sa":{"a":0,"k":0,"ix":5},"nm":"Transform"}],"nm":"Ellipse 1","np":3,"cix":2,"ix":1,"mn":"ADBE Vector Group","hd":false}],"ip":0,"op":2880,"st":0,"bm":0},{"ddd":0,"ind":3,"ty":4,"nm":"Waves","parent":1,"sr":1,"ks":{"o":{"a":1,"k":[{"i":{"x":[0.667],"y":[1]},"o":{"x":[0.333],"y":[0]},"n":["0p667_1_0p333_0"],"t":48,"s":[0],"e":[100]},{"i":{"x":[0.667],"y":[1]},"o":{"x":[0.333],"y":[0]},"n":["0p667_1_0p333_0"],"t":52,"s":[100],"e":[0]},{"i":{"x":[0.667],"y":[1]},"o":{"x":[0.297],"y":[0]},"n":["0p667_1_0p297_0"],"t":68,"s":[0],"e":[0]},{"i":{"x":[0.667],"y":[1]},"o":{"x":[0.333],"y":[0]},"n":["0p667_1_0p333_0"],"t":96,"s":[0],"e":[100]},{"i":{"x":[0.667],"y":[1]},"o":{"x":[0.333],"y":[0]},"n":["0p667_1_0p333_0"],"t":100,"s":[100],"e":[0]},{"t":116}],"ix":11},"r":{"a":0,"k":0,"ix":10},"p":{"a":1,"k":[{"i":{"x":0.667,"y":1},"o":{"x":0.333,"y":0},"n":"0p667_1_0p333_0","t":48,"s":[-75.72,-96.585,0],"e":[-75.72,-112.835,0],"to":[0,-2.70833325386047,0],"ti":[0,2.70833325386047,0]},{"i":{"x":0.667,"y":1},"o":{"x":0.333,"y":0},"n":"0p667_1_0p333_0","t":68,"s":[-75.72,-112.835,0],"e":[-75.72,-96.585,0],"to":[0,0,0],"ti":[0,0,0]},{"i":{"x":0.667,"y":1},"o":{"x":0.333,"y":0},"n":"0p667_1_0p333_0","t":96,"s":[-75.72,-96.585,0],"e":[-75.72,-112.835,0],"to":[0,-2.70833325386047,0],"ti":[0,2.70833325386047,0]},{"t":116}],"ix":2},"a":{"a":0,"k":[-75.72,-97.38,0],"ix":1},"s":{"a":1,"k":[{"i":{"x":[0.667,0.667,0.667],"y":[1,1,1]},"o":{"x":[0.333,0.333,0.333],"y":[0,0,0]},"n":["0p667_1_0p333_0","0p667_1_0p333_0","0p667_1_0p333_0"],"t":48,"s":[43,100,100],"e":[117,100,100]},{"i":{"x":[0.667,0.667,0.667],"y":[1,1,1]},"o":{"x":[0.297,0.297,0.297],"y":[0,0,0]},"n":["0p667_1_0p297_0","0p667_1_0p297_0","0p667_1_0p297_0"],"t":68,"s":[117,100,100],"e":[43,100,100]},{"i":{"x":[0.667,0.667,0.667],"y":[1,1,1]},"o":{"x":[0.333,0.333,0.333],"y":[0,0,0]},"n":["0p667_1_0p333_0","0p667_1_0p333_0","0p667_1_0p333_0"],"t":96,"s":[43,100,100],"e":[117,100,100]},{"t":116}],"ix":6}},"ao":0,"shapes":[{"ty":"gr","it":[{"d":1,"ty":"el","s":{"a":0,"k":[34.113,3.684],"ix":2},"p":{"a":0,"k":[0,0],"ix":3},"nm":"Ellipse Path 1","mn":"ADBE Vector Shape - Ellipse","hd":false},{"ty":"st","c":{"a":0,"k":[1,0.713725490196,0.333333333333,1],"ix":3},"o":{"a":0,"k":100,"ix":4},"w":{"a":0,"k":1,"ix":5},"lc":1,"lj":1,"ml":4,"nm":"Stroke 1","mn":"ADBE Vector Graphic - Stroke","hd":false},{"ty":"tr","p":{"a":0,"k":[-75.72,-97.38],"ix":2},"a":{"a":0,"k":[0,0],"ix":1},"s":{"a":0,"k":[100,100],"ix":3},"r":{"a":0,"k":0,"ix":6},"o":{"a":0,"k":100,"ix":7},"sk":{"a":0,"k":0,"ix":4},"sa":{"a":0,"k":0,"ix":5},"nm":"Transform"}],"nm":"Ellipse 1","np":3,"cix":2,"ix":1,"mn":"ADBE Vector Group","hd":false}],"ip":0,"op":2880,"st":0,"bm":0},{"ddd":0,"ind":4,"ty":4,"nm":"clink lines","parent":1,"sr":1,"ks":{"o":{"a":1,"k":[{"i":{"x":[0.667],"y":[1]},"o":{"x":[0.333],"y":[0]},"n":["0p667_1_0p333_0"],"t":57,"s":[0],"e":[100]},{"i":{"x":[0.667],"y":[1]},"o":{"x":[0.333],"y":[0]},"n":["0p667_1_0p333_0"],"t":61,"s":[100],"e":[100]},{"i":{"x":[0.667],"y":[1]},"o":{"x":[0.333],"y":[0]},"n":["0p667_1_0p333_0"],"t":66,"s":[100],"e":[0]},{"t":69}],"ix":11},"r":{"a":0,"k":0,"ix":10},"p":{"a":1,"k":[{"i":{"x":0.667,"y":1},"o":{"x":0.333,"y":0},"n":"0p667_1_0p333_0","t":57,"s":[-34.875,-67.125,0],"e":[-34.875,-76.625,0],"to":[0,-1.58333337306976,0],"ti":[0,1.58333337306976,0]},{"t":68}],"ix":2},"a":{"a":0,"k":[7,4,0],"ix":1},"s":{"a":0,"k":[100,100,100],"ix":6}},"ao":0,"shapes":[{"ty":"gr","it":[{"ind":0,"ty":"sh","ix":1,"ks":{"a":0,"k":{"i":[[0.11,-0.11],[0,0],[0,-0.147],[-0.103,-0.103],[-0.148,0],[-0.116,0.116],[0,0],[0.221,0.221],[0.145,0]],"o":[[0,0],[-0.103,0.104],[0,0.146],[0.101,0.109],[0.163,0.014],[0,0],[0.221,-0.221],[-0.111,-0.11],[-0.145,0]],"v":[[1.005,-1.84],[-1.865,1.04],[-2.027,1.431],[-1.865,1.82],[-1.475,1.991],[-1.035,1.83],[1.805,-1.039],[1.805,-1.84],[1.406,-2.005]],"c":true},"ix":2},"nm":"Path 1","mn":"ADBE Vector Shape - Group","hd":false},{"ty":"fl","c":{"a":0,"k":[0.987999949736,0.980000035903,0.969000004787,1],"ix":4},"o":{"a":0,"k":100,"ix":5},"r":1,"nm":"Fill 1","mn":"ADBE Vector Graphic - Fill","hd":false},{"ty":"tr","p":{"a":0,"k":[11.034,5.009],"ix":2},"a":{"a":0,"k":[0,0],"ix":1},"s":{"a":0,"k":[100,100],"ix":3},"r":{"a":0,"k":0,"ix":6},"o":{"a":0,"k":100,"ix":7},"sk":{"a":0,"k":0,"ix":4},"sa":{"a":0,"k":0,"ix":5},"nm":"Transform"}],"nm":"Group 1","np":2,"cix":2,"ix":1,"mn":"ADBE Vector Group","hd":false},{"ty":"gr","it":[{"ind":0,"ty":"sh","ix":1,"ks":{"a":0,"k":{"i":[[0.104,-0.106],[-0.212,-0.22],[0,0],[-0.151,0],[0,0],[-0.098,0.211],[0.162,0.165],[0,0],[0.149,0]],"o":[[-0.212,0.221],[0,0],[0.105,0.108],[0,0],[0.232,0.017],[0.098,-0.211],[0,0],[-0.104,-0.106],[-0.149,0]],"v":[[-1.837,-1.855],[-1.837,-1.065],[0.993,1.805],[1.393,1.976],[1.403,2.005],[1.951,1.682],[1.843,1.056],[-1.047,-1.855],[-1.442,-2.022]],"c":true},"ix":2},"nm":"Path 1","mn":"ADBE Vector Shape - Group","hd":false},{"ty":"fl","c":{"a":0,"k":[0.987999949736,0.980000035903,0.969000004787,1],"ix":4},"o":{"a":0,"k":100,"ix":5},"r":1,"nm":"Fill 1","mn":"ADBE Vector Graphic - Fill","hd":false},{"ty":"tr","p":{"a":0,"k":[1.996,5.024],"ix":2},"a":{"a":0,"k":[0,0],"ix":1},"s":{"a":0,"k":[100,100],"ix":3},"r":{"a":0,"k":0,"ix":6},"o":{"a":0,"k":100,"ix":7},"sk":{"a":0,"k":0,"ix":4},"sa":{"a":0,"k":0,"ix":5},"nm":"Transform"}],"nm":"Group 2","np":2,"cix":2,"ix":2,"mn":"ADBE Vector Group","hd":false},{"ty":"gr","it":[{"ind":0,"ty":"sh","ix":1,"ks":{"a":0,"k":{"i":[[-0.03,-0.314],[0,0],[-0.314,-0.047],[0.024,0.307],[0,0],[0.315,0.047]],"o":[[0,0],[-0.036,0.316],[0.305,-0.042],[0,0],[0.035,-0.316],[-0.312,0.052]],"v":[[-0.499,-2.35],[-0.499,2.35],[0.001,3.001],[0.501,2.38],[0.501,-2.35],[0.001,-3.001]],"c":true},"ix":2},"nm":"Path 1","mn":"ADBE Vector Shape - Group","hd":false},{"ty":"fl","c":{"a":0,"k":[0.987999949736,0.980000035903,0.969000004787,1],"ix":4},"o":{"a":0,"k":100,"ix":5},"r":1,"nm":"Fill 1","mn":"ADBE Vector Graphic - Fill","hd":false},{"ty":"tr","p":{"a":0,"k":[6.498,3],"ix":2},"a":{"a":0,"k":[0,0],"ix":1},"s":{"a":0,"k":[100,100],"ix":3},"r":{"a":0,"k":0,"ix":6},"o":{"a":0,"k":100,"ix":7},"sk":{"a":0,"k":0,"ix":4},"sa":{"a":0,"k":0,"ix":5},"nm":"Transform"}],"nm":"Group 3","np":2,"cix":2,"ix":3,"mn":"ADBE Vector Group","hd":false}],"ip":0,"op":2880,"st":0,"bm":0},{"ddd":0,"ind":5,"ty":4,"nm":"Phone Outlines","parent":6,"sr":1,"ks":{"o":{"a":0,"k":100,"ix":11},"r":{"a":1,"k":[{"i":{"x":[0.667],"y":[1]},"o":{"x":[0.333],"y":[0]},"n":["0p667_1_0p333_0"],"t":48,"s":[-10],"e":[0]},{"i":{"x":[0.667],"y":[1]},"o":{"x":[0.167],"y":[0]},"n":["0p667_1_0p167_0"],"t":57,"s":[0],"e":[-10]},{"t":63}],"ix":10},"p":{"a":0,"k":[17.515,12.015,0],"ix":2},"a":{"a":0,"k":[5.765,23.64,0],"ix":1},"s":{"a":0,"k":[100,100,100],"ix":6}},"ao":0,"shapes":[{"ty":"gr","it":[{"ty":"gr","it":[{"ind":0,"ty":"sh","ix":1,"ks":{"a":0,"k":{"i":[[0,0],[0,0],[0,0],[0,0],[0,0],[0,0],[0,0],[0,0],[0,0],[0,0],[0,0],[0,0],[0,0],[0,0],[0,0],[0,3.131],[0,0],[0,0],[0,11.13],[11.548,0]],"o":[[0,0],[0,0],[0,0],[0,0],[0,0],[0,0],[0,0],[0,0],[0,0],[0,0],[0,0],[0,0],[0,0],[0,0],[3.131,0],[0,0],[0,0],[11.548,0],[0,-11.129],[0,0]],"v":[[-24.929,-20.651],[-24.929,-13.245],[-29.087,-13.245],[-29.087,-9.63],[-11.476,-9.63],[-11.476,-13.245],[7.212,-0.955],[-11.476,12.019],[-11.483,12.019],[-11.483,8.404],[-28.853,8.404],[-28.853,12.019],[-24.929,12.019],[-24.929,31.923],[-17.21,31.923],[-11.541,26.254],[-11.541,19.515],[-2.755,19.515],[17.747,-0.569],[-2.755,-20.651]],"c":true},"ix":2},"nm":"Path 2","mn":"ADBE Vector Shape - Group","hd":false},{"ind":1,"ty":"sh","ix":2,"ks":{"a":0,"k":{"i":[[0,0],[0,0],[0,0],[0,0]],"o":[[0,0],[0,0],[0,0],[0,0]],"v":[[-31.783,-2.442],[-11.484,-2.442],[-11.484,-6.057],[-31.783,-6.057]],"c":true},"ix":2},"nm":"Path 3","mn":"ADBE Vector Shape - Group","hd":false},{"ind":2,"ty":"sh","ix":3,"ks":{"a":0,"k":{"i":[[0,0]],"o":[[0,0]],"v":[[-31.783,-6.057]],"c":false},"ix":2},"nm":"Path 4","mn":"ADBE Vector Shape - Group","hd":false},{"ind":3,"ty":"sh","ix":4,"ks":{"a":0,"k":{"i":[[0,0],[0,0],[0,0],[0,0]],"o":[[0,0],[0,0],[0,0],[0,0]],"v":[[-26.267,4.789],[-11.484,4.789],[-11.484,1.174],[-26.267,1.174]],"c":true},"ix":2},"nm":"Path 5","mn":"ADBE Vector Shape - Group","hd":false},{"ty":"gf","o":{"a":0,"k":100,"ix":10},"r":1,"g":{"p":3,"k":{"a":0,"k":[0,0.251,0.49,0.973,0.5,0.22,0.259,0.986,1,0.188,0.027,1],"ix":9}},"s":{"a":0,"k":[-35.197,-10.769],"ix":5},"e":{"a":0,"k":[17.205,-0.165],"ix":6},"t":1,"nm":"Gradient Fill 1","mn":"ADBE Vector Graphic - G-Fill","hd":false},{"ty":"tr","p":{"a":0,"k":[10.163,12.652],"ix":2},"a":{"a":0,"k":[0,0],"ix":1},"s":{"a":0,"k":[14,14],"ix":3},"r":{"a":0,"k":0,"ix":6},"o":{"a":0,"k":100,"ix":7},"sk":{"a":0,"k":0,"ix":4},"sa":{"a":0,"k":0,"ix":5},"nm":"Transform"}],"nm":"Logo1","np":5,"cix":2,"ix":1,"mn":"ADBE Vector Group","hd":false},{"ty":"gr","it":[{"ind":0,"ty":"sh","ix":1,"ks":{"a":0,"k":{"i":[[0,0],[0,0],[0,0],[0,0],[0,0],[0,0],[0,0],[0,0],[0,0],[0,0],[0,0],[0,0],[0,0],[0,0],[0,0],[0,3.131],[0,0],[0,0],[0,11.13],[11.548,0]],"o":[[0,0],[0,0],[0,0],[0,0],[0,0],[0,0],[0,0],[0,0],[0,0],[0,0],[0,0],[0,0],[0,0],[0,0],[3.131,0],[0,0],[0,0],[11.548,0],[0,-11.129],[0,0]],"v":[[-14.721,-26.287],[-14.721,-18.881],[-18.879,-18.881],[-18.879,-15.266],[-1.268,-15.266],[-1.268,-18.881],[17.42,-6.591],[-1.268,6.383],[-1.275,6.383],[-1.275,2.768],[-18.645,2.768],[-18.645,6.383],[-14.721,6.383],[-14.721,26.287],[-7.002,26.287],[-1.333,20.618],[-1.333,13.879],[7.453,13.879],[27.955,-6.205],[7.453,-26.287]],"c":true},"ix":2},"nm":"Path 2","mn":"ADBE Vector Shape - Group","hd":false},{"ind":1,"ty":"sh","ix":2,"ks":{"a":0,"k":{"i":[[0,0],[0,0],[0,0],[0,0]],"o":[[0,0],[0,0],[0,0],[0,0]],"v":[[-25.26,-15.266],[-21.493,-15.266],[-21.493,-18.881],[-25.26,-18.881]],"c":true},"ix":2},"nm":"Path 3","mn":"ADBE Vector Shape - Group","hd":false},{"ind":2,"ty":"sh","ix":3,"ks":{"a":0,"k":{"i":[[0,0]],"o":[[0,0]],"v":[[-25.26,-18.881]],"c":false},"ix":2},"nm":"Path 4","mn":"ADBE Vector Shape - Group","hd":false},{"ind":3,"ty":"sh","ix":4,"ks":{"a":0,"k":{"i":[[0,0],[0,0],[0,0],[0,0]],"o":[[0,0],[0,0],[0,0],[0,0]],"v":[[-21.575,-8.078],[-1.276,-8.078],[-1.276,-11.693],[-21.575,-11.693]],"c":true},"ix":2},"nm":"Path 5","mn":"ADBE Vector Shape - Group","hd":false},{"ind":4,"ty":"sh","ix":5,"ks":{"a":0,"k":{"i":[[0,0]],"o":[[0,0]],"v":[[-21.575,-11.693]],"c":false},"ix":2},"nm":"Path 6","mn":"ADBE Vector Shape - Group","hd":false},{"ind":5,"ty":"sh","ix":6,"ks":{"a":0,"k":{"i":[[0,0],[0,0],[0,0],[0,0]],"o":[[0,0],[0,0],[0,0],[0,0]],"v":[[-27.955,-8.078],[-24.188,-8.078],[-24.188,-11.693],[-27.955,-11.693]],"c":true},"ix":2},"nm":"Path 7","mn":"ADBE Vector Shape - Group","hd":false},{"ind":6,"ty":"sh","ix":7,"ks":{"a":0,"k":{"i":[[0,0]],"o":[[0,0]],"v":[[-27.955,-11.693]],"c":false},"ix":2},"nm":"Path 8","mn":"ADBE Vector Shape - Group","hd":false},{"ind":7,"ty":"sh","ix":8,"ks":{"a":0,"k":{"i":[[0,0],[0,0],[0,0],[0,0]],"o":[[0,0],[0,0],[0,0],[0,0]],"v":[[-16.059,-0.847],[-1.276,-0.847],[-1.276,-4.462],[-16.059,-4.462]],"c":true},"ix":2},"nm":"Path 9","mn":"ADBE Vector Shape - Group","hd":false},{"ind":8,"ty":"sh","ix":9,"ks":{"a":0,"k":{"i":[[0,0]],"o":[[0,0]],"v":[[-16.059,-4.462]],"c":false},"ix":2},"nm":"Path 10","mn":"ADBE Vector Shape - Group","hd":false},{"ind":9,"ty":"sh","ix":10,"ks":{"a":0,"k":{"i":[[0,0],[0,0],[0,0],[0,0]],"o":[[0,0],[0,0],[0,0],[0,0]],"v":[[-22.439,-0.847],[-18.673,-0.847],[-18.673,-4.462],[-22.439,-4.462]],"c":true},"ix":2},"nm":"Path 11","mn":"ADBE Vector Shape - Group","hd":false},{"ind":10,"ty":"sh","ix":11,"ks":{"a":0,"k":{"i":[[0,0]],"o":[[0,0]],"v":[[-22.439,-4.462]],"c":false},"ix":2},"nm":"Path 12","mn":"ADBE Vector Shape - Group","hd":false},{"ind":11,"ty":"sh","ix":12,"ks":{"a":0,"k":{"i":[[0,0],[0,0],[0,0],[0,0]],"o":[[0,0],[0,0],[0,0],[0,0]],"v":[[-25.025,6.383],[-21.259,6.383],[-21.259,2.768],[-25.025,2.768]],"c":true},"ix":2},"nm":"Path 13","mn":"ADBE Vector Shape - Group","hd":false},{"ty":"gf","o":{"a":0,"k":100,"ix":10},"r":1,"g":{"p":3,"k":{"a":0,"k":[0,0.251,0.49,0.973,0.5,0.22,0.259,0.986,1,0.188,0.027,1],"ix":9}},"s":{"a":0,"k":[0,0],"ix":5},"e":{"a":0,"k":[30.232,-0.969],"ix":6},"t":1,"nm":"Gradient Fill 1","mn":"ADBE Vector Graphic - G-Fill","hd":false},{"ty":"tr","p":{"a":0,"k":[8.705,13.444],"ix":2},"a":{"a":0,"k":[0,0],"ix":1},"s":{"a":0,"k":[14,14],"ix":3},"r":{"a":0,"k":0,"ix":6},"o":{"a":0,"k":100,"ix":7},"sk":{"a":0,"k":0,"ix":4},"sa":{"a":0,"k":0,"ix":5},"nm":"Transform"}],"nm":"logo2","np":13,"cix":2,"ix":2,"mn":"ADBE Vector Group","hd":false},{"ty":"tr","p":{"a":0,"k":[4.125,1.375],"ix":2},"a":{"a":0,"k":[0,0],"ix":1},"s":{"a":0,"k":[80,80],"ix":3},"r":{"a":0,"k":14,"ix":6},"o":{"a":0,"k":100,"ix":7},"sk":{"a":0,"k":0,"ix":4},"sa":{"a":0,"k":0,"ix":5},"nm":"Transform"}],"nm":"Logo","np":2,"cix":2,"ix":1,"mn":"ADBE Vector Group","hd":false},{"ty":"gr","it":[{"ind":0,"ty":"sh","ix":1,"ks":{"a":0,"k":{"i":[[0,0],[0,0],[0,0],[0,0]],"o":[[0,0],[0,0],[0,0],[0,0]],"v":[[-4.013,0.548],[3.393,2.212],[4.013,-0.549],[-3.392,-2.212]],"c":true},"ix":2},"nm":"Path 1","mn":"ADBE Vector Shape - Group","hd":false},{"ty":"fl","c":{"a":0,"k":[0.987999949736,0.980000035903,0.969000004787,1],"ix":4},"o":{"a":0,"k":100,"ix":5},"r":1,"nm":"Fill 1","mn":"ADBE Vector Graphic - Fill","hd":false},{"ty":"tr","p":{"a":0,"k":[10.476,3.72],"ix":2},"a":{"a":0,"k":[0,0],"ix":1},"s":{"a":0,"k":[100,100],"ix":3},"r":{"a":0,"k":0,"ix":6},"o":{"a":0,"k":100,"ix":7},"sk":{"a":0,"k":0,"ix":4},"sa":{"a":0,"k":0,"ix":5},"nm":"Transform"}],"nm":"Group 1","np":2,"cix":2,"ix":2,"mn":"ADBE Vector Group","hd":false},{"ty":"gr","it":[{"ind":0,"ty":"sh","ix":1,"ks":{"a":0,"k":{"i":[[0.06,-0.27],[-0.162,-0.26],[-0.3,-0.064],[0,0],[-0.253,0.161],[-0.064,0.294],[0,0],[3.142,1.675]],"o":[[-0.075,0.297],[0.162,0.261],[0,0],[0.293,0.064],[0.253,-0.162],[0,0],[-3.554,0.217],[-0.94,4.16]],"v":[[-6.033,2.628],[-5.895,3.499],[-5.173,4.008],[2.827,5.809],[3.682,5.658],[4.178,4.947],[6.107,-3.643],[-4.133,-5.872]],"c":true},"ix":2},"nm":"Path 1","mn":"ADBE Vector Shape - Group","hd":false},{"ty":"fl","c":{"a":0,"k":[0.987999949736,0.980000035903,0.969000004787,1],"ix":4},"o":{"a":0,"k":100,"ix":5},"r":1,"nm":"Fill 1","mn":"ADBE Vector Graphic - Fill","hd":false},{"ty":"tr","p":{"a":0,"k":[7.427,17.468],"ix":2},"a":{"a":0,"k":[0,0],"ix":1},"s":{"a":0,"k":[100,100],"ix":3},"r":{"a":0,"k":0,"ix":6},"o":{"a":0,"k":100,"ix":7},"sk":{"a":0,"k":0,"ix":4},"sa":{"a":0,"k":0,"ix":5},"nm":"Transform"}],"nm":"Group 8","np":2,"cix":2,"ix":3,"mn":"ADBE Vector Group","hd":false},{"ty":"gr","it":[{"ind":0,"ty":"sh","ix":1,"ks":{"a":0,"k":{"i":[[0.184,-0.117],[0.064,-0.292],[0,0],[-3.537,0.216],[0,0],[0,0],[0.162,0.254],[0.292,0.064],[0,0],[0.097,-0.06],[0.024,-0.111],[0,0],[0.352,0.075],[0,0],[-0.075,0.353],[0,0],[0.06,0.095],[0.111,0.024],[0,0],[0.082,0]],"o":[[-0.252,0.161],[0,0],[3.126,1.668],[0,0],[0,0],[0.066,-0.293],[-0.161,-0.253],[0,0],[-0.11,-0.027],[-0.096,0.06],[0,0],[-0.079,0.351],[0,0],[-0.352,-0.08],[0,0],[0.027,-0.11],[-0.06,-0.097],[0,0],[-0.081,-0.018],[-0.213,0]],"v":[[-3.592,-6.13],[-4.088,-5.421],[-6.178,3.87],[4.012,6.09],[4.182,5.421],[6.112,-3.18],[5.962,-4.034],[5.253,-4.529],[4.642,-4.669],[4.319,-4.618],[4.132,-4.35],[4.072,-4.09],[3.292,-3.59],[-1.368,-4.59],[-1.868,-5.37],[-1.808,-5.63],[-1.86,-5.952],[-2.128,-6.139],[-2.738,-6.279],[-2.984,-6.307]],"c":true},"ix":2},"nm":"Path 1","mn":"ADBE Vector Shape - Group","hd":false},{"ty":"fl","c":{"a":0,"k":[0.987999949736,0.980000035903,0.969000004787,1],"ix":4},"o":{"a":0,"k":100,"ix":5},"r":1,"nm":"Fill 1","mn":"ADBE Vector Graphic - Fill","hd":false},{"ty":"tr","p":{"a":0,"k":[9.483,7.755],"ix":2},"a":{"a":0,"k":[0,0],"ix":1},"s":{"a":0,"k":[100,100],"ix":3},"r":{"a":0,"k":0,"ix":6},"o":{"a":0,"k":100,"ix":7},"sk":{"a":0,"k":0,"ix":4},"sa":{"a":0,"k":0,"ix":5},"nm":"Transform"}],"nm":"Group 9","np":2,"cix":2,"ix":4,"mn":"ADBE Vector Group","hd":false},{"ty":"gr","it":[{"ind":0,"ty":"sh","ix":1,"ks":{"a":0,"k":{"i":[[0,0],[0.269,-1.175],[0,0],[-1.351,-0.309],[0,0],[-0.162,-0.003],[0,0],[-0.265,1.163],[0,0],[-0.003,0.161],[0,0],[1.163,0.265],[0,0],[0.174,0]],"o":[[-1.161,0.001],[0,0],[-0.285,1.357],[0,0],[0.164,0.035],[0,0],[1.147,-0.016],[0,0],[0.035,-0.163],[0,0],[-0.018,-1.144],[0,0],[-0.175,-0.037],[0,0]],"v":[[-1.871,-12.32],[-4.345,-10.345],[-8.345,7.465],[-6.425,10.465],[1.575,12.265],[2.065,12.32],[2.136,12.32],[4.575,10.345],[8.575,-7.466],[8.63,-7.955],[8.63,-8.031],[6.655,-10.465],[-1.345,-12.265],[-1.87,-12.32]],"c":true},"ix":2},"nm":"Path 1","mn":"ADBE Vector Shape - Group","hd":false},{"ty":"fl","c":{"a":0,"k":[0.851000019148,0.870999983245,0.885999971278,1],"ix":4},"o":{"a":0,"k":100,"ix":5},"r":1,"nm":"Fill 1","mn":"ADBE Vector Graphic - Fill","hd":false},{"ty":"tr","p":{"a":0,"k":[8.4,12.32],"ix":2},"a":{"a":0,"k":[0,0],"ix":1},"s":{"a":0,"k":[100,100],"ix":3},"r":{"a":0,"k":0,"ix":6},"o":{"a":0,"k":100,"ix":7},"sk":{"a":0,"k":0,"ix":4},"sa":{"a":0,"k":0,"ix":5},"nm":"Transform"}],"nm":"Group 10","np":2,"cix":2,"ix":5,"mn":"ADBE Vector Group","hd":false}],"ip":0,"op":2880,"st":0,"bm":0},{"ddd":0,"ind":6,"ty":4,"nm":"Hand","parent":7,"sr":1,"ks":{"o":{"a":0,"k":100,"ix":11},"r":{"a":1,"k":[{"i":{"x":[0.667],"y":[1]},"o":{"x":[0.333],"y":[0]},"n":["0p667_1_0p333_0"],"t":48,"s":[0],"e":[10]},{"i":{"x":[0.667],"y":[1]},"o":{"x":[0.167],"y":[0]},"n":["0p667_1_0p167_0"],"t":57,"s":[10],"e":[0]},{"t":63}],"ix":10},"p":{"a":0,"k":[40.5,61.046,0],"ix":2},"a":{"a":0,"k":[4.125,7.876,0],"ix":1},"s":{"a":0,"k":[100,100,100],"ix":6}},"ao":0,"shapes":[{"ty":"gr","it":[{"ind":0,"ty":"sh","ix":1,"ks":{"a":0,"k":{"i":[[0,0],[0,0],[0,0],[-2.31,3.017],[0.436,0]],"o":[[-6.58,0.619],[0,0],[3.455,-1.579],[1.745,-3.372],[-0.037,0]],"v":[[5.428,-5.249],[-8.712,0.01],[-1.812,5.25],[6.967,-1.75],[5.484,-5.25]],"c":true},"ix":2},"nm":"Path 1","mn":"ADBE Vector Shape - Group","hd":false},{"ty":"fl","c":{"a":0,"k":[1,0.713999968884,0.33300000359,1],"ix":4},"o":{"a":0,"k":100,"ix":5},"r":1,"nm":"Fill 1","mn":"ADBE Vector Graphic - Fill","hd":false},{"ty":"tr","p":{"a":0,"k":[8.712,5.251],"ix":2},"a":{"a":0,"k":[0,0],"ix":1},"s":{"a":0,"k":[100,100],"ix":3},"r":{"a":0,"k":0,"ix":6},"o":{"a":0,"k":100,"ix":7},"sk":{"a":0,"k":0,"ix":4},"sa":{"a":0,"k":0,"ix":5},"nm":"Transform"}],"nm":"Group 1","np":2,"cix":2,"ix":1,"mn":"ADBE Vector Group","hd":false}],"ip":0,"op":2880,"st":0,"bm":0},{"ddd":0,"ind":7,"ty":4,"nm":"Bot","parent":1,"sr":1,"ks":{"o":{"a":0,"k":100,"ix":11},"r":{"a":0,"k":0,"ix":10},"p":{"a":1,"k":[{"i":{"x":0.667,"y":1},"o":{"x":0.333,"y":0},"n":"0p667_1_0p333_0","t":48,"s":[-76.326,-60.58,0],"e":[-76.326,-64.58,0],"to":[0,-0.66666668653488,0],"ti":[0,0,0]},{"i":{"x":0.667,"y":1},"o":{"x":0.333,"y":0},"n":"0p667_1_0p333_0","t":72,"s":[-76.326,-64.58,0],"e":[-76.327,-60.58,0],"to":[0,0,0],"ti":[0,0,0]},{"i":{"x":0.667,"y":1},"o":{"x":0.333,"y":0},"n":"0p667_1_0p333_0","t":96,"s":[-76.327,-60.58,0],"e":[-76.327,-64.58,0],"to":[0,-0.66666668653488,0],"ti":[0,0,0]},{"i":{"x":0.667,"y":1},"o":{"x":0.333,"y":0},"n":"0p667_1_0p333_0","t":120,"s":[-76.327,-64.58,0],"e":[-76.327,-60.58,0],"to":[0,0,0],"ti":[0,0,0]},{"i":{"x":0.667,"y":1},"o":{"x":0.333,"y":0},"n":"0p667_1_0p333_0","t":144,"s":[-76.327,-60.58,0],"e":[-76.327,-64.58,0],"to":[0,-0.66666668653488,0],"ti":[0,0,0]},{"i":{"x":0.667,"y":1},"o":{"x":0.333,"y":0},"n":"0p667_1_0p333_0","t":168,"s":[-76.327,-64.58,0],"e":[-76.327,-60.58,0],"to":[0,0,0],"ti":[0,0,0]},{"i":{"x":0.667,"y":1},"o":{"x":0.333,"y":0},"n":"0p667_1_0p333_0","t":192,"s":[-76.327,-60.58,0],"e":[-76.327,-64.58,0],"to":[0,-0.66666668653488,0],"ti":[0,0,0]},{"i":{"x":0.667,"y":1},"o":{"x":0.333,"y":0},"n":"0p667_1_0p333_0","t":216,"s":[-76.327,-64.58,0],"e":[-76.327,-60.58,0],"to":[0,0,0],"ti":[0,-0.66666668653488,0]},{"t":240}],"ix":2},"a":{"a":0,"k":[23.424,42.545,0],"ix":1},"s":{"a":0,"k":[100,100,100],"ix":6}},"ao":0,"shapes":[{"ty":"gr","it":[{"ind":0,"ty":"sh","ix":1,"ks":{"a":0,"k":{"i":[[0,0],[-0.38,-0.6],[0,0],[-0.292,0],[-0.098,0.276],[0,0],[0.7,0]],"o":[[-0.7,0],[0,0],[0.098,0.276],[0.292,0],[0,0],[0.36,-0.6],[0,0]],"v":[[0.304,20.555],[-0.316,21.645],[2.683,26.785],[3.334,27.244],[3.984,26.785],[7.014,21.645],[6.394,20.555]],"c":true},"ix":2},"nm":"Path 2","mn":"ADBE Vector Shape - Group","hd":false},{"ty":"fl","c":{"a":0,"k":[0.952999997606,0.972999961703,1,1],"ix":4},"o":{"a":0,"k":100,"ix":5},"r":1,"nm":"Fill 1","mn":"ADBE Vector Graphic - Fill","hd":false},{"ty":"tr","p":{"a":0,"k":[23.423,42.545],"ix":2},"a":{"a":0,"k":[0,0],"ix":1},"s":{"a":0,"k":[100,100],"ix":3},"r":{"a":0,"k":0,"ix":6},"o":{"a":0,"k":100,"ix":7},"sk":{"a":0,"k":0,"ix":4},"sa":{"a":0,"k":0,"ix":5},"nm":"Transform"}],"nm":"Group 1","np":2,"cix":2,"ix":1,"mn":"ADBE Vector Group","hd":false},{"ty":"gr","it":[{"ind":0,"ty":"sh","ix":1,"ks":{"a":0,"k":{"i":[[0,0],[-0.491,-0.78],[0,0],[-0.379,0],[-0.169,0.339],[0,0],[0.959,0.01]],"o":[[-1,0],[0,0],[0.169,0.339],[0.379,0],[0,0],[0.5,-0.78],[0,0]],"v":[[-0.377,19.595],[-1.236,21.005],[2.864,27.625],[3.759,28.179],[4.653,27.625],[8.864,21.015],[8.024,19.595]],"c":true},"ix":2},"nm":"Path 2","mn":"ADBE Vector Shape - Group","hd":false},{"ty":"fl","c":{"a":0,"k":[0.952999997606,0.972999961703,1,1],"ix":4},"o":{"a":0,"k":100,"ix":5},"r":1,"nm":"Fill 1","mn":"ADBE Vector Graphic - Fill","hd":false},{"ty":"tr","p":{"a":0,"k":[23.423,42.545],"ix":2},"a":{"a":0,"k":[0,0],"ix":1},"s":{"a":0,"k":[100,100],"ix":3},"r":{"a":0,"k":0,"ix":6},"o":{"a":0,"k":30,"ix":7},"sk":{"a":0,"k":0,"ix":4},"sa":{"a":0,"k":0,"ix":5},"nm":"Transform"}],"nm":"Group 2","np":2,"cix":2,"ix":2,"mn":"ADBE Vector Group","hd":false},{"ty":"gr","it":[{"ind":0,"ty":"sh","ix":1,"ks":{"a":0,"k":{"i":[[0,-1.055],[-1.055,0],[0,1.055],[1.055,0]],"o":[[0,1.055],[1.055,0],[0,-1.055],[-1.055,0]],"v":[[-1.436,-40.635],[0.474,-38.725],[2.384,-40.635],[0.474,-42.545]],"c":true},"ix":2},"nm":"Path 2","mn":"ADBE Vector Shape - Group","hd":false},{"ty":"fl","c":{"a":0,"k":[0.976000019148,0.588000009574,0.169000004787,1],"ix":4},"o":{"a":0,"k":100,"ix":5},"r":1,"nm":"Fill 1","mn":"ADBE Vector Graphic - Fill","hd":false},{"ty":"tr","p":{"a":0,"k":[23.423,42.545],"ix":2},"a":{"a":0,"k":[0,0],"ix":1},"s":{"a":0,"k":[100,100],"ix":3},"r":{"a":0,"k":0,"ix":6},"o":{"a":0,"k":100,"ix":7},"sk":{"a":0,"k":0,"ix":4},"sa":{"a":0,"k":0,"ix":5},"nm":"Transform"}],"nm":"Group 3","np":2,"cix":2,"ix":3,"mn":"ADBE Vector Group","hd":false},{"ty":"gr","it":[{"ind":0,"ty":"sh","ix":1,"ks":{"a":0,"k":{"i":[[0,-1.64],[-3.22,0],[0,1.641],[3.219,0]],"o":[[0,1.641],[3.23,0],[0,-1.64],[-3.22,0]],"v":[[-6.216,-35.375],[0.474,-32.985],[7.164,-35.375],[0.474,-37.765]],"c":true},"ix":2},"nm":"Path 2","mn":"ADBE Vector Shape - Group","hd":false},{"ind":1,"ty":"sh","ix":2,"ks":{"a":0,"k":{"i":[[-0.069,0.35],[-3.661,0],[-0.09,-0.39],[3.67,0]],"o":[[0.071,-0.35],[3.659,0],[-0.09,0.361],[-3.67,0]],"v":[[-5.117,-35.365],[0.474,-36.624],[6.064,-35.365],[0.474,-34.104]],"c":true},"ix":2},"nm":"Path 3","mn":"ADBE Vector Shape - Group","hd":false},{"ty":"fl","c":{"a":0,"k":[1,0.713999968884,0.33300000359,1],"ix":4},"o":{"a":0,"k":100,"ix":5},"r":1,"nm":"Fill 1","mn":"ADBE Vector Graphic - Fill","hd":false},{"ty":"tr","p":{"a":0,"k":[23.423,42.545],"ix":2},"a":{"a":0,"k":[0,0],"ix":1},"s":{"a":0,"k":[100,100],"ix":3},"r":{"a":0,"k":0,"ix":6},"o":{"a":0,"k":100,"ix":7},"sk":{"a":0,"k":0,"ix":4},"sa":{"a":0,"k":0,"ix":5},"nm":"Transform"}],"nm":"Group 4","np":3,"cix":2,"ix":4,"mn":"ADBE Vector Group","hd":false},{"ty":"gr","it":[{"ind":0,"ty":"sh","ix":1,"ks":{"a":0,"k":{"i":[[0,0],[0,0],[0,0],[0,0]],"o":[[0,0],[0,0],[0,0],[0,0]],"v":[[-0.43,6.69],[0.43,6.69],[0.43,-6.69],[-0.43,-6.69]],"c":true},"ix":2},"nm":"Path 1","mn":"ADBE Vector Shape - Group","hd":false},{"ty":"fl","c":{"a":0,"k":[1,0.713999968884,0.33300000359,1],"ix":4},"o":{"a":0,"k":100,"ix":5},"r":1,"nm":"Fill 1","mn":"ADBE Vector Graphic - Fill","hd":false},{"ty":"tr","p":{"a":0,"k":[24.337,7.65],"ix":2},"a":{"a":0,"k":[0,0],"ix":1},"s":{"a":0,"k":[100,100],"ix":3},"r":{"a":0,"k":0,"ix":6},"o":{"a":0,"k":100,"ix":7},"sk":{"a":0,"k":0,"ix":4},"sa":{"a":0,"k":0,"ix":5},"nm":"Transform"}],"nm":"Group 5","np":2,"cix":2,"ix":5,"mn":"ADBE Vector Group","hd":false},{"ty":"gr","it":[{"ind":0,"ty":"sh","ix":1,"ks":{"a":0,"k":{"i":[[0.941,-6.589],[0.001,-0.095],[0,0],[-3.02,1.446],[-1.675,3.38],[0,0]],"o":[[0,0],[0,0],[0.01,0.755],[3.059,-2.208],[0,0],[0,0]],"v":[[-23.417,28.815],[-23.423,28.967],[-23.423,29.057],[-20.116,30.555],[-12.907,22.045],[-17.606,14.815]],"c":true},"ix":2},"nm":"Path 2","mn":"ADBE Vector Shape - Group","hd":false},{"ty":"fl","c":{"a":0,"k":[1,0.713999968884,0.33300000359,1],"ix":4},"o":{"a":0,"k":100,"ix":5},"r":1,"nm":"Fill 1","mn":"ADBE Vector Graphic - Fill","hd":false},{"ty":"tr","p":{"a":0,"k":[23.423,42.545],"ix":2},"a":{"a":0,"k":[0,0],"ix":1},"s":{"a":0,"k":[100,100],"ix":3},"r":{"a":0,"k":0,"ix":6},"o":{"a":0,"k":100,"ix":7},"sk":{"a":0,"k":0,"ix":4},"sa":{"a":0,"k":0,"ix":5},"nm":"Transform"}],"nm":"Group 6","np":2,"cix":2,"ix":6,"mn":"ADBE Vector Group","hd":false},{"ty":"gr","it":[{"ind":0,"ty":"sh","ix":1,"ks":{"a":0,"k":{"i":[[4.783,-1.383],[0.011,0],[-7.58,-2.301],[-1.137,-0.006],[0,0],[-2.897,7.156],[3.25,2.61],[3.787,0.63],[2.737,0]],"o":[[-4.59,1.39],[0,7.49],[1.122,0.334],[0,0],[8.466,-0.035],[1.27,-3.17],[-3.111,-2.249],[-2.719,-0.427],[-4.95,0]],"v":[[-14.666,13.065],[-18.617,18.315],[-4.446,42.046],[-1.053,42.545],[-0.933,42.545],[18.924,26.905],[18.693,16.005],[8.204,11.626],[0.009,10.986]],"c":true},"ix":2},"nm":"Path 2","mn":"ADBE Vector Shape - Group","hd":false},{"ty":"fl","c":{"a":0,"k":[1,0.713999968884,0.33300000359,1],"ix":4},"o":{"a":0,"k":100,"ix":5},"r":1,"nm":"Fill 1","mn":"ADBE Vector Graphic - Fill","hd":false},{"ty":"tr","p":{"a":0,"k":[23.434,42.573],"ix":2},"a":{"a":0,"k":[0,0],"ix":1},"s":{"a":0,"k":[100,100],"ix":3},"r":{"a":0,"k":0,"ix":6},"o":{"a":0,"k":100,"ix":7},"sk":{"a":0,"k":0,"ix":4},"sa":{"a":0,"k":0,"ix":5},"nm":"Transform"}],"nm":"Group 7","np":2,"cix":2,"ix":7,"mn":"ADBE Vector Group","hd":false},{"ty":"gr","it":[{"ind":0,"ty":"sh","ix":1,"ks":{"a":0,"k":{"i":[[0,0],[-0.011,0.296],[-0.743,0.802],[-1.026,0],[-0.687,-0.762],[0.005,-1.083],[0.179,-0.128],[0.18,0.128],[-0.061,0.212],[0.532,0.558],[0.758,-0.008],[0.51,-0.57],[-0.019,-0.771],[0.297,-0.032]],"o":[[-0.296,-0.021],[-0.011,-1.093],[0.686,-0.762],[1.026,0],[0.737,0.793],[0.06,0.212],[-0.18,0.128],[-0.18,-0.128],[-0.001,-0.771],[-0.516,-0.556],[-0.765,0.009],[-0.519,0.57],[0.018,0.299],[0,0]],"v":[[-3.344,2.311],[-3.855,1.742],[-2.715,-1.208],[-0.025,-2.406],[2.665,-1.208],[3.805,1.712],[3.607,2.279],[3.005,2.279],[2.805,1.712],[1.975,-0.359],[-0.025,-1.219],[-2.025,-0.309],[-2.805,1.781],[-3.305,2.372]],"c":true},"ix":2},"nm":"Path 1","mn":"ADBE Vector Shape - Group","hd":false},{"ty":"st","c":{"a":0,"k":[1,0.713999968884,0.33300000359,1],"ix":3},"o":{"a":0,"k":100,"ix":4},"w":{"a":0,"k":1,"ix":5},"lc":1,"lj":1,"ml":10,"nm":"Stroke 1","mn":"ADBE Vector Graphic - Stroke","hd":false},{"ty":"tr","p":{"a":0,"k":[27.761,31.039],"ix":2},"a":{"a":0,"k":[0,0],"ix":1},"s":{"a":0,"k":[100,100],"ix":3},"r":{"a":0,"k":0,"ix":6},"o":{"a":0,"k":100,"ix":7},"sk":{"a":0,"k":0,"ix":4},"sa":{"a":0,"k":0,"ix":5},"nm":"Transform"}],"nm":"Group 8","np":2,"cix":2,"ix":8,"mn":"ADBE Vector Group","hd":false},{"ty":"gr","it":[{"ind":0,"ty":"sh","ix":1,"ks":{"a":0,"k":{"i":[[0.686,-0.762],[-0.011,-1.092],[-0.296,-0.022],[0,0],[0.017,0.299],[-0.518,0.571],[-0.764,0.01],[-0.516,-0.556],[-0.001,-0.771],[-0.179,-0.127],[-0.18,0.128],[0.06,0.212],[0.737,0.793],[1.026,0]],"o":[[-0.743,0.802],[-0.012,0.296],[0,0],[0.298,-0.031],[-0.019,-0.771],[0.511,-0.57],[0.759,-0.008],[0.532,0.558],[-0.061,0.212],[0.181,0.128],[0.179,-0.127],[0.005,-1.083],[-0.686,-0.762],[-1.025,0]],"v":[[1.624,-12.715],[0.484,-9.765],[0.994,-9.194],[1.034,-9.135],[1.534,-9.725],[2.313,-11.815],[4.313,-12.725],[6.314,-11.865],[7.144,-9.795],[7.343,-9.228],[7.945,-9.228],[8.144,-9.795],[7.003,-12.715],[4.313,-13.912]],"c":true},"ix":2},"nm":"Path 2","mn":"ADBE Vector Shape - Group","hd":false},{"ty":"fl","c":{"a":0,"k":[1,0.713999968884,0.33300000359,1],"ix":4},"o":{"a":0,"k":100,"ix":5},"r":1,"nm":"Fill 1","mn":"ADBE Vector Graphic - Fill","hd":false},{"ty":"tr","p":{"a":0,"k":[23.423,42.545],"ix":2},"a":{"a":0,"k":[0,0],"ix":1},"s":{"a":0,"k":[100,100],"ix":3},"r":{"a":0,"k":0,"ix":6},"o":{"a":0,"k":100,"ix":7},"sk":{"a":0,"k":0,"ix":4},"sa":{"a":0,"k":0,"ix":5},"nm":"Transform"}],"nm":"Group 9","np":2,"cix":2,"ix":9,"mn":"ADBE Vector Group","hd":false},{"ty":"gr","it":[{"ty":"gr","it":[{"ind":0,"ty":"sh","ix":1,"ks":{"a":0,"k":{"i":[[0.026,0],[-0.047,-4.335],[-4.186,0.045],[0.047,4.335],[4.149,0]],"o":[[-4.186,0.045],[0.047,4.336],[4.186,-0.046],[-0.047,-4.308],[-0.027,0]],"v":[[-0.085,-7.872],[-7.579,0.059],[0.085,7.826],[7.579,-0.105],[-0.003,-7.872]],"c":true},"ix":2},"nm":"Path 2","mn":"ADBE Vector Shape - Group","hd":false},{"ty":"tr","p":{"a":0,"k":[0,0],"ix":2},"a":{"a":0,"k":[0,0],"ix":1},"s":{"a":0,"k":[100,100],"ix":3},"r":{"a":0,"k":0,"ix":6},"o":{"a":0,"k":100,"ix":7},"sk":{"a":0,"k":0,"ix":4},"sa":{"a":0,"k":0,"ix":5},"nm":"Transform"}],"nm":"Group 1","np":1,"cix":2,"ix":1,"mn":"ADBE Vector Group","hd":false},{"ty":"fl","c":{"a":0,"k":[0.952999997606,0.972999961703,1,1],"ix":4},"o":{"a":0,"k":100,"ix":5},"r":1,"nm":"Fill 1","mn":"ADBE Vector Graphic - Fill","hd":false},{"ty":"tr","p":{"a":0,"k":[27.909,31.099],"ix":2},"a":{"a":0,"k":[0,0],"ix":1},"s":{"a":0,"k":[100,100],"ix":3},"r":{"a":0,"k":0,"ix":6},"o":{"a":0,"k":100,"ix":7},"sk":{"a":0,"k":0,"ix":4},"sa":{"a":0,"k":0,"ix":5},"nm":"Transform"}],"nm":"Group 10","np":2,"cix":2,"ix":10,"mn":"ADBE Vector Group","hd":false},{"ty":"gr","it":[{"ty":"gr","it":[{"ind":0,"ty":"sh","ix":1,"ks":{"a":0,"k":{"i":[[0.031,0],[-0.054,-4.892],[-4.716,0.052],[0.053,4.893],[4.674,0]],"o":[[-4.716,0.05],[0.053,4.894],[4.716,-0.05],[-0.053,-4.862],[-0.03,0]],"v":[[-0.096,-8.884],[-8.539,0.066],[0.096,8.833],[8.54,-0.117],[-0.004,-8.885]],"c":true},"ix":2},"nm":"Path 2","mn":"ADBE Vector Shape - Group","hd":false},{"ty":"tr","p":{"a":0,"k":[0,0],"ix":2},"a":{"a":0,"k":[0,0],"ix":1},"s":{"a":0,"k":[100,100],"ix":3},"r":{"a":0,"k":0,"ix":6},"o":{"a":0,"k":100,"ix":7},"sk":{"a":0,"k":0,"ix":4},"sa":{"a":0,"k":0,"ix":5},"nm":"Transform"}],"nm":"Group 1","np":1,"cix":2,"ix":1,"mn":"ADBE Vector Group","hd":false},{"ty":"fl","c":{"a":0,"k":[0.976000019148,0.588000009574,0.169000004787,1],"ix":4},"o":{"a":0,"k":100,"ix":5},"r":1,"nm":"Fill 1","mn":"ADBE Vector Graphic - Fill","hd":false},{"ty":"tr","p":{"a":0,"k":[26.85,31.263],"ix":2},"a":{"a":0,"k":[0,0],"ix":1},"s":{"a":0,"k":[100,100],"ix":3},"r":{"a":0,"k":0,"ix":6},"o":{"a":0,"k":100,"ix":7},"sk":{"a":0,"k":0,"ix":4},"sa":{"a":0,"k":0,"ix":5},"nm":"Transform"}],"nm":"Group 11","np":2,"cix":2,"ix":11,"mn":"ADBE Vector Group","hd":false},{"ty":"gr","it":[{"ty":"gr","it":[{"ind":0,"ty":"sh","ix":1,"ks":{"a":0,"k":{"i":[[0.473,-10.446],[-10.621,-0.481],[-0.486,10.742],[10.621,0.481],[0.29,0]],"o":[[-0.486,10.742],[10.621,0.481],[0.486,-10.742],[-0.293,-0.013],[-10.237,-0.001]],"v":[[-19.23,-1.1],[-0.88,19.22],[19.23,0.64],[0.88,-19.681],[0.005,-19.7]],"c":true},"ix":2},"nm":"Path 2","mn":"ADBE Vector Shape - Group","hd":false},{"ty":"tr","p":{"a":0,"k":[0,0],"ix":2},"a":{"a":0,"k":[0,0],"ix":1},"s":{"a":0,"k":[100,100],"ix":3},"r":{"a":0,"k":0,"ix":6},"o":{"a":0,"k":100,"ix":7},"sk":{"a":0,"k":0,"ix":4},"sa":{"a":0,"k":0,"ix":5},"nm":"Transform"}],"nm":"Group 1","np":1,"cix":2,"ix":1,"mn":"ADBE Vector Group","hd":false},{"ty":"fl","c":{"a":0,"k":[1,0.713999968884,0.33300000359,1],"ix":4},"o":{"a":0,"k":100,"ix":5},"r":1,"nm":"Fill 1","mn":"ADBE Vector Graphic - Fill","hd":false},{"ty":"tr","p":{"a":0,"k":[24.744,31.624],"ix":2},"a":{"a":0,"k":[0,0],"ix":1},"s":{"a":0,"k":[100,100],"ix":3},"r":{"a":0,"k":0,"ix":6},"o":{"a":0,"k":100,"ix":7},"sk":{"a":0,"k":0,"ix":4},"sa":{"a":0,"k":0,"ix":5},"nm":"Transform"}],"nm":"Group 12","np":2,"cix":2,"ix":12,"mn":"ADBE Vector Group","hd":false},{"ty":"gr","it":[{"ind":0,"ty":"sh","ix":1,"ks":{"a":0,"k":{"i":[[0,0],[0.653,-0.653],[0,-0.924],[0,0],[-1.922,0],[0,0],[-0.652,0.653],[0,0.924],[0,0],[1.922,0]],"o":[[-0.923,0],[-0.653,0.652],[0,0],[0,1.923],[0,0],[0.923,0],[0.653,-0.653],[0,0],[0,-1.923],[0,0]],"v":[[17.344,-17.685],[14.883,-16.665],[13.863,-14.204],[13.863,-7.785],[17.344,-4.305],[19.943,-4.305],[22.404,-5.324],[23.424,-7.785],[23.424,-14.204],[19.943,-17.685]],"c":true},"ix":2},"nm":"Path 2","mn":"ADBE Vector Shape - Group","hd":false},{"ty":"fl","c":{"a":0,"k":[0.976000019148,0.588000009574,0.169000004787,1],"ix":4},"o":{"a":0,"k":100,"ix":5},"r":1,"nm":"Fill 1","mn":"ADBE Vector Graphic - Fill","hd":false},{"ty":"tr","p":{"a":0,"k":[23.424,42.545],"ix":2},"a":{"a":0,"k":[0,0],"ix":1},"s":{"a":0,"k":[100,100],"ix":3},"r":{"a":0,"k":0,"ix":6},"o":{"a":0,"k":100,"ix":7},"sk":{"a":0,"k":0,"ix":4},"sa":{"a":0,"k":0,"ix":5},"nm":"Transform"}],"nm":"Group 13","np":2,"cix":2,"ix":13,"mn":"ADBE Vector Group","hd":false},{"ty":"gr","it":[{"ind":0,"ty":"sh","ix":1,"ks":{"a":0,"k":{"i":[[0,0],[0,-1.922],[0,0],[-1.923,0],[0,0],[-0.653,0.656],[0.004,0.924],[0,0],[1.921,0]],"o":[[-1.923,0],[0,0],[0,1.922],[0,0],[0.924,0],[0.653,-0.655],[0,0],[0,-1.922],[0,0]],"v":[[-17.076,-16.734],[-20.556,-13.255],[-20.556,-6.825],[-17.076,-3.345],[-14.476,-3.345],[-12.012,-4.368],[-10.997,-6.834],[-10.997,-13.255],[-14.476,-16.734]],"c":true},"ix":2},"nm":"Path 2","mn":"ADBE Vector Shape - Group","hd":false},{"ty":"fl","c":{"a":0,"k":[0.976000019148,0.588000009574,0.169000004787,1],"ix":4},"o":{"a":0,"k":100,"ix":5},"r":1,"nm":"Fill 1","mn":"ADBE Vector Graphic - Fill","hd":false},{"ty":"tr","p":{"a":0,"k":[23.423,42.545],"ix":2},"a":{"a":0,"k":[0,0],"ix":1},"s":{"a":0,"k":[100,100],"ix":3},"r":{"a":0,"k":0,"ix":6},"o":{"a":0,"k":100,"ix":7},"sk":{"a":0,"k":0,"ix":4},"sa":{"a":0,"k":0,"ix":5},"nm":"Transform"}],"nm":"Group 14","np":2,"cix":2,"ix":14,"mn":"ADBE Vector Group","hd":false}],"ip":0,"op":2880,"st":0,"bm":0},{"ddd":0,"ind":8,"ty":4,"nm":"Human body","parent":1,"sr":1,"ks":{"o":{"a":0,"k":100,"ix":11},"r":{"a":0,"k":0,"ix":10},"p":{"a":0,"k":[60.631,21.947,0],"ix":2},"a":{"a":0,"k":[40.381,124.947,0],"ix":1},"s":{"a":0,"k":[100,100,100],"ix":6}},"ao":0,"shapes":[{"ty":"gr","it":[{"ind":0,"ty":"sh","ix":1,"ks":{"a":0,"k":{"i":[[6.71,0.829],[0,0],[-0.421,7.93]],"o":[[0,0],[0,0],[0,0]],"v":[[-9.807,-75.066],[-9.807,-71.476],[-0.347,-78.876]],"c":true},"ix":2},"nm":"Path 2","mn":"ADBE Vector Shape - Group","hd":false},{"ty":"fl","c":{"a":0,"k":[0.224000010771,0.250999989229,0.375999989229,1],"ix":4},"o":{"a":0,"k":100,"ix":5},"r":1,"nm":"Fill 1","mn":"ADBE Vector Graphic - Fill","hd":false},{"ty":"tr","p":{"a":0,"k":[40.381,124.947],"ix":2},"a":{"a":0,"k":[0,0],"ix":1},"s":{"a":0,"k":[100,100],"ix":3},"r":{"a":0,"k":0,"ix":6},"o":{"a":0,"k":10,"ix":7},"sk":{"a":0,"k":0,"ix":4},"sa":{"a":0,"k":0,"ix":5},"nm":"Transform"}],"nm":"Group 1","np":2,"cix":2,"ix":1,"mn":"ADBE Vector Group","hd":false},{"ty":"gr","it":[{"ind":0,"ty":"sh","ix":1,"ks":{"a":0,"k":{"i":[[0,0],[0,0],[0,0],[0,0],[0,0],[-0.619,3.315]],"o":[[0,0],[-0.75,2.619],[4.13,1.64],[3.26,-1.251],[-0.796,-3.277],[0,0]],"v":[[-9.797,-75.406],[-9.967,-71.095],[-9.627,-68.476],[-1.087,-68.836],[0.303,-72.265],[0.033,-82.266]],"c":true},"ix":2},"nm":"Path 2","mn":"ADBE Vector Shape - Group","hd":false},{"ty":"fl","c":{"a":0,"k":[1,0.816000007181,0.611999990426,1],"ix":4},"o":{"a":0,"k":100,"ix":5},"r":1,"nm":"Fill 1","mn":"ADBE Vector Graphic - Fill","hd":false},{"ty":"tr","p":{"a":0,"k":[40.381,124.947],"ix":2},"a":{"a":0,"k":[0,0],"ix":1},"s":{"a":0,"k":[100,100],"ix":3},"r":{"a":0,"k":0,"ix":6},"o":{"a":0,"k":100,"ix":7},"sk":{"a":0,"k":0,"ix":4},"sa":{"a":0,"k":0,"ix":5},"nm":"Transform"}],"nm":"Group 2","np":2,"cix":2,"ix":2,"mn":"ADBE Vector Group","hd":false},{"ty":"gr","it":[{"ind":0,"ty":"sh","ix":1,"ks":{"a":0,"k":{"i":[[0.583,-2.023],[-0.303,-2.533],[-0.07,-0.711],[1.01,-2.1],[0.249,-1.32],[-1.03,-1.002],[-1.408,-0.211],[0.069,2.156],[-0.359,1.171],[-1.641,0.77],[-1.803,-0.019],[-2.352,-0.882],[-1.131,-1.599],[0.15,-1.757],[0.317,-1.611],[-0.028,-0.265],[-0.387,-0.14],[-0.354,0.209],[-0.1,0.841],[-0.257,0.794],[-0.858,0.024],[-0.267,-0.568],[0.452,-0.982],[0.662,-0.839],[0.842,-2.181],[-1,1],[-1.551,3.233],[1.256,3.417],[1.361,1.754],[1.66,1.55],[2.364,0.323],[2.365,-0.161],[1.2,1.23],[1.099,0.86],[0.556,0]],"o":[[-0.64,2.47],[0.06,0.7],[0.25,2.289],[-0.57,1.22],[-0.214,1.421],[1.032,0.981],[-0.496,-2.101],[-0.096,-1.221],[0.657,-1.688],[1.642,-0.744],[2.511,-0.043],[1.875,0.566],[0.804,1.569],[-0.036,1.642],[-0.069,0.257],[0.14,0.387],[0.386,0.139],[0.69,-0.491],[0.095,-0.829],[0.28,-0.812],[0.62,0.093],[0.452,0.984],[-0.467,0.963],[-1.351,1.909],[1.43,0.12],[2.577,-2.494],[1.568,-3.285],[-1.007,-1.978],[-1.249,-1.89],[-1.807,-1.557],[-2.347,-0.334],[-1.721,0.07],[-0.98,-1],[-0.566,-0.441],[-2.757,0.001]],"v":[[-21.687,-118.226],[-22.197,-110.656],[-21.977,-108.535],[-22.567,-101.806],[-24.327,-98.206],[-23.027,-94.346],[-19.277,-92.515],[-20.126,-98.916],[-19.727,-102.536],[-16.147,-106.366],[-10.917,-107.466],[-3.557,-106.196],[1.083,-102.856],[2.083,-97.766],[1.553,-92.876],[1.492,-92.086],[2.324,-91.255],[3.493,-91.366],[4.733,-93.456],[5.262,-95.896],[7.153,-97.285],[8.573,-96.226],[8.573,-93.127],[6.874,-90.416],[3.573,-84.256],[7.203,-86.256],[13.443,-94.916],[13.932,-105.396],[10.373,-111.006],[6.443,-116.536],[0.052,-119.416],[-7.037,-119.676],[-11.887,-120.846],[-14.197,-124.316],[-15.886,-124.947]],"c":true},"ix":2},"nm":"Path 2","mn":"ADBE Vector Shape - Group","hd":false},{"ty":"fl","c":{"a":0,"k":[0.224000010771,0.250999989229,0.375999989229,1],"ix":4},"o":{"a":0,"k":100,"ix":5},"r":1,"nm":"Fill 1","mn":"ADBE Vector Graphic - Fill","hd":false},{"ty":"tr","p":{"a":0,"k":[40.381,124.947],"ix":2},"a":{"a":0,"k":[0,0],"ix":1},"s":{"a":0,"k":[100,100],"ix":3},"r":{"a":0,"k":0,"ix":6},"o":{"a":0,"k":100,"ix":7},"sk":{"a":0,"k":0,"ix":4},"sa":{"a":0,"k":0,"ix":5},"nm":"Transform"}],"nm":"Group 3","np":2,"cix":2,"ix":3,"mn":"ADBE Vector Group","hd":false},{"ty":"gr","it":[{"ind":0,"ty":"sh","ix":1,"ks":{"a":0,"k":{"i":[[0,0],[0,0],[0,0],[-4.42,-4.35],[-6.57,1.04],[-4.85,7.21],[0,0],[0,0]],"o":[[0,0],[0,0],[0,0],[0,0],[0,0],[0,0],[0,0],[0,0]],"v":[[-18.427,-110.276],[-21.177,-101.426],[-19.397,-93.036],[-13.047,-76.606],[-5.547,-75.466],[4.233,-84.266],[11.963,-96.186],[0.573,-110.686]],"c":true},"ix":2},"nm":"Path 2","mn":"ADBE Vector Shape - Group","hd":false},{"ty":"fl","c":{"a":0,"k":[1,0.816000007181,0.611999990426,1],"ix":4},"o":{"a":0,"k":100,"ix":5},"r":1,"nm":"Fill 1","mn":"ADBE Vector Graphic - Fill","hd":false},{"ty":"tr","p":{"a":0,"k":[40.381,124.947],"ix":2},"a":{"a":0,"k":[0,0],"ix":1},"s":{"a":0,"k":[100,100],"ix":3},"r":{"a":0,"k":0,"ix":6},"o":{"a":0,"k":100,"ix":7},"sk":{"a":0,"k":0,"ix":4},"sa":{"a":0,"k":0,"ix":5},"nm":"Transform"}],"nm":"Group 4","np":2,"cix":2,"ix":4,"mn":"ADBE Vector Group","hd":false},{"ty":"gr","it":[{"ind":0,"ty":"sh","ix":1,"ks":{"a":0,"k":{"i":[[0,0],[0,0],[1.83,-2.93],[0,0],[0.019,-1.765],[0,0],[-0.336,-0.829],[-4.73,-2.29],[-3.6,4.28],[0,0],[0.245,-2.592],[0,0],[-2.851,-1.33],[-12.452,5.276],[3.33,7.71],[0.012,2.948],[0,0],[0,0],[-2.94,1.48],[-1.451,4.091],[1.191,1.72],[0,0],[3.92,0.56],[0,0]],"o":[[0,0],[0,0],[0,0],[0,0],[0,0],[0.006,0.601],[0,0],[0,0],[0,0],[0.106,2.601],[0,0],[0,0],[12.163,5.911],[0,0],[-0.527,-2.901],[0,0],[0,0],[0,0],[0,0],[0,0],[0,0],[0,0],[0,0],[0,0]],"v":[[-10.967,-70.596],[-21.847,-68.536],[-28.077,-64.956],[-39.267,-53.536],[-40.381,-50.988],[-40.381,-50.897],[-39.908,-48.756],[-33.267,-41.276],[-27.488,-43.666],[-22.677,-14.396],[-22.887,-6.596],[-23.167,-3.906],[-21.217,0.984],[17.523,1.984],[18.193,-6.516],[17.383,-15.306],[19.513,-44.196],[21.913,-41.556],[25.463,-41.366],[31.624,-48.127],[31.742,-52.126],[18.133,-66.386],[10.213,-69.946],[0.083,-70.876]],"c":true},"ix":2},"nm":"Path 2","mn":"ADBE Vector Shape - Group","hd":false},{"ty":"fl","c":{"a":0,"k":[0.298000021542,0.838999968884,0.564999988032,1],"ix":4},"o":{"a":0,"k":100,"ix":5},"r":1,"nm":"Fill 1","mn":"ADBE Vector Graphic - Fill","hd":false},{"ty":"tr","p":{"a":0,"k":[40.381,124.947],"ix":2},"a":{"a":0,"k":[0,0],"ix":1},"s":{"a":0,"k":[100,100],"ix":3},"r":{"a":0,"k":0,"ix":6},"o":{"a":0,"k":100,"ix":7},"sk":{"a":0,"k":0,"ix":4},"sa":{"a":0,"k":0,"ix":5},"nm":"Transform"}],"nm":"Group 5","np":2,"cix":2,"ix":5,"mn":"ADBE Vector Group","hd":false},{"ty":"gr","it":[{"ind":0,"ty":"sh","ix":1,"ks":{"a":0,"k":{"i":[[0,0],[0,0],[-3.888,-0.81],[-3.05,1.64],[0.18,3.65],[0,0],[-0.49,-5.97],[0,0],[-0.408,-0.735],[-0.815,-0.21],[-2.94,3.02],[0.53,2.669],[0,0],[0,0]],"o":[[0,0],[0,0],[0,0],[0,0],[0,0],[0,0],[0,0],[-0.251,0.801],[0.409,0.735],[0,0],[0,0],[0,0],[0,0],[0,0]],"v":[[-16.697,90.964],[-16.277,102.234],[-13.988,105.634],[-4.597,105.354],[-3.027,101.994],[-1.687,26.844],[-0.017,28.894],[6.513,102.155],[6.758,104.562],[8.673,106.044],[17.793,105.754],[18.793,102.155],[18.033,0.824],[-20.557,-1.466]],"c":true},"ix":2},"nm":"Path 2","mn":"ADBE Vector Shape - Group","hd":false},{"ty":"fl","c":{"a":0,"k":[0.322000002394,0.310000011968,0.776000019148,1],"ix":4},"o":{"a":0,"k":100,"ix":5},"r":1,"nm":"Fill 1","mn":"ADBE Vector Graphic - Fill","hd":false},{"ty":"tr","p":{"a":0,"k":[40.381,124.947],"ix":2},"a":{"a":0,"k":[0,0],"ix":1},"s":{"a":0,"k":[100,100],"ix":3},"r":{"a":0,"k":0,"ix":6},"o":{"a":0,"k":100,"ix":7},"sk":{"a":0,"k":0,"ix":4},"sa":{"a":0,"k":0,"ix":5},"nm":"Transform"}],"nm":"Group 6","np":2,"cix":2,"ix":6,"mn":"ADBE Vector Group","hd":false},{"ty":"gr","it":[{"ind":0,"ty":"sh","ix":1,"ks":{"a":0,"k":{"i":[[0,0],[-2.629,-0.73],[-1,-0.347],[-0.52,-1.169],[-2.11,-0.76],[-2.806,2.059],[1.74,1.25],[0,0],[-0.63,2.54],[0,0]],"o":[[0,0],[0.952,0.466],[1.48,0.31],[0.94,2.13],[3.257,1.229],[3.23,-2.35],[0,0],[-2.05,-1.42],[0,0],[0,0]],"v":[[7.323,110.211],[9.322,112.941],[12.253,114.161],[15.983,119.681],[21.833,124.001],[31.552,122.671],[25.553,115.421],[19.123,110.981],[16.892,105.981],[7.532,104.921]],"c":true},"ix":2},"nm":"Path 2","mn":"ADBE Vector Shape - Group","hd":false},{"ty":"fl","c":{"a":0,"k":[0.224000010771,0.250999989229,0.375999989229,1],"ix":4},"o":{"a":0,"k":100,"ix":5},"r":1,"nm":"Fill 1","mn":"ADBE Vector Graphic - Fill","hd":false},{"ty":"tr","p":{"a":0,"k":[40.381,125.23],"ix":2},"a":{"a":0,"k":[0,0],"ix":1},"s":{"a":0,"k":[100,100],"ix":3},"r":{"a":0,"k":0,"ix":6},"o":{"a":0,"k":100,"ix":7},"sk":{"a":0,"k":0,"ix":4},"sa":{"a":0,"k":0,"ix":5},"nm":"Transform"}],"nm":"Group 7","np":2,"cix":2,"ix":7,"mn":"ADBE Vector Group","hd":false},{"ty":"gr","it":[{"ind":0,"ty":"sh","ix":1,"ks":{"a":0,"k":{"i":[[0,0],[2.161,-1.25],[0,0],[-3,-2.61],[-3.346,0.96],[-1.11,2.05],[-1.5,0.189],[-0.979,0.394],[0,0],[0,0]],"o":[[0.42,2.6],[0,0],[-1.84,1.06],[2.63,2.281],[2.18,-0.59],[0.61,-1.12],[1.02,-0.273],[2.67,-0.56],[0,0],[0,0]],"v":[[-13.977,105.654],[-16.608,110.474],[-23.377,114.384],[-29.947,121.124],[-20.367,123.244],[-14.187,119.414],[-10.017,114.215],[-7.017,113.214],[-4.817,110.654],[-4.608,105.364]],"c":true},"ix":2},"nm":"Path 2","mn":"ADBE Vector Shape - Group","hd":false},{"ty":"fl","c":{"a":0,"k":[0.224000010771,0.250999989229,0.375999989229,1],"ix":4},"o":{"a":0,"k":100,"ix":5},"r":1,"nm":"Fill 1","mn":"ADBE Vector Graphic - Fill","hd":false},{"ty":"tr","p":{"a":0,"k":[40.381,124.947],"ix":2},"a":{"a":0,"k":[0,0],"ix":1},"s":{"a":0,"k":[100,100],"ix":3},"r":{"a":0,"k":0,"ix":6},"o":{"a":0,"k":100,"ix":7},"sk":{"a":0,"k":0,"ix":4},"sa":{"a":0,"k":0,"ix":5},"nm":"Transform"}],"nm":"Group 8","np":2,"cix":2,"ix":8,"mn":"ADBE Vector Group","hd":false},{"ty":"gr","it":[{"ind":0,"ty":"sh","ix":1,"ks":{"a":0,"k":{"i":[[0,0],[0,0],[-1.58,-5.35],[1.37,-1.609],[-3.63,-1.13],[-4.03,-1.88],[-3.649,1.75],[-0.007,0.917],[0,0],[2.109,6.393],[-0.375,3.826],[0,0],[1.422,3.253],[0,0]],"o":[[0,0],[0,0],[0,0],[0,0],[0,0],[0,0],[0,0],[0,0],[-0.01,-1.501],[-0.581,-3.799],[0,0],[0.031,-3.55],[0,0],[0,0]],"v":[[23.883,-41.536],[27.643,-34.776],[30.223,-3.696],[28.723,1.993],[29.023,7.564],[32.203,14.564],[40.202,14.814],[40.381,13.655],[40.381,13.54],[37.823,2.494],[37.513,-8.987],[39.443,-29.666],[37.333,-39.986],[32.073,-49.816]],"c":true},"ix":2},"nm":"Path 2","mn":"ADBE Vector Shape - Group","hd":false},{"ty":"fl","c":{"a":0,"k":[1,0.816000007181,0.611999990426,1],"ix":4},"o":{"a":0,"k":100,"ix":5},"r":1,"nm":"Fill 1","mn":"ADBE Vector Graphic - Fill","hd":false},{"ty":"tr","p":{"a":0,"k":[40.381,124.947],"ix":2},"a":{"a":0,"k":[0,0],"ix":1},"s":{"a":0,"k":[100,100],"ix":3},"r":{"a":0,"k":0,"ix":6},"o":{"a":0,"k":100,"ix":7},"sk":{"a":0,"k":0,"ix":4},"sa":{"a":0,"k":0,"ix":5},"nm":"Transform"}],"nm":"Group 9","np":2,"cix":2,"ix":9,"mn":"ADBE Vector Group","hd":false}],"ip":0,"op":2880,"st":0,"bm":0},{"ddd":0,"ind":9,"ty":4,"nm":"Human hand","parent":1,"sr":1,"ks":{"o":{"a":0,"k":100,"ix":11},"r":{"a":1,"k":[{"i":{"x":[0.833],"y":[0.833]},"o":{"x":[0.167],"y":[0.167]},"n":["0p833_0p833_0p167_0p167"],"t":48,"s":[3],"e":[0]},{"i":{"x":[0.833],"y":[0.833]},"o":{"x":[0.167],"y":[0.167]},"n":["0p833_0p833_0p167_0p167"],"t":57,"s":[0],"e":[3]},{"t":63}],"ix":10},"p":{"a":0,"k":[26.605,-24.541,0],"ix":2},"a":{"a":0,"k":[61.605,36.459,0],"ix":1},"s":{"a":0,"k":[100,100,100],"ix":6}},"ao":0,"shapes":[{"ty":"gr","it":[{"ty":"gr","it":[{"ind":0,"ty":"sh","ix":1,"ks":{"a":0,"k":{"i":[[0,0],[0,0],[0,0],[0,0],[0,0],[0,0],[0,0],[0,0],[0,0],[0,0],[0,0],[0,0],[0,0],[0,0],[0,0],[0,3.131],[0,0],[0,0],[0,11.13],[11.548,0]],"o":[[0,0],[0,0],[0,0],[0,0],[0,0],[0,0],[0,0],[0,0],[0,0],[0,0],[0,0],[0,0],[0,0],[0,0],[3.131,0],[0,0],[0,0],[11.548,0],[0,-11.129],[0,0]],"v":[[-24.929,-20.651],[-24.929,-13.245],[-29.087,-13.245],[-29.087,-9.63],[-11.476,-9.63],[-11.476,-13.245],[7.212,-0.955],[-11.476,12.019],[-11.483,12.019],[-11.483,8.404],[-28.853,8.404],[-28.853,12.019],[-24.929,12.019],[-24.929,31.923],[-17.21,31.923],[-11.541,26.254],[-11.541,19.515],[-2.755,19.515],[17.747,-0.569],[-2.755,-20.651]],"c":true},"ix":2},"nm":"Path 2","mn":"ADBE Vector Shape - Group","hd":false},{"ind":1,"ty":"sh","ix":2,"ks":{"a":0,"k":{"i":[[0,0],[0,0],[0,0],[0,0]],"o":[[0,0],[0,0],[0,0],[0,0]],"v":[[-31.783,-2.442],[-11.484,-2.442],[-11.484,-6.057],[-31.783,-6.057]],"c":true},"ix":2},"nm":"Path 3","mn":"ADBE Vector Shape - Group","hd":false},{"ind":2,"ty":"sh","ix":3,"ks":{"a":0,"k":{"i":[[0,0]],"o":[[0,0]],"v":[[-31.783,-6.057]],"c":false},"ix":2},"nm":"Path 4","mn":"ADBE Vector Shape - Group","hd":false},{"ind":3,"ty":"sh","ix":4,"ks":{"a":0,"k":{"i":[[0,0],[0,0],[0,0],[0,0]],"o":[[0,0],[0,0],[0,0],[0,0]],"v":[[-26.267,4.789],[-11.484,4.789],[-11.484,1.174],[-26.267,1.174]],"c":true},"ix":2},"nm":"Path 5","mn":"ADBE Vector Shape - Group","hd":false},{"ty":"gf","o":{"a":0,"k":100,"ix":10},"r":1,"g":{"p":3,"k":{"a":0,"k":[0,0.251,0.49,0.973,0.5,0.22,0.259,0.986,1,0.188,0.027,1],"ix":9}},"s":{"a":0,"k":[-35.197,-10.769],"ix":5},"e":{"a":0,"k":[17.205,-0.165],"ix":6},"t":1,"nm":"Gradient Fill 1","mn":"ADBE Vector Graphic - G-Fill","hd":false},{"ty":"tr","p":{"a":0,"k":[10.163,12.652],"ix":2},"a":{"a":0,"k":[0,0],"ix":1},"s":{"a":0,"k":[14,14],"ix":3},"r":{"a":0,"k":0,"ix":6},"o":{"a":0,"k":100,"ix":7},"sk":{"a":0,"k":0,"ix":4},"sa":{"a":0,"k":0,"ix":5},"nm":"Transform"}],"nm":"Logo1","np":5,"cix":2,"ix":1,"mn":"ADBE Vector Group","hd":false},{"ty":"gr","it":[{"ind":0,"ty":"sh","ix":1,"ks":{"a":0,"k":{"i":[[0,0],[0,0],[0,0],[0,0],[0,0],[0,0],[0,0],[0,0],[0,0],[0,0],[0,0],[0,0],[0,0],[0,0],[0,0],[0,3.131],[0,0],[0,0],[0,11.13],[11.548,0]],"o":[[0,0],[0,0],[0,0],[0,0],[0,0],[0,0],[0,0],[0,0],[0,0],[0,0],[0,0],[0,0],[0,0],[0,0],[3.131,0],[0,0],[0,0],[11.548,0],[0,-11.129],[0,0]],"v":[[-14.721,-26.287],[-14.721,-18.881],[-18.879,-18.881],[-18.879,-15.266],[-1.268,-15.266],[-1.268,-18.881],[17.42,-6.591],[-1.268,6.383],[-1.275,6.383],[-1.275,2.768],[-18.645,2.768],[-18.645,6.383],[-14.721,6.383],[-14.721,26.287],[-7.002,26.287],[-1.333,20.618],[-1.333,13.879],[7.453,13.879],[27.955,-6.205],[7.453,-26.287]],"c":true},"ix":2},"nm":"Path 2","mn":"ADBE Vector Shape - Group","hd":false},{"ind":1,"ty":"sh","ix":2,"ks":{"a":0,"k":{"i":[[0,0],[0,0],[0,0],[0,0]],"o":[[0,0],[0,0],[0,0],[0,0]],"v":[[-25.26,-15.266],[-21.493,-15.266],[-21.493,-18.881],[-25.26,-18.881]],"c":true},"ix":2},"nm":"Path 3","mn":"ADBE Vector Shape - Group","hd":false},{"ind":2,"ty":"sh","ix":3,"ks":{"a":0,"k":{"i":[[0,0]],"o":[[0,0]],"v":[[-25.26,-18.881]],"c":false},"ix":2},"nm":"Path 4","mn":"ADBE Vector Shape - Group","hd":false},{"ind":3,"ty":"sh","ix":4,"ks":{"a":0,"k":{"i":[[0,0],[0,0],[0,0],[0,0]],"o":[[0,0],[0,0],[0,0],[0,0]],"v":[[-21.575,-8.078],[-1.276,-8.078],[-1.276,-11.693],[-21.575,-11.693]],"c":true},"ix":2},"nm":"Path 5","mn":"ADBE Vector Shape - Group","hd":false},{"ind":4,"ty":"sh","ix":5,"ks":{"a":0,"k":{"i":[[0,0]],"o":[[0,0]],"v":[[-21.575,-11.693]],"c":false},"ix":2},"nm":"Path 6","mn":"ADBE Vector Shape - Group","hd":false},{"ind":5,"ty":"sh","ix":6,"ks":{"a":0,"k":{"i":[[0,0],[0,0],[0,0],[0,0]],"o":[[0,0],[0,0],[0,0],[0,0]],"v":[[-27.955,-8.078],[-24.188,-8.078],[-24.188,-11.693],[-27.955,-11.693]],"c":true},"ix":2},"nm":"Path 7","mn":"ADBE Vector Shape - Group","hd":false},{"ind":6,"ty":"sh","ix":7,"ks":{"a":0,"k":{"i":[[0,0]],"o":[[0,0]],"v":[[-27.955,-11.693]],"c":false},"ix":2},"nm":"Path 8","mn":"ADBE Vector Shape - Group","hd":false},{"ind":7,"ty":"sh","ix":8,"ks":{"a":0,"k":{"i":[[0,0],[0,0],[0,0],[0,0]],"o":[[0,0],[0,0],[0,0],[0,0]],"v":[[-16.059,-0.847],[-1.276,-0.847],[-1.276,-4.462],[-16.059,-4.462]],"c":true},"ix":2},"nm":"Path 9","mn":"ADBE Vector Shape - Group","hd":false},{"ind":8,"ty":"sh","ix":9,"ks":{"a":0,"k":{"i":[[0,0]],"o":[[0,0]],"v":[[-16.059,-4.462]],"c":false},"ix":2},"nm":"Path 10","mn":"ADBE Vector Shape - Group","hd":false},{"ind":9,"ty":"sh","ix":10,"ks":{"a":0,"k":{"i":[[0,0],[0,0],[0,0],[0,0]],"o":[[0,0],[0,0],[0,0],[0,0]],"v":[[-22.439,-0.847],[-18.673,-0.847],[-18.673,-4.462],[-22.439,-4.462]],"c":true},"ix":2},"nm":"Path 11","mn":"ADBE Vector Shape - Group","hd":false},{"ind":10,"ty":"sh","ix":11,"ks":{"a":0,"k":{"i":[[0,0]],"o":[[0,0]],"v":[[-22.439,-4.462]],"c":false},"ix":2},"nm":"Path 12","mn":"ADBE Vector Shape - Group","hd":false},{"ind":11,"ty":"sh","ix":12,"ks":{"a":0,"k":{"i":[[0,0],[0,0],[0,0],[0,0]],"o":[[0,0],[0,0],[0,0],[0,0]],"v":[[-25.025,6.383],[-21.259,6.383],[-21.259,2.768],[-25.025,2.768]],"c":true},"ix":2},"nm":"Path 13","mn":"ADBE Vector Shape - Group","hd":false},{"ty":"gf","o":{"a":0,"k":100,"ix":10},"r":1,"g":{"p":3,"k":{"a":0,"k":[0,0.251,0.49,0.973,0.5,0.22,0.259,0.986,1,0.188,0.027,1],"ix":9}},"s":{"a":0,"k":[0,0],"ix":5},"e":{"a":0,"k":[30.232,-0.969],"ix":6},"t":1,"nm":"Gradient Fill 1","mn":"ADBE Vector Graphic - G-Fill","hd":false},{"ty":"tr","p":{"a":0,"k":[8.705,13.444],"ix":2},"a":{"a":0,"k":[0,0],"ix":1},"s":{"a":0,"k":[14,14],"ix":3},"r":{"a":0,"k":0,"ix":6},"o":{"a":0,"k":100,"ix":7},"sk":{"a":0,"k":0,"ix":4},"sa":{"a":0,"k":0,"ix":5},"nm":"Transform"}],"nm":"logo2","np":13,"cix":2,"ix":2,"mn":"ADBE Vector Group","hd":false},{"ty":"tr","p":{"a":0,"k":[-0.125,5],"ix":2},"a":{"a":0,"k":[0,0],"ix":1},"s":{"a":0,"k":[80,80],"ix":3},"r":{"a":0,"k":-12.997,"ix":6},"o":{"a":0,"k":100,"ix":7},"sk":{"a":0,"k":0,"ix":4},"sa":{"a":0,"k":0,"ix":5},"nm":"Transform"}],"nm":"Logo","np":2,"cix":2,"ix":1,"mn":"ADBE Vector Group","hd":false},{"ty":"gr","it":[{"ind":0,"ty":"sh","ix":1,"ks":{"a":0,"k":{"i":[[0.217,-0.986],[0,0],[-2.88,0.74],[-0.15,1.6],[2.69,0.31],[0.146,0]],"o":[[0,0],[0,0],[0,0],[0.03,-0.01],[-0.147,-0.032],[-0.969,0]],"v":[[-2.635,-3.611],[-1.635,3.389],[1.305,4.529],[2.605,3.189],[-0.135,-5.221],[-0.576,-5.268]],"c":true},"ix":2},"nm":"Path 1","mn":"ADBE Vector Shape - Group","hd":false},{"ty":"fl","c":{"a":0,"k":[1,0.816000007181,0.611999990426,1],"ix":4},"o":{"a":0,"k":100,"ix":5},"r":1,"nm":"Fill 1","mn":"ADBE Vector Graphic - Fill","hd":false},{"ty":"tr","p":{"a":0,"k":[2.635,13.055],"ix":2},"a":{"a":0,"k":[0,0],"ix":1},"s":{"a":0,"k":[100,100],"ix":3},"r":{"a":0,"k":0,"ix":6},"o":{"a":0,"k":100,"ix":7},"sk":{"a":0,"k":0,"ix":4},"sa":{"a":0,"k":0,"ix":5},"nm":"Transform"}],"nm":"Group 1","np":2,"cix":2,"ix":2,"mn":"ADBE Vector Group","hd":false},{"ty":"gr","it":[{"ind":0,"ty":"sh","ix":1,"ks":{"a":0,"k":{"i":[[3.704,0.306],[-0.05,-0.33],[-0.643,0.115],[0,0],[0.116,0.644],[0,0]],"o":[[0.81,4.39],[0.122,0.642],[0,0],[0.642,-0.121],[0,0],[-3.319,1.674]],"v":[[-6.268,-3.988],[-4.598,5.012],[-3.218,5.963],[5.202,4.402],[6.152,3.021],[4.472,-6.078]],"c":true},"ix":2},"nm":"Path 1","mn":"ADBE Vector Shape - Group","hd":false},{"ty":"fl","c":{"a":0,"k":[0.987999949736,0.980000035903,0.969000004787,1],"ix":4},"o":{"a":0,"k":100,"ix":5},"r":1,"nm":"Fill 1","mn":"ADBE Vector Graphic - Fill","hd":false},{"ty":"tr","p":{"a":0,"k":[9.718,18.231],"ix":2},"a":{"a":0,"k":[0,0],"ix":1},"s":{"a":0,"k":[100,100],"ix":3},"r":{"a":0,"k":0,"ix":6},"o":{"a":0,"k":100,"ix":7},"sk":{"a":0,"k":0,"ix":4},"sa":{"a":0,"k":0,"ix":5},"nm":"Transform"}],"nm":"Group 8","np":2,"cix":2,"ix":3,"mn":"ADBE Vector Group","hd":false},{"ty":"gr","it":[{"ind":0,"ty":"sh","ix":1,"ks":{"a":0,"k":{"i":[[0.071,-0.013],[0,0],[0.067,-0.097],[-0.023,-0.117],[0,0],[0.372,-0.071],[0,0],[0.071,0.372],[0,0],[0.097,0.068],[0.117,-0.023],[0,0],[-0.116,-0.643],[0,0],[-3.317,1.654],[0,0],[0,0],[0.562,0]],"o":[[0,0],[-0.118,0.02],[-0.069,0.098],[0,0],[0.067,0.373],[0,0],[-0.373,0.067],[0,0],[-0.02,-0.118],[-0.098,-0.068],[0,0],[-0.642,0.121],[0,0],[3.691,0.332],[0,0],[0,0],[-0.108,-0.57],[-0.069,0]],"v":[[3.158,-6.527],[2.518,-6.407],[2.227,-6.224],[2.158,-5.887],[2.208,-5.607],[1.658,-4.807],[-3.253,-3.897],[-4.053,-4.447],[-4.102,-4.727],[-4.286,-5.017],[-4.622,-5.087],[-5.262,-4.967],[-6.212,-3.587],[-4.393,6.214],[6.327,4.193],[6.217,3.483],[4.538,-5.577],[3.368,-6.546]],"c":true},"ix":2},"nm":"Path 1","mn":"ADBE Vector Shape - Group","hd":false},{"ty":"fl","c":{"a":0,"k":[0.987999949736,0.980000035903,0.969000004787,1],"ix":4},"o":{"a":0,"k":100,"ix":5},"r":1,"nm":"Fill 1","mn":"ADBE Vector Graphic - Fill","hd":false},{"ty":"tr","p":{"a":0,"k":[7.862,8.01],"ix":2},"a":{"a":0,"k":[0,0],"ix":1},"s":{"a":0,"k":[100,100],"ix":3},"r":{"a":0,"k":0,"ix":6},"o":{"a":0,"k":100,"ix":7},"sk":{"a":0,"k":0,"ix":4},"sa":{"a":0,"k":0,"ix":5},"nm":"Transform"}],"nm":"Group 9","np":2,"cix":2,"ix":4,"mn":"ADBE Vector Group","hd":false},{"ty":"gr","it":[{"ind":0,"ty":"sh","ix":1,"ks":{"a":0,"k":{"i":[[0,0],[0.147,-0.027],[0,0],[-0.268,-1.444],[0,0],[-1.444,0.268],[0,0],[0.268,1.444],[0,0],[1.235,0.019]],"o":[[-0.145,0.002],[0,0],[-1.444,0.268],[0,0],[0.268,1.443],[0,0],[1.444,-0.268],[0,0],[-0.239,-1.261],[0,0]],"v":[[2.429,-12.941],[1.99,-12.898],[-6.43,-11.337],[-8.56,-8.238],[-5.08,10.544],[-1.98,12.673],[6.43,11.102],[8.56,8.003],[5.08,-10.777],[2.511,-12.941]],"c":true},"ix":2},"nm":"Path 1","mn":"ADBE Vector Shape - Group","hd":false},{"ty":"fl","c":{"a":0,"k":[0.851000019148,0.870999983245,0.885999971278,1],"ix":4},"o":{"a":0,"k":100,"ix":5},"r":1,"nm":"Fill 1","mn":"ADBE Vector Graphic - Fill","hd":false},{"ty":"tr","p":{"a":0,"k":[8.76,12.941],"ix":2},"a":{"a":0,"k":[0,0],"ix":1},"s":{"a":0,"k":[100,100],"ix":3},"r":{"a":0,"k":0,"ix":6},"o":{"a":0,"k":100,"ix":7},"sk":{"a":0,"k":0,"ix":4},"sa":{"a":0,"k":0,"ix":5},"nm":"Transform"}],"nm":"Group 10","np":2,"cix":2,"ix":5,"mn":"ADBE Vector Group","hd":false},{"ty":"gr","it":[{"ind":0,"ty":"sh","ix":1,"ks":{"a":0,"k":{"i":[[0.331,-0.419],[-2.09,-7.34],[0.157,-0.798],[-2.7,-1.95],[-0.75,-0.46],[-5.55,-6.79],[-5.65,-1.34],[-0.339,-0.001],[0,0],[-2.002,1.773],[0,0],[0,0],[1.13,-0.85],[5.059,3.899],[3.871,3.5],[0,0],[0.733,0]],"o":[[0,0],[-0.037,0.813],[0,0],[0,0],[6.18,6.21],[3.43,4.2],[0,0],[0,0],[0.657,-0.002],[0,0],[0,0],[0,0],[0,0],[0,0],[0,0],[0,0],[-0.348,0]],"v":[[-24.75,-24.442],[-23.42,-17.562],[-23.711,-15.143],[-23.76,-6.322],[-21.27,-4.922],[-3.33,14.378],[9.26,24.918],[9.764,25.002],[9.774,25.002],[13.729,22.918],[26.517,10.613],[18.266,1.493],[7.68,11.288],[-16.889,-11.191],[-20.021,-20.692],[-22.33,-24.372],[-23.702,-25.002]],"c":true},"ix":2},"nm":"Path 2","mn":"ADBE Vector Shape - Group","hd":false},{"ty":"fl","c":{"a":0,"k":[1,0.816000007181,0.611999990426,1],"ix":4},"o":{"a":0,"k":100,"ix":5},"r":1,"nm":"Fill 1","mn":"ADBE Vector Graphic - Fill","hd":false},{"ty":"tr","p":{"a":0,"k":[39.25,29.915],"ix":2},"a":{"a":0,"k":[0,0],"ix":1},"s":{"a":0,"k":[100,100],"ix":3},"r":{"a":0,"k":0,"ix":6},"o":{"a":0,"k":100,"ix":7},"sk":{"a":0,"k":0,"ix":4},"sa":{"a":0,"k":0,"ix":5},"nm":"Transform"}],"nm":"Group 11","np":2,"cix":2,"ix":6,"mn":"ADBE Vector Group","hd":false}],"ip":0,"op":2880,"st":0,"bm":0},{"ddd":0,"ind":10,"ty":4,"nm":"BG Outlines","parent":1,"sr":1,"ks":{"o":{"a":0,"k":100,"ix":11},"r":{"a":0,"k":0,"ix":10},"p":{"a":0,"k":[0,0,0],"ix":2},"a":{"a":0,"k":[146,102.5,0],"ix":1},"s":{"a":0,"k":[100,100,100],"ix":6}},"ao":0,"shapes":[{"ty":"gr","it":[{"ind":0,"ty":"sh","ix":1,"ks":{"a":0,"k":{"i":[[7.399,-1.345],[7.67,-5.019],[-3.79,-2.371],[-1.18,-0.579],[-4,-0.96],[-15.8,1.78],[-18.28,-8.08],[-27.61,2.96],[-11.52,11.34],[48.27,4.411],[3.11,0.3],[11.043,0.001]],"o":[[-8.95,1.619],[-2,1.301],[1.12,0.689],[3.49,1.79],[16.55,4],[21.22,-2.401],[25.73,11.37],[19.08,-2],[-42.48,-24.47],[-3.081,-0.279],[-10.924,-1.065],[-7.63,0]],"v":[[-72.14,166.58],[-97.81,175.929],[-114.36,194.3],[-109.71,197.879],[-99.45,202.67],[-53.75,191.98],[2.53,215.35],[83.42,224.719],[127.26,202.59],[-7.13,167.739],[-16.41,166.85],[-49.541,164.734]],"c":true},"ix":2},"nm":"Path 2","mn":"ADBE Vector Shape - Group","hd":false},{"ty":"gf","o":{"a":0,"k":100,"ix":10},"r":1,"g":{"p":3,"k":{"a":0,"k":[0,1,1,1,0.5,1,1,1,1,1,1,1,0,0.2,0.5,0.125,1,0.05],"ix":9}},"s":{"a":0,"k":[-144.324,209.465],"ix":5},"e":{"a":0,"k":[126.617,203.988],"ix":6},"t":1,"nm":"Gradient Fill 1","mn":"ADBE Vector Graphic - G-Fill","hd":false},{"ty":"tr","p":{"a":0,"k":[145.999,-21.302],"ix":2},"a":{"a":0,"k":[0,0],"ix":1},"s":{"a":0,"k":[100,100],"ix":3},"r":{"a":0,"k":0,"ix":6},"o":{"a":0,"k":100,"ix":7},"sk":{"a":0,"k":0,"ix":4},"sa":{"a":0,"k":0,"ix":5},"nm":"Transform"}],"nm":"Group 1","np":2,"cix":2,"ix":1,"mn":"ADBE Vector Group","hd":false},{"ty":"gr","it":[{"ind":0,"ty":"sh","ix":1,"ks":{"a":0,"k":{"i":[[0,0],[8.153,-2.796],[9.88,-25.67],[-37.59,-19.281],[-3.72,-0.9],[-15.13,1.699],[-17.47,-7.72],[-26.38,2.829],[2.471,44.681],[32.18,9.81],[18,-2.119],[22.64,10.46],[12.615,0.025]],"o":[[-8.322,0.015],[-22.251,7.65],[-13.83,35.919],[3.4,1.756],[15.81,3.8],[20.269,-2.291],[24.571,10.859],[42.69,-4.59],[-2.009,-36.219],[-18.65,-5.67],[-26.46,3.111],[-11.914,-5.48],[0,0]],"v":[[-60.06,21.302],[-84.87,25.439],[-139.55,76.44],[-108.27,198],[-97.55,201.999],[-53.87,191.79],[-0.121,214.11],[80.59,224.91],[145.769,143.509],[95.66,54.579],[42.66,65.139],[-22.64,29.839],[-59.758,21.302]],"c":true},"ix":2},"nm":"Path 2","mn":"ADBE Vector Shape - Group","hd":false},{"ty":"gf","o":{"a":0,"k":100,"ix":10},"r":1,"g":{"p":3,"k":{"a":0,"k":[0,1,1,1,0.5,1,1,1,1,1,1,1,0,0.2,0.5,0.125,1,0.05],"ix":9}},"s":{"a":0,"k":[58.543,-8.406],"ix":5},"e":{"a":0,"k":[-74.062,248.754],"ix":6},"t":1,"nm":"Gradient Fill 1","mn":"ADBE Vector Graphic - G-Fill","hd":false},{"ty":"tr","p":{"a":0,"k":[145.999,-21.302],"ix":2},"a":{"a":0,"k":[0,0],"ix":1},"s":{"a":0,"k":[100,100],"ix":3},"r":{"a":0,"k":0,"ix":6},"o":{"a":0,"k":100,"ix":7},"sk":{"a":0,"k":0,"ix":4},"sa":{"a":0,"k":0,"ix":5},"nm":"Transform"}],"nm":"Group 2","np":2,"cix":2,"ix":2,"mn":"ADBE Vector Group","hd":false}],"ip":0,"op":2880,"st":0,"bm":0}],"markers":[]}