{"v":"5.4.3","fr":24,"ip":0,"op":24,"w":296,"h":436,"nm":"Sign In","ddd":0,"assets":[],"layers":[{"ddd":0,"ind":1,"ty":4,"nm":"Hand lines Outlines","sr":1,"ks":{"o":{"a":0,"k":30,"ix":11},"r":{"a":0,"k":0,"ix":10},"p":{"a":0,"k":[40,173.5,0],"ix":2},"a":{"a":0,"k":[15.5,40.5,0],"ix":1},"s":{"a":0,"k":[100,100,100],"ix":6}},"ao":0,"shapes":[{"ty":"gr","it":[{"ind":0,"ty":"sh","ix":1,"ks":{"a":0,"k":{"i":[[0,0],[0,0],[-12.143,0.708]],"o":[[0,0],[0,0],[0,0]],"v":[[-9.075,-6.398],[-5.299,0.153],[9.075,5.69]],"c":false},"ix":2},"nm":"Path 1","mn":"ADBE Vector Shape - Group","hd":false},{"ty":"st","c":{"a":0,"k":[0.289999988032,0.322000002394,0.486000001197,1],"ix":3},"o":{"a":0,"k":100,"ix":4},"w":{"a":0,"k":0.759,"ix":5},"lc":1,"lj":1,"ml":10,"ml2":{"a":0,"k":10,"ix":8},"bm":0,"nm":"Stroke 1","mn":"ADBE Vector Graphic - Stroke","hd":false},{"ty":"tr","p":{"a":0,"k":[9.404,45.965],"ix":2},"a":{"a":0,"k":[0,0],"ix":1},"s":{"a":0,"k":[100,100],"ix":3},"r":{"a":0,"k":0,"ix":6},"o":{"a":0,"k":100,"ix":7},"sk":{"a":0,"k":0,"ix":4},"sa":{"a":0,"k":0,"ix":5},"nm":"Transform"}],"nm":"Group 1","np":2,"cix":2,"bm":0,"ix":1,"mn":"ADBE Vector Group","hd":false},{"ty":"gr","it":[{"ind":0,"ty":"sh","ix":1,"ks":{"a":0,"k":{"i":[[0,0],[0,0],[2.722,10.615],[0,0]],"o":[[0,0],[0,0],[-0.897,-3.43],[0,0]],"v":[[18.907,18.975],[-8.018,14.688],[-12.4,5.239],[-18.907,-18.975]],"c":false},"ix":2},"nm":"Path 1","mn":"ADBE Vector Shape - Group","hd":false},{"ty":"st","c":{"a":0,"k":[0.289999988032,0.322000002394,0.486000001197,1],"ix":3},"o":{"a":0,"k":100,"ix":4},"w":{"a":0,"k":0.759,"ix":5},"lc":1,"lj":1,"ml":10,"ml2":{"a":0,"k":10,"ix":8},"bm":0,"nm":"Stroke 1","mn":"ADBE Vector Graphic - Stroke","hd":false},{"ty":"tr","p":{"a":0,"k":[29.824,19.074],"ix":2},"a":{"a":0,"k":[0,0],"ix":1},"s":{"a":0,"k":[100,100],"ix":3},"r":{"a":0,"k":0,"ix":6},"o":{"a":0,"k":100,"ix":7},"sk":{"a":0,"k":0,"ix":4},"sa":{"a":0,"k":0,"ix":5},"nm":"Transform"}],"nm":"Group 2","np":2,"cix":2,"bm":0,"ix":2,"mn":"ADBE Vector Group","hd":false}],"ip":0,"op":4320,"st":0,"bm":0},{"ddd":0,"ind":2,"ty":4,"nm":"Woman's hand Outlines","sr":1,"ks":{"o":{"a":0,"k":100,"ix":11},"r":{"a":1,"k":[{"i":{"x":[0.667],"y":[1]},"o":{"x":[0.333],"y":[0]},"n":["0p667_1_0p333_0"],"t":0,"s":[8],"e":[-5]},{"i":{"x":[0.667],"y":[1]},"o":{"x":[0.333],"y":[0]},"n":["0p667_1_0p333_0"],"t":12,"s":[-5],"e":[8]},{"t":24}],"ix":10},"p":{"a":0,"k":[171.563,157.313,0],"ix":2},"a":{"a":0,"k":[68.5,4.25,0],"ix":1},"s":{"a":0,"k":[100,100,100],"ix":6}},"ao":0,"shapes":[{"ty":"gr","it":[{"ind":0,"ty":"sh","ix":1,"ks":{"a":1,"k":[{"i":{"x":0.833,"y":0.833},"o":{"x":0.167,"y":0.167},"n":"0p833_0p833_0p167_0p167","t":0,"s":[{"i":[[0,0],[0,0],[0,0],[1.144,0.322],[1.589,-3.703],[0,0],[-3.997,0.817],[-2.094,1.84],[-0.127,0.02],[0,0],[0.568,-6.205],[0.335,-1.112],[0,0],[-2.882,3.78],[0,0]],"o":[[0,0],[0,0],[-1.144,0.322],[0,0],[0,0],[0,0],[2.584,-0.953],[0.091,-0.094],[0,0],[0,0],[0,0],[0,0],[4.316,-1.776],[0,0],[0,0]],"v":[[23.54,-13.662],[14.626,-1.495],[-18.908,-0.591],[-22.402,-0.591],[-31.367,0.383],[-34.712,6.588],[-32.137,8.778],[-25.062,4.554],[-24.727,4.38],[-21.382,3.685],[-14.52,9.361],[-15.472,14.306],[17.519,13.662],[28.507,5.18],[36.133,-4.989]],"c":true}],"e":[{"i":[[0,0],[0,0],[0,0],[1.144,0.322],[1.589,-3.703],[0,0],[-3.997,0.817],[-2.094,1.84],[-0.127,0.02],[0,0],[0.568,-6.205],[0.335,-1.112],[0,0],[-2.882,3.78],[0,0]],"o":[[0,0],[0,0],[-1.144,0.322],[0,0],[0,0],[0,0],[2.584,-0.953],[0.091,-0.094],[0,0],[0,0],[0,0],[0,0],[4.316,-1.776],[0,0],[0,0]],"v":[[23.54,-13.662],[14.626,-1.495],[-18.908,-0.591],[-22.402,-0.591],[-31.367,0.383],[-34.712,6.588],[-32.137,8.778],[-25.062,4.554],[-24.727,4.38],[-21.382,3.685],[-17.234,9.143],[-18.105,13.54],[17.519,13.662],[28.507,5.18],[36.133,-4.989]],"c":true}]},{"i":{"x":0.833,"y":0.833},"o":{"x":0.167,"y":0.167},"n":"0p833_0p833_0p167_0p167","t":12,"s":[{"i":[[0,0],[0,0],[0,0],[1.144,0.322],[1.589,-3.703],[0,0],[-3.997,0.817],[-2.094,1.84],[-0.127,0.02],[0,0],[0.568,-6.205],[0.335,-1.112],[0,0],[-2.882,3.78],[0,0]],"o":[[0,0],[0,0],[-1.144,0.322],[0,0],[0,0],[0,0],[2.584,-0.953],[0.091,-0.094],[0,0],[0,0],[0,0],[0,0],[4.316,-1.776],[0,0],[0,0]],"v":[[23.54,-13.662],[14.626,-1.495],[-18.908,-0.591],[-22.402,-0.591],[-31.367,0.383],[-34.712,6.588],[-32.137,8.778],[-25.062,4.554],[-24.727,4.38],[-21.382,3.685],[-17.234,9.143],[-18.105,13.54],[17.519,13.662],[28.507,5.18],[36.133,-4.989]],"c":true}],"e":[{"i":[[0,0],[0,0],[0,0],[1.144,0.322],[1.589,-3.703],[0,0],[-3.997,0.817],[-2.094,1.84],[-0.127,0.02],[0,0],[0.568,-6.205],[0.335,-1.112],[0,0],[-2.882,3.78],[0,0]],"o":[[0,0],[0,0],[-1.144,0.322],[0,0],[0,0],[0,0],[2.584,-0.953],[0.091,-0.094],[0,0],[0,0],[0,0],[0,0],[4.316,-1.776],[0,0],[0,0]],"v":[[23.54,-13.662],[14.626,-1.495],[-18.908,-0.591],[-22.402,-0.591],[-31.367,0.383],[-34.712,6.588],[-32.137,8.778],[-25.062,4.554],[-24.727,4.38],[-21.382,3.685],[-14.52,9.361],[-15.472,14.306],[17.519,13.662],[28.507,5.18],[36.133,-4.989]],"c":true}]},{"t":24}],"ix":2},"nm":"Path 1","mn":"ADBE Vector Shape - Group","hd":false},{"ty":"fl","c":{"a":0,"k":[0.987999949736,0.776000019148,0.564999988032,1],"ix":4},"o":{"a":0,"k":100,"ix":5},"r":1,"bm":0,"nm":"Fill 1","mn":"ADBE Vector Graphic - Fill","hd":false},{"ty":"tr","p":{"a":0,"k":[39.494,13.662],"ix":2},"a":{"a":0,"k":[0,0],"ix":1},"s":{"a":0,"k":[100,100],"ix":3},"r":{"a":0,"k":0,"ix":6},"o":{"a":0,"k":100,"ix":7},"sk":{"a":0,"k":0,"ix":4},"sa":{"a":0,"k":0,"ix":5},"nm":"Transform"}],"nm":"Group 1","np":2,"cix":2,"bm":0,"ix":1,"mn":"ADBE Vector Group","hd":false},{"ty":"gr","it":[{"ind":0,"ty":"sh","ix":1,"ks":{"a":0,"k":{"i":[[2.995,0.539],[-2.127,-0.51],[-1.437,-0.004],[0,0],[-0.161,0.004],[-1.005,0.146],[-0.368,1.034],[0,0]],"o":[[0,0],[1.395,0.3],[0,0],[0.161,0],[0,0],[1.258,-0.062],[0,0],[0,0]],"v":[[-8.196,-2.277],[-6.307,1.819],[-2.043,2.277],[-1.956,2.277],[-1.472,2.271],[5.047,1.819],[7.753,-0.004],[8.434,-2.277]],"c":true},"ix":2},"nm":"Path 1","mn":"ADBE Vector Shape - Group","hd":false},{"ty":"fl","c":{"a":0,"k":[0.987999949736,0.776000019148,0.564999988032,1],"ix":4},"o":{"a":0,"k":100,"ix":5},"r":1,"bm":0,"nm":"Fill 1","mn":"ADBE Vector Graphic - Fill","hd":false},{"ty":"tr","p":{"a":1,"k":[{"i":{"x":0.833,"y":0.833},"o":{"x":0.167,"y":0.167},"n":"0p833_0p833_0p167_0p167","t":0,"s":[13.204,34.155],"e":[6.954,34.155],"to":[-1.04166662693024,0],"ti":[0,0]},{"i":{"x":0.833,"y":0.833},"o":{"x":0.167,"y":0.167},"n":"0p833_0p833_0p167_0p167","t":12,"s":[6.954,34.155],"e":[13.204,34.155],"to":[0,0],"ti":[-1.04166662693024,0]},{"t":24}],"ix":2},"a":{"a":0,"k":[0,0],"ix":1},"s":{"a":0,"k":[100,100],"ix":3},"r":{"a":0,"k":0,"ix":6},"o":{"a":0,"k":100,"ix":7},"sk":{"a":0,"k":0,"ix":4},"sa":{"a":0,"k":0,"ix":5},"nm":"Transform"}],"nm":"Group 2","np":2,"cix":2,"bm":0,"ix":2,"mn":"ADBE Vector Group","hd":false}],"ip":0,"op":4320,"st":0,"bm":0},{"ddd":0,"ind":3,"ty":4,"nm":"Guys hand Outlines","sr":1,"ks":{"o":{"a":0,"k":100,"ix":11},"r":{"a":1,"k":[{"i":{"x":[0.667],"y":[1]},"o":{"x":[0.333],"y":[0]},"n":["0p667_1_0p333_0"],"t":0,"s":[-5],"e":[5]},{"i":{"x":[0.667],"y":[1]},"o":{"x":[0.333],"y":[0]},"n":["0p667_1_0p333_0"],"t":12,"s":[5],"e":[-5]},{"t":24}],"ix":10},"p":{"a":0,"k":[34.25,171.5,0],"ix":2},"a":{"a":0,"k":[4.75,8.25,0],"ix":1},"s":{"a":0,"k":[100,100,100],"ix":6}},"ao":0,"shapes":[{"ty":"gr","it":[{"ind":0,"ty":"sh","ix":1,"ks":{"a":0,"k":{"i":[[-9.15,-8.888],[-10.565,0.841],[-11.678,3.687],[0.69,4.361],[1.086,2.718],[0.832,0.398],[0.808,-0.443],[10.179,2.526],[0.874,3.101]],"o":[[0,0],[0,0],[0,0],[0.085,-2.924],[-0.162,-0.905],[-0.831,-0.397],[0,0],[-3.204,-0.371],[0,0]],"v":[[-31.814,5.547],[-16.547,9.402],[35.691,9.873],[38.372,5.681],[36.854,-2.871],[35.27,-4.946],[32.659,-4.873],[-12.486,-7.82],[-19.225,-13.56]],"c":true},"ix":2},"nm":"Path 2","mn":"ADBE Vector Shape - Group","hd":false},{"ty":"fl","c":{"a":0,"k":[0.987999949736,0.980000035903,0.969000004787,1],"ix":4},"o":{"a":0,"k":100,"ix":5},"r":1,"bm":0,"nm":"Fill 1","mn":"ADBE Vector Graphic - Fill","hd":false},{"ty":"tr","p":{"a":0,"k":[34.062,14.408],"ix":2},"a":{"a":0,"k":[0,0],"ix":1},"s":{"a":0,"k":[100,100],"ix":3},"r":{"a":0,"k":0,"ix":6},"o":{"a":0,"k":100,"ix":7},"sk":{"a":0,"k":0,"ix":4},"sa":{"a":0,"k":0,"ix":5},"nm":"Transform"}],"nm":"Group 1","np":2,"cix":2,"bm":0,"ix":1,"mn":"ADBE Vector Group","hd":false},{"ty":"gr","it":[{"ind":0,"ty":"sh","ix":1,"ks":{"a":1,"k":[{"i":{"x":0.833,"y":0.833},"o":{"x":0.167,"y":0.167},"n":"0p833_0p833_0p167_0p167","t":0,"s":[{"i":[[0,0],[0,0],[3.097,-2.226],[0,0],[0,0],[0,0],[0,0],[-0.001,0.028],[0,0],[0,0],[0,0],[-0.245,2.378],[0.353,0.262],[0.374,0.01]],"o":[[-1.674,0.042],[-2.458,2.929],[0,0],[3.802,1.285],[7.943,-0.171],[3.887,-3.582],[0,-0.029],[0,0],[-0.037,-5.628],[0,0],[1.597,-1.764],[0.037,-0.441],[-0.392,-0.297],[0,0]],"v":[[-2.213,-11.385],[-5.246,-8.977],[-13.613,-1.214],[-12.833,10.1],[0.933,11.385],[9.725,9.26],[13.612,-0.63],[13.613,-0.717],[13.613,-0.857],[9.046,-4.898],[-3.294,-3.441],[-0.459,-9.818],[-0.968,-10.949],[-2.122,-11.385]],"c":true}],"e":[{"i":[[0,0],[0,0],[3.097,-2.226],[0,0],[0,0],[0,0],[0,0],[-0.001,0.028],[0,0],[0,0],[0,0],[-0.245,2.378],[0.353,0.262],[0.374,0.01]],"o":[[-1.674,0.042],[-2.458,2.929],[0,0],[3.802,1.285],[7.943,-0.171],[3.887,-3.582],[0,-0.029],[0,0],[-0.037,-5.628],[0,0],[1.597,-1.764],[0.037,-0.441],[-0.392,-0.297],[0,0]],"v":[[-2.213,-11.385],[-5.246,-8.977],[-13.613,-1.214],[-12.833,10.1],[0.933,11.385],[9.725,9.26],[15.164,1.335],[15.197,0.18],[15.052,-2.331],[11.743,-9.212],[-3.294,-3.441],[-0.459,-9.818],[-0.968,-10.949],[-2.122,-11.385]],"c":true}]},{"i":{"x":0.833,"y":0.833},"o":{"x":0.167,"y":0.167},"n":"0p833_0p833_0p167_0p167","t":12,"s":[{"i":[[0,0],[0,0],[3.097,-2.226],[0,0],[0,0],[0,0],[0,0],[-0.001,0.028],[0,0],[0,0],[0,0],[-0.245,2.378],[0.353,0.262],[0.374,0.01]],"o":[[-1.674,0.042],[-2.458,2.929],[0,0],[3.802,1.285],[7.943,-0.171],[3.887,-3.582],[0,-0.029],[0,0],[-0.037,-5.628],[0,0],[1.597,-1.764],[0.037,-0.441],[-0.392,-0.297],[0,0]],"v":[[-2.213,-11.385],[-5.246,-8.977],[-13.613,-1.214],[-12.833,10.1],[0.933,11.385],[9.725,9.26],[15.164,1.335],[15.197,0.18],[15.052,-2.331],[11.743,-9.212],[-3.294,-3.441],[-0.459,-9.818],[-0.968,-10.949],[-2.122,-11.385]],"c":true}],"e":[{"i":[[0,0],[0,0],[3.097,-2.226],[0,0],[0,0],[0,0],[0,0],[-0.001,0.028],[0,0],[0,0],[0,0],[-0.245,2.378],[0.353,0.262],[0.374,0.01]],"o":[[-1.674,0.042],[-2.458,2.929],[0,0],[3.802,1.285],[7.943,-0.171],[3.887,-3.582],[0,-0.029],[0,0],[-0.037,-5.628],[0,0],[1.597,-1.764],[0.037,-0.441],[-0.392,-0.297],[0,0]],"v":[[-2.213,-11.385],[-5.246,-8.977],[-13.613,-1.214],[-12.833,10.1],[0.933,11.385],[9.725,9.26],[13.612,-0.63],[13.613,-0.717],[13.613,-0.857],[9.046,-4.898],[-3.294,-3.441],[-0.459,-9.818],[-0.968,-10.949],[-2.122,-11.385]],"c":true}]},{"t":24}],"ix":2},"nm":"Path 1","mn":"ADBE Vector Shape - Group","hd":false},{"ty":"fl","c":{"a":0,"k":[1,0.816000007181,0.611999990426,1],"ix":4},"o":{"a":0,"k":100,"ix":5},"r":1,"bm":0,"nm":"Fill 1","mn":"ADBE Vector Graphic - Fill","hd":false},{"ty":"tr","p":{"a":0,"k":[83.114,11.384],"ix":2},"a":{"a":0,"k":[0,0],"ix":1},"s":{"a":0,"k":[100,100],"ix":3},"r":{"a":0,"k":0,"ix":6},"o":{"a":0,"k":100,"ix":7},"sk":{"a":0,"k":0,"ix":4},"sa":{"a":0,"k":0,"ix":5},"nm":"Transform"}],"nm":"Group 2","np":2,"cix":2,"bm":0,"ix":2,"mn":"ADBE Vector Group","hd":false}],"ip":0,"op":4320,"st":0,"bm":0},{"ddd":0,"ind":4,"ty":4,"nm":"People Outlines","sr":1,"ks":{"o":{"a":0,"k":100,"ix":11},"r":{"a":0,"k":0,"ix":10},"p":{"a":0,"k":[146.25,216.75,0],"ix":2},"a":{"a":0,"k":[139.5,205,0],"ix":1},"s":{"a":0,"k":[100,100,100],"ix":6}},"ao":0,"shapes":[{"ty":"gr","it":[{"ind":0,"ty":"sh","ix":1,"ks":{"a":0,"k":{"i":[[0.077,-0.02],[3.302,0.701],[0.202,-0.176],[-0.04,-0.253],[-2.653,-0.383],[0,0],[-0.615,3.077],[0.218,0.189],[0.214,0]],"o":[[-3.239,0.911],[-0.274,-0.05],[-0.204,0.175],[0.188,2.443],[0,0],[3.427,0.148],[0.067,-0.268],[-0.16,-0.138],[-0.078,0]],"v":[[-78.222,-145.698],[-88.21,-145.376],[-88.971,-145.174],[-89.232,-144.491],[-84.38,-139.663],[-84.222,-139.663],[-77.163,-144.78],[-77.405,-145.516],[-77.989,-145.728]],"c":true},"ix":2},"nm":"Path 2","mn":"ADBE Vector Shape - Group","hd":false},{"ty":"fl","c":{"a":0,"k":[1,1,1,1],"ix":4},"o":{"a":0,"k":100,"ix":5},"r":1,"bm":0,"nm":"Fill 1","mn":"ADBE Vector Graphic - Fill","hd":false},{"ty":"tr","p":{"a":0,"k":[139.156,204.93],"ix":2},"a":{"a":0,"k":[0,0],"ix":1},"s":{"a":0,"k":[100,100],"ix":3},"r":{"a":0,"k":0,"ix":6},"o":{"a":0,"k":100,"ix":7},"sk":{"a":0,"k":0,"ix":4},"sa":{"a":0,"k":0,"ix":5},"nm":"Transform"}],"nm":"Group 1","np":2,"cix":2,"bm":0,"ix":1,"mn":"ADBE Vector Group","hd":false},{"ty":"gr","it":[{"ind":0,"ty":"sh","ix":1,"ks":{"a":0,"k":{"i":[[0,0],[-2.138,-1.792]],"o":[[0,0],[0,0]],"v":[[-2.269,1.207],[2.268,0.585]],"c":false},"ix":2},"nm":"Path 1","mn":"ADBE Vector Shape - Group","hd":false},{"ty":"st","c":{"a":0,"k":[0.819999964097,0.579999976065,0.368999974868,1],"ix":3},"o":{"a":0,"k":100,"ix":4},"w":{"a":0,"k":1.694,"ix":5},"lc":2,"lj":2,"bm":0,"nm":"Stroke 1","mn":"ADBE Vector Graphic - Stroke","hd":false},{"ty":"tr","p":{"a":0,"k":[59.746,45.734],"ix":2},"a":{"a":0,"k":[0,0],"ix":1},"s":{"a":0,"k":[100,100],"ix":3},"r":{"a":0,"k":0,"ix":6},"o":{"a":0,"k":100,"ix":7},"sk":{"a":0,"k":0,"ix":4},"sa":{"a":0,"k":0,"ix":5},"nm":"Transform"}],"nm":"Group 2","np":2,"cix":2,"bm":0,"ix":2,"mn":"ADBE Vector Group","hd":false},{"ty":"gr","it":[{"ind":0,"ty":"sh","ix":1,"ks":{"a":0,"k":{"i":[[0,0],[-1.184,0],[-0.723,-0.779]],"o":[[0.723,-0.779],[1.184,0],[0,0]],"v":[[-3.025,0.617],[0,-0.617],[3.025,0.617]],"c":false},"ix":2},"nm":"Path 1","mn":"ADBE Vector Shape - Group","hd":false},{"ty":"st","c":{"a":0,"k":[0.819999964097,0.579999976065,0.368999974868,1],"ix":3},"o":{"a":0,"k":100,"ix":4},"w":{"a":0,"k":1.694,"ix":5},"lc":2,"lj":2,"bm":0,"nm":"Stroke 1","mn":"ADBE Vector Graphic - Stroke","hd":false},{"ty":"tr","p":{"a":0,"k":[48.402,46.299],"ix":2},"a":{"a":0,"k":[0,0],"ix":1},"s":{"a":0,"k":[100,100],"ix":3},"r":{"a":0,"k":0,"ix":6},"o":{"a":0,"k":100,"ix":7},"sk":{"a":0,"k":0,"ix":4},"sa":{"a":0,"k":0,"ix":5},"nm":"Transform"}],"nm":"Group 3","np":2,"cix":2,"bm":0,"ix":3,"mn":"ADBE Vector Group","hd":false},{"ty":"gr","it":[{"ind":0,"ty":"sh","ix":1,"ks":{"a":0,"k":{"i":[[0,0],[0,0],[-1.342,5.964]],"o":[[0,0],[6.275,-0.308],[-4.25,5.675]],"v":[[55.964,-113.083],[56.675,-107.778],[69.577,-118.404]],"c":true},"ix":2},"nm":"Path 2","mn":"ADBE Vector Shape - Group","hd":false},{"ty":"fl","c":{"a":0,"k":[0.224000010771,0.250999989229,0.375999989229,1],"ix":4},"o":{"a":0,"k":100,"ix":5},"r":1,"bm":0,"nm":"Fill 1","mn":"ADBE Vector Graphic - Fill","hd":false},{"ty":"tr","p":{"a":0,"k":[139.156,204.93],"ix":2},"a":{"a":0,"k":[0,0],"ix":1},"s":{"a":0,"k":[100,100],"ix":3},"r":{"a":0,"k":0,"ix":6},"o":{"a":0,"k":10,"ix":7},"sk":{"a":0,"k":0,"ix":4},"sa":{"a":0,"k":0,"ix":5},"nm":"Transform"}],"nm":"Group 4","np":2,"cix":2,"bm":0,"ix":4,"mn":"ADBE Vector Group","hd":false},{"ty":"gr","it":[{"ind":0,"ty":"sh","ix":1,"ks":{"a":0,"k":{"i":[[0,0],[0,0],[3.628,3.971]],"o":[[0,0],[-5.236,-1.75],[2.779,13.345]],"v":[[-87.729,-129.03],[-87.816,-133.963],[-101.342,-142.692]],"c":true},"ix":2},"nm":"Path 2","mn":"ADBE Vector Shape - Group","hd":false},{"ty":"fl","c":{"a":0,"k":[0.224000010771,0.250999989229,0.375999989229,1],"ix":4},"o":{"a":0,"k":100,"ix":5},"r":1,"bm":0,"nm":"Fill 1","mn":"ADBE Vector Graphic - Fill","hd":false},{"ty":"tr","p":{"a":0,"k":[139.156,204.93],"ix":2},"a":{"a":0,"k":[0,0],"ix":1},"s":{"a":0,"k":[100,100],"ix":3},"r":{"a":0,"k":0,"ix":6},"o":{"a":0,"k":10,"ix":7},"sk":{"a":0,"k":0,"ix":4},"sa":{"a":0,"k":0,"ix":5},"nm":"Transform"}],"nm":"Group 5","np":2,"cix":2,"bm":0,"ix":5,"mn":"ADBE Vector Group","hd":false},{"ty":"gr","it":[{"ind":0,"ty":"sh","ix":1,"ks":{"a":0,"k":{"i":[[0.526,-0.534],[-0.184,-0.774],[0,0],[-3.485,0.016],[-1.867,1.458],[0.444,5.336],[0,0],[1.344,0.008],[0,0],[0.085,0]],"o":[[-0.583,0.592],[0,0],[0,0],[0,0],[0,0],[0,0],[-0.376,-1.162],[0,0],[-0.086,-0.007],[-0.784,0]],"v":[[-93.084,-12.827],[-93.717,-10.654],[-93.717,-5.591],[-90.765,-3.3],[-81.282,-3.877],[-80.25,-8.331],[-80.25,-11.68],[-83.148,-13.651],[-90.765,-13.651],[-91.021,-13.662]],"c":true},"ix":2},"nm":"Path 2","mn":"ADBE Vector Shape - Group","hd":false},{"ty":"fl","c":{"a":0,"k":[0.666999966491,0.722000002394,0.808000033509,1],"ix":4},"o":{"a":0,"k":100,"ix":5},"r":1,"bm":0,"nm":"Fill 1","mn":"ADBE Vector Graphic - Fill","hd":false},{"ty":"tr","p":{"a":0,"k":[139.156,204.93],"ix":2},"a":{"a":0,"k":[0,0],"ix":1},"s":{"a":0,"k":[100,100],"ix":3},"r":{"a":0,"k":0,"ix":6},"o":{"a":0,"k":100,"ix":7},"sk":{"a":0,"k":0,"ix":4},"sa":{"a":0,"k":0,"ix":5},"nm":"Transform"}],"nm":"Group 6","np":2,"cix":2,"bm":0,"ix":6,"mn":"ADBE Vector Group","hd":false},{"ty":"gr","it":[{"ind":0,"ty":"sh","ix":1,"ks":{"a":0,"k":{"i":[[0.003,0],[3.804,0.372],[0.065,-0.099],[-0.054,-0.105],[-2.915,-0.17],[-2.163,4.422],[0.059,0.106],[0.114,0]],"o":[[-3.794,0.473],[-0.113,-0.015],[-0.063,0.099],[0.77,1.512],[1.79,0.113],[0.059,-0.106],[-0.058,-0.103],[-0.002,0]],"v":[[63.197,-124.476],[51.768,-124.325],[51.479,-124.186],[51.464,-123.853],[56.042,-118.411],[63.484,-123.966],[63.482,-124.31],[63.204,-124.476]],"c":true},"ix":2},"nm":"Path 2","mn":"ADBE Vector Shape - Group","hd":false},{"ty":"fl","c":{"a":0,"k":[1,1,1,1],"ix":4},"o":{"a":0,"k":100,"ix":5},"r":1,"bm":0,"nm":"Fill 1","mn":"ADBE Vector Graphic - Fill","hd":false},{"ty":"tr","p":{"a":0,"k":[139.156,204.93],"ix":2},"a":{"a":0,"k":[0,0],"ix":1},"s":{"a":0,"k":[100,100],"ix":3},"r":{"a":0,"k":0,"ix":6},"o":{"a":0,"k":100,"ix":7},"sk":{"a":0,"k":0,"ix":4},"sa":{"a":0,"k":0,"ix":5},"nm":"Transform"}],"nm":"Group 7","np":2,"cix":2,"bm":0,"ix":7,"mn":"ADBE Vector Group","hd":false},{"ty":"gr","it":[{"ind":0,"ty":"sh","ix":1,"ks":{"a":0,"k":{"i":[[0,0],[1.194,0],[0.709,-0.776]],"o":[[-0.708,-0.776],[-1.194,0],[0,0]],"v":[[3.026,0.617],[0.001,-0.617],[-3.025,0.617]],"c":false},"ix":2},"nm":"Path 1","mn":"ADBE Vector Shape - Group","hd":false},{"ty":"st","c":{"a":0,"k":[0.819999964097,0.579999976065,0.368999974868,1],"ix":3},"o":{"a":0,"k":100,"ix":4},"w":{"a":0,"k":1.694,"ix":5},"lc":2,"lj":2,"bm":0,"nm":"Stroke 1","mn":"ADBE Vector Graphic - Stroke","hd":false},{"ty":"tr","p":{"a":0,"k":[204.195,69.069],"ix":2},"a":{"a":0,"k":[0,0],"ix":1},"s":{"a":0,"k":[100,100],"ix":3},"r":{"a":0,"k":0,"ix":6},"o":{"a":0,"k":100,"ix":7},"sk":{"a":0,"k":0,"ix":4},"sa":{"a":0,"k":0,"ix":5},"nm":"Transform"}],"nm":"Group 8","np":2,"cix":2,"bm":0,"ix":8,"mn":"ADBE Vector Group","hd":false},{"ty":"gr","it":[{"ind":0,"ty":"sh","ix":1,"ks":{"a":0,"k":{"i":[[0,0],[-2.119,-3.036]],"o":[[0,0],[0,0]],"v":[[-2.268,1.518],[2.268,1.518]],"c":false},"ix":2},"nm":"Path 1","mn":"ADBE Vector Shape - Group","hd":false},{"ty":"st","c":{"a":0,"k":[0.819999964097,0.579999976065,0.368999974868,1],"ix":3},"o":{"a":0,"k":100,"ix":4},"w":{"a":0,"k":1.694,"ix":5},"lc":2,"lj":2,"bm":0,"nm":"Stroke 1","mn":"ADBE Vector Graphic - Stroke","hd":false},{"ty":"tr","p":{"a":0,"k":[191.339,68.226],"ix":2},"a":{"a":0,"k":[0,0],"ix":1},"s":{"a":0,"k":[100,100],"ix":3},"r":{"a":0,"k":0,"ix":6},"o":{"a":0,"k":100,"ix":7},"sk":{"a":0,"k":0,"ix":4},"sa":{"a":0,"k":0,"ix":5},"nm":"Transform"}],"nm":"Group 9","np":2,"cix":2,"bm":0,"ix":9,"mn":"ADBE Vector Group","hd":false},{"ty":"gr","it":[{"ind":0,"ty":"sh","ix":1,"ks":{"a":0,"k":{"i":[[0,0],[0.103,-3.379],[-4.015,-4.208],[0,0],[-3.487,3.677],[0.914,3.898],[-0.892,4.964]],"o":[[0.656,3.315],[0,0],[0,0],[0,0],[3.327,-2.204],[-0.363,-5.031],[0,0]],"v":[[55.964,-113.281],[56.798,-103.207],[59.589,-97.118],[63.076,-94.792],[67.787,-96.229],[71.803,-106.388],[72.602,-121.44]],"c":true},"ix":2},"nm":"Path 2","mn":"ADBE Vector Shape - Group","hd":false},{"ty":"fl","c":{"a":0,"k":[1,0.816000007181,0.611999990426,1],"ix":4},"o":{"a":0,"k":100,"ix":5},"r":1,"bm":0,"nm":"Fill 1","mn":"ADBE Vector Graphic - Fill","hd":false},{"ty":"tr","p":{"a":0,"k":[139.156,204.93],"ix":2},"a":{"a":0,"k":[0,0],"ix":1},"s":{"a":0,"k":[100,100],"ix":3},"r":{"a":0,"k":0,"ix":6},"o":{"a":0,"k":100,"ix":7},"sk":{"a":0,"k":0,"ix":4},"sa":{"a":0,"k":0,"ix":5},"nm":"Transform"}],"nm":"Group 10","np":2,"cix":2,"bm":0,"ix":10,"mn":"ADBE Vector Group","hd":false},{"ty":"gr","it":[{"ty":"gr","it":[{"ind":0,"ty":"sh","ix":1,"ks":{"a":0,"k":{"i":[[0,0],[0,0],[1.862,-3.708],[0,0],[-2.55,-3.586],[-8.663,0.935],[-0.08,0.074],[0,0],[-0.169,-0.061],[-0.029,-0.179],[-3.163,-8.336],[1.021,-7.127],[-0.142,-0.113],[-25.549,13.839],[0.01,0.198],[-2.534,8.568],[1.655,12.648],[-0.213,0.076],[-0.125,-0.189],[0,0],[0,0],[-4.762,2.176],[-0.253,5.032],[0.027,0.094],[0,0],[4.763,1.191],[0,0],[0,0]],"o":[[0,0],[-3.765,1.703],[0,0],[0,0],[0,0],[0.107,-0.016],[0,0],[0.134,-0.121],[0.169,0.06],[1.795,8.738],[2.983,6.545],[-0.039,0.178],[2.314,1.785],[0.174,-0.092],[-0.135,-2.176],[0,0],[-0.023,-0.226],[0.211,-0.077],[0,0],[0,0],[0.303,0.238],[0.405,-0.255],[0.027,-0.094],[0,0],[-0.153,-0.239],[0,0],[0,0],[0,0]],"v":[[-11.564,-54.871],[-22.811,-50.043],[-31.507,-41.679],[-47.989,-15.293],[-48.09,-9.582],[-35.12,-2.628],[-34.833,-2.764],[-31.456,-5.671],[-30.965,-5.769],[-30.646,-5.382],[-23.198,20.271],[-20.193,41.216],[-20.023,41.692],[27.663,43.885],[27.934,43.409],[29.624,19.728],[31.801,-8.459],[32.124,-8.973],[32.697,-8.783],[36.074,-3.428],[36.175,-3.308],[42.626,-4.464],[50.612,-14.444],[50.612,-14.732],[35.669,-41.933],[25.975,-50.349],[3.633,-54.633],[-11.361,-54.871]],"c":true},"ix":2},"nm":"Path 2","mn":"ADBE Vector Shape - Group","hd":false},{"ty":"tr","p":{"a":0,"k":[0,0],"ix":2},"a":{"a":0,"k":[0,0],"ix":1},"s":{"a":0,"k":[100,100],"ix":3},"r":{"a":0,"k":0,"ix":6},"o":{"a":0,"k":100,"ix":7},"sk":{"a":0,"k":0,"ix":4},"sa":{"a":0,"k":0,"ix":5},"nm":"Transform"}],"nm":"Group 1","np":1,"cix":2,"bm":0,"ix":1,"mn":"ADBE Vector Group","hd":false},{"ty":"fl","c":{"a":0,"k":[0.356999984442,0.913999968884,0.607999973671,1],"ix":4},"o":{"a":0,"k":100,"ix":5},"r":1,"bm":0,"nm":"Fill 1","mn":"ADBE Vector Graphic - Fill","hd":false},{"ty":"tr","p":{"a":0,"k":[208.016,152.023],"ix":2},"a":{"a":0,"k":[0,0],"ix":1},"s":{"a":0,"k":[100,100],"ix":3},"r":{"a":0,"k":0,"ix":6},"o":{"a":0,"k":100,"ix":7},"sk":{"a":0,"k":0,"ix":4},"sa":{"a":0,"k":0,"ix":5},"nm":"Transform"}],"nm":"Group 11","np":2,"cix":2,"bm":0,"ix":11,"mn":"ADBE Vector Group","hd":false},{"ty":"gr","it":[{"ind":0,"ty":"sh","ix":1,"ks":{"a":0,"k":{"i":[[0,0],[0,0],[-2.382,-8.135],[0,0],[0,0],[-3.378,-2.302],[-4.427,-2.336],[-4.647,7.9],[-0.023,2.716],[0,0],[4.119,6.514],[3.379,8.673],[0,0]],"o":[[0,0],[0,0],[0,0],[0,0],[0,0],[0,0],[0,0],[0,0],[0,0],[-0.025,-2.983],[0,0],[0,0],[0,0]],"v":[[102.854,-62.806],[112.604,-43.813],[123.433,-9.826],[124.296,-4.884],[121.576,4.142],[124.954,8.612],[127.995,16.63],[138.269,13.773],[139.156,9.787],[139.156,9.571],[133.977,-4.565],[127.219,-51.512],[115.982,-71.346]],"c":true},"ix":2},"nm":"Path 2","mn":"ADBE Vector Shape - Group","hd":false},{"ty":"fl","c":{"a":0,"k":[1,0.816000007181,0.611999990426,1],"ix":4},"o":{"a":0,"k":100,"ix":5},"r":1,"bm":0,"nm":"Fill 1","mn":"ADBE Vector Graphic - Fill","hd":false},{"ty":"tr","p":{"a":0,"k":[139.156,204.93],"ix":2},"a":{"a":0,"k":[0,0],"ix":1},"s":{"a":0,"k":[100,100],"ix":3},"r":{"a":0,"k":0,"ix":6},"o":{"a":0,"k":100,"ix":7},"sk":{"a":0,"k":0,"ix":4},"sa":{"a":0,"k":0,"ix":5},"nm":"Transform"}],"nm":"Group 12","np":2,"cix":2,"bm":0,"ix":12,"mn":"ADBE Vector Group","hd":false},{"ty":"gr","it":[{"ty":"gr","it":[{"ind":0,"ty":"sh","ix":1,"ks":{"a":0,"k":{"i":[[-14.238,-49.693],[-11.873,-2.771],[-20.309,10.07],[1.752,11.101],[24.069,46.635],[0,0]],"o":[[0,0],[0,0],[0,0],[0,0],[0,0],[0,0]],"v":[[-31.977,47.758],[-19.833,55.396],[27.691,51.223],[33.984,39.074],[22.077,-59.636],[-26.007,-61.292]],"c":true},"ix":2},"nm":"Path 2","mn":"ADBE Vector Shape - Group","hd":false},{"ty":"tr","p":{"a":0,"k":[0,0],"ix":2},"a":{"a":0,"k":[0,0],"ix":1},"s":{"a":0,"k":[100,100],"ix":3},"r":{"a":0,"k":0,"ix":6},"o":{"a":0,"k":100,"ix":7},"sk":{"a":0,"k":0,"ix":4},"sa":{"a":0,"k":0,"ix":5},"nm":"Transform"}],"nm":"Group 1","np":1,"cix":2,"bm":0,"ix":1,"mn":"ADBE Vector Group","hd":false},{"ty":"fl","c":{"a":0,"k":[0.987999949736,0.980000035903,0.969000004787,1],"ix":4},"o":{"a":0,"k":100,"ix":5},"r":1,"bm":0,"nm":"Fill 1","mn":"ADBE Vector Graphic - Fill","hd":false},{"ty":"tr","p":{"a":0,"k":[214.027,254.078],"ix":2},"a":{"a":0,"k":[0,0],"ix":1},"s":{"a":0,"k":[100,100],"ix":3},"r":{"a":0,"k":0,"ix":6},"o":{"a":0,"k":100,"ix":7},"sk":{"a":0,"k":0,"ix":4},"sa":{"a":0,"k":0,"ix":5},"nm":"Transform"}],"nm":"Group 13","np":2,"cix":2,"bm":0,"ix":13,"mn":"ADBE Vector Group","hd":false},{"ty":"gr","it":[{"ind":0,"ty":"sh","ix":1,"ks":{"a":0,"k":{"i":[[0,0],[-1.491,-9.062],[-0.45,-2.455],[0.304,-1.347],[-0.295,-1.67],[-2.707,-1.126],[-4.195,-0.548],[4.963,5.985],[1.504,1.681],[1.146,1.261],[0.364,1.463],[-0.423,3.512],[-0.278,4.825],[0,0]],"o":[[1.266,9.096],[0.4,2.471],[0.167,1.369],[-0.295,1.669],[0.675,3.076],[3.859,1.683],[0,0],[-1.48,-1.682],[-1.163,-1.278],[-1.144,-1.261],[-0.687,-3.474],[0.277,-4.824],[0,0],[0,0]],"v":[[78.654,102.049],[80.613,147.845],[82.348,155.141],[82.141,159.243],[82.141,164.287],[89.079,169.582],[101.223,172.945],[102.436,168.204],[97.962,163.16],[94.492,159.344],[91.508,155.679],[91.109,145.138],[94.007,112.119],[94.768,98.67]],"c":true},"ix":2},"nm":"Path 2","mn":"ADBE Vector Shape - Group","hd":false},{"ty":"fl","c":{"a":0,"k":[1,0.816000007181,0.611999990426,1],"ix":4},"o":{"a":0,"k":100,"ix":5},"r":1,"bm":0,"nm":"Fill 1","mn":"ADBE Vector Graphic - Fill","hd":false},{"ty":"tr","p":{"a":0,"k":[139.156,204.93],"ix":2},"a":{"a":0,"k":[0,0],"ix":1},"s":{"a":0,"k":[100,100],"ix":3},"r":{"a":0,"k":0,"ix":6},"o":{"a":0,"k":100,"ix":7},"sk":{"a":0,"k":0,"ix":4},"sa":{"a":0,"k":0,"ix":5},"nm":"Transform"}],"nm":"Group 14","np":2,"cix":2,"bm":0,"ix":14,"mn":"ADBE Vector Group","hd":false},{"ty":"gr","it":[{"ind":0,"ty":"sh","ix":1,"ks":{"a":0,"k":{"i":[[-1.522,-6.751],[1.686,-1.281],[2.241,-2.98],[-1.359,0.355],[-1.794,0.722],[-1.541,0.804],[-1.051,0.81],[1.015,8.269],[0,0],[0,0]],"o":[[0.59,2.633],[-2.91,2.286],[-2.651,3.578],[1.887,-0.401],[1.621,-0.613],[1.13,-0.685],[0,0],[0,0],[0,0],[0,0]],"v":[[56.035,153.014],[50.634,159.764],[42.876,167.697],[49.768,169.384],[55.298,167.697],[60.046,165.57],[63.32,163.326],[65.348,153.808],[68.065,99.634],[51.404,95.634]],"c":true},"ix":2},"nm":"Path 2","mn":"ADBE Vector Shape - Group","hd":false},{"ty":"fl","c":{"a":0,"k":[1,0.816000007181,0.611999990426,1],"ix":4},"o":{"a":0,"k":100,"ix":5},"r":1,"bm":0,"nm":"Fill 1","mn":"ADBE Vector Graphic - Fill","hd":false},{"ty":"tr","p":{"a":0,"k":[139.156,204.93],"ix":2},"a":{"a":0,"k":[0,0],"ix":1},"s":{"a":0,"k":[100,100],"ix":3},"r":{"a":0,"k":0,"ix":6},"o":{"a":0,"k":100,"ix":7},"sk":{"a":0,"k":0,"ix":4},"sa":{"a":0,"k":0,"ix":5},"nm":"Transform"}],"nm":"Group 15","np":2,"cix":2,"bm":0,"ix":15,"mn":"ADBE Vector Group","hd":false},{"ty":"gr","it":[{"ty":"gr","it":[{"ind":0,"ty":"sh","ix":1,"ks":{"a":0,"k":{"i":[[1.213,-0.961],[0.131,-1.268],[-4.63,-2.187],[-6.129,-0.561],[15.236,14.169],[6.839,0.001]],"o":[[-1.116,0.885],[-0.69,5.626],[5.608,2.68],[0,0],[-0.027,0],[-1.395,0]],"v":[[-14.836,-10.528],[-16.477,-4.902],[-9.352,5.968],[8.38,10.864],[4.062,-2.28],[-10.886,-11.889]],"c":true},"ix":2},"nm":"Path 2","mn":"ADBE Vector Shape - Group","hd":false},{"ty":"tr","p":{"a":0,"k":[0,0],"ix":2},"a":{"a":0,"k":[0,0],"ix":1},"s":{"a":0,"k":[100,100],"ix":3},"r":{"a":0,"k":0,"ix":6},"o":{"a":0,"k":100,"ix":7},"sk":{"a":0,"k":0,"ix":4},"sa":{"a":0,"k":0,"ix":5},"nm":"Transform"}],"nm":"Group 1","np":1,"cix":2,"bm":0,"ix":1,"mn":"ADBE Vector Group","hd":false},{"ty":"fl","c":{"a":0,"k":[0.224000010771,0.250999989229,0.375999989229,1],"ix":4},"o":{"a":0,"k":100,"ix":5},"r":1,"bm":0,"nm":"Fill 1","mn":"ADBE Vector Graphic - Fill","hd":false},{"ty":"tr","p":{"a":0,"k":[235.892,374.691],"ix":2},"a":{"a":0,"k":[0,0],"ix":1},"s":{"a":0,"k":[100,100],"ix":3},"r":{"a":0,"k":0,"ix":6},"o":{"a":0,"k":100,"ix":7},"sk":{"a":0,"k":0,"ix":4},"sa":{"a":0,"k":0,"ix":5},"nm":"Transform"}],"nm":"Group 16","np":2,"cix":2,"bm":0,"ix":16,"mn":"ADBE Vector Group","hd":false},{"ty":"gr","it":[{"ind":0,"ty":"sh","ix":1,"ks":{"a":0,"k":{"i":[[1.59,-1.952],[1.604,-5.722],[-1.139,-0.328],[-3.715,1.173],[-3.534,1.308],[-0.76,3.279],[1.794,2.869],[1.059,0.429],[1.493,0]],"o":[[0,0],[-0.328,1.197],[3.802,0.885],[3.661,-0.942],[3.018,-1.147],[0.81,-3.394],[0,0.021],[-1.035,-0.419],[-1.799,0]],"v":[[55.436,157.397],[37.876,174.957],[39.721,177.039],[51.227,176.597],[62.025,173.219],[69.391,166.661],[66.423,156.512],[64.688,155.675],[60.758,154.837]],"c":true},"ix":2},"nm":"Path 2","mn":"ADBE Vector Shape - Group","hd":false},{"ty":"fl","c":{"a":0,"k":[0.224000010771,0.250999989229,0.375999989229,1],"ix":4},"o":{"a":0,"k":100,"ix":5},"r":1,"bm":0,"nm":"Fill 1","mn":"ADBE Vector Graphic - Fill","hd":false},{"ty":"tr","p":{"a":0,"k":[139.156,204.93],"ix":2},"a":{"a":0,"k":[0,0],"ix":1},"s":{"a":0,"k":[100,100],"ix":3},"r":{"a":0,"k":0,"ix":6},"o":{"a":0,"k":100,"ix":7},"sk":{"a":0,"k":0,"ix":4},"sa":{"a":0,"k":0,"ix":5},"nm":"Transform"}],"nm":"Group 17","np":2,"cix":2,"bm":0,"ix":17,"mn":"ADBE Vector Group","hd":false},{"ty":"gr","it":[{"ind":0,"ty":"sh","ix":1,"ks":{"a":0,"k":{"i":[[5.633,-0.155],[-2.375,-19.086],[-2.074,-4.168],[-10.57,3.674],[-3.923,7.168],[2.308,6.295],[0.75,0.598],[0.568,-1.566],[0.402,-1.463],[0.486,-0.247],[0.513,0.182],[-0.034,0.545],[0.86,2.551],[-0.785,2.228]],"o":[[0,0],[0,0],[0,0],[6.849,-4.335],[0,0],[-0.249,-0.936],[-1.672,-1.055],[-0.569,1.565],[-0.164,0.525],[-0.485,0.246],[-0.635,-0.17],[0.297,-2.679],[-0.999,-2.138],[-4.84,2.934]],"v":[[58.701,-150.124],[47.161,-129.149],[51.292,-114.979],[64.438,-113.686],[80.861,-131.224],[85.76,-140.921],[84.221,-143.285],[79.891,-141.142],[78.552,-136.736],[77.536,-135.527],[75.977,-135.427],[75.859,-140.071],[75.007,-148.014],[74.673,-154.836]],"c":true},"ix":2},"nm":"Path 2","mn":"ADBE Vector Shape - Group","hd":false},{"ty":"fl","c":{"a":0,"k":[1,0.816000007181,0.611999990426,1],"ix":4},"o":{"a":0,"k":100,"ix":5},"r":1,"bm":0,"nm":"Fill 1","mn":"ADBE Vector Graphic - Fill","hd":false},{"ty":"tr","p":{"a":0,"k":[139.156,204.93],"ix":2},"a":{"a":0,"k":[0,0],"ix":1},"s":{"a":0,"k":[100,100],"ix":3},"r":{"a":0,"k":0,"ix":6},"o":{"a":0,"k":100,"ix":7},"sk":{"a":0,"k":0,"ix":4},"sa":{"a":0,"k":0,"ix":5},"nm":"Transform"}],"nm":"Group 18","np":2,"cix":2,"bm":0,"ix":18,"mn":"ADBE Vector Group","hd":false},{"ty":"gr","it":[{"ind":0,"ty":"sh","ix":1,"ks":{"a":0,"k":{"i":[[0,0],[0,0],[0,0],[0,0]],"o":[[0,0],[0,0],[0,0],[0,0]],"v":[[-7.545,-34.155],[-9.075,31.269],[9.075,34.155],[-4.714,-34.155]],"c":true},"ix":2},"nm":"Path 1","mn":"ADBE Vector Shape - Group","hd":false},{"ty":"fl","c":{"a":0,"k":[1,0.430999995213,0.430999995213,1],"ix":4},"o":{"a":0,"k":100,"ix":5},"r":1,"bm":0,"nm":"Fill 1","mn":"ADBE Vector Graphic - Fill","hd":false},{"ty":"tr","p":{"a":0,"k":[52.939,125.235],"ix":2},"a":{"a":0,"k":[0,0],"ix":1},"s":{"a":0,"k":[100,100],"ix":3},"r":{"a":0,"k":0,"ix":6},"o":{"a":0,"k":100,"ix":7},"sk":{"a":0,"k":0,"ix":4},"sa":{"a":0,"k":0,"ix":5},"nm":"Transform"}],"nm":"Group 19","np":2,"cix":2,"bm":0,"ix":19,"mn":"ADBE Vector Group","hd":false},{"ty":"gr","it":[{"ind":0,"ty":"sh","ix":1,"ks":{"a":0,"k":{"i":[[0,0],[0,0],[-0.572,0],[-0.374,0.402],[0,0],[2.398,0]],"o":[[-6.978,2.167],[0.374,0.402],[0.573,0],[4.694,-3.25],[0.13,-2.584],[-2.421,0]],"v":[[-97.308,-123.815],[-94.568,-114.483],[-93.077,-113.85],[-91.586,-114.483],[-87.799,-121.243],[-92.422,-124.476]],"c":true},"ix":2},"nm":"Path 2","mn":"ADBE Vector Shape - Group","hd":false},{"ty":"fl","c":{"a":0,"k":[1,0.430999995213,0.430999995213,1],"ix":4},"o":{"a":0,"k":100,"ix":5},"r":1,"bm":0,"nm":"Fill 1","mn":"ADBE Vector Graphic - Fill","hd":false},{"ty":"tr","p":{"a":0,"k":[139.156,204.93],"ix":2},"a":{"a":0,"k":[0,0],"ix":1},"s":{"a":0,"k":[100,100],"ix":3},"r":{"a":0,"k":0,"ix":6},"o":{"a":0,"k":100,"ix":7},"sk":{"a":0,"k":0,"ix":4},"sa":{"a":0,"k":0,"ix":5},"nm":"Transform"}],"nm":"Group 20","np":2,"cix":2,"bm":0,"ix":20,"mn":"ADBE Vector Group","hd":false},{"ty":"gr","it":[{"ty":"gr","it":[{"ind":0,"ty":"sh","ix":1,"ks":{"a":0,"k":{"i":[[0,0],[0,0],[0,0],[0,0],[0,0],[0,0],[0,0],[0,0],[0,0],[5.671,0]],"o":[[-37.665,6.183],[0,0],[-11.351,8.323],[0,0],[-2.309,-5.588],[7.566,-13.403],[-5.155,-4.365],[3.28,-7.678],[-4.414,-14.259],[-1.619,0]],"v":[[-1.127,-40.857],[-27.157,-1.142],[-24.528,13.569],[-28.865,38.88],[27.566,40.986],[28.604,24.968],[23.448,1.372],[23.8,-12.064],[24.837,-25.144],[1.493,-40.986]],"c":true},"ix":2},"nm":"Path 2","mn":"ADBE Vector Shape - Group","hd":false},{"ty":"tr","p":{"a":0,"k":[0,0],"ix":2},"a":{"a":0,"k":[0,0],"ix":1},"s":{"a":0,"k":[100,100],"ix":3},"r":{"a":0,"k":0,"ix":6},"o":{"a":0,"k":100,"ix":7},"sk":{"a":0,"k":0,"ix":4},"sa":{"a":0,"k":0,"ix":5},"nm":"Transform"}],"nm":"Group 1","np":1,"cix":2,"bm":0,"ix":1,"mn":"ADBE Vector Group","hd":false},{"ty":"fl","c":{"a":0,"k":[0.224000010771,0.250999989229,0.375999989229,1],"ix":4},"o":{"a":0,"k":100,"ix":5},"r":1,"bm":0,"nm":"Fill 1","mn":"ADBE Vector Graphic - Fill","hd":false},{"ty":"tr","p":{"a":0,"k":[212.515,66.792],"ix":2},"a":{"a":0,"k":[0,0],"ix":1},"s":{"a":0,"k":[100,100],"ix":3},"r":{"a":0,"k":0,"ix":6},"o":{"a":0,"k":100,"ix":7},"sk":{"a":0,"k":0,"ix":4},"sa":{"a":0,"k":0,"ix":5},"nm":"Transform"}],"nm":"Group 21","np":2,"cix":2,"bm":0,"ix":21,"mn":"ADBE Vector Group","hd":false},{"ty":"gr","it":[{"ty":"gr","it":[{"ind":0,"ty":"sh","ix":1,"ks":{"a":0,"k":{"i":[[2.593,-2.627],[0.023,-5.519],[0,0],[-1.165,-3.879],[-9.151,-8.889],[-10.566,0.842],[10.177,2.525],[0.874,3.101],[4.195,11.06],[5.229,1.894]],"o":[[0,0],[0,0],[0.01,2.298],[0,0],[0,0],[0,0],[-3.204,-0.372],[0,0],[-1.842,-5.244],[-3.2,1.842]],"v":[[-23.311,-34.435],[-25.748,-27.504],[-25.748,-27.345],[-24.153,-18.173],[-2.247,36.471],[13.02,40.326],[17.081,23.105],[10.341,17.365],[-3.409,-29.889],[-14.582,-41.168]],"c":true},"ix":2},"nm":"Path 2","mn":"ADBE Vector Shape - Group","hd":false},{"ty":"tr","p":{"a":0,"k":[0,0],"ix":2},"a":{"a":0,"k":[0,0],"ix":1},"s":{"a":0,"k":[100,100],"ix":3},"r":{"a":0,"k":0,"ix":6},"o":{"a":0,"k":100,"ix":7},"sk":{"a":0,"k":0,"ix":4},"sa":{"a":0,"k":0,"ix":5},"nm":"Transform"}],"nm":"Group 1","np":1,"cix":2,"bm":0,"ix":1,"mn":"ADBE Vector Group","hd":false},{"ty":"fl","c":{"a":0,"k":[0.987999949736,0.980000035903,0.969000004787,1],"ix":4},"o":{"a":0,"k":100,"ix":5},"r":1,"bm":0,"nm":"Fill 1","mn":"ADBE Vector Graphic - Fill","hd":false},{"ty":"tr","p":{"a":0,"k":[25.748,133.766],"ix":2},"a":{"a":0,"k":[0,0],"ix":1},"s":{"a":0,"k":[100,100],"ix":3},"r":{"a":0,"k":0,"ix":6},"o":{"a":0,"k":100,"ix":7},"sk":{"a":0,"k":0,"ix":4},"sa":{"a":0,"k":0,"ix":5},"nm":"Transform"}],"nm":"Group 22","np":2,"cix":2,"bm":0,"ix":22,"mn":"ADBE Vector Group","hd":false},{"ty":"gr","it":[{"ind":0,"ty":"sh","ix":1,"ks":{"a":0,"k":{"i":[[2.622,-6.615],[-5.394,3.3],[-0.086,2.778],[0,0]],"o":[[4.23,4.67],[-0.316,-2.761],[0,0],[0,0]],"v":[[-104.366,-127.264],[-87.729,-124.895],[-88.074,-133.214],[-104.366,-144.21]],"c":true},"ix":2},"nm":"Path 2","mn":"ADBE Vector Shape - Group","hd":false},{"ty":"fl","c":{"a":0,"k":[1,0.816000007181,0.611999990426,1],"ix":4},"o":{"a":0,"k":100,"ix":5},"r":1,"bm":0,"nm":"Fill 1","mn":"ADBE Vector Graphic - Fill","hd":false},{"ty":"tr","p":{"a":0,"k":[139.156,204.93],"ix":2},"a":{"a":0,"k":[0,0],"ix":1},"s":{"a":0,"k":[100,100],"ix":3},"r":{"a":0,"k":0,"ix":6},"o":{"a":0,"k":100,"ix":7},"sk":{"a":0,"k":0,"ix":4},"sa":{"a":0,"k":0,"ix":5},"nm":"Transform"}],"nm":"Group 23","np":2,"cix":2,"bm":0,"ix":23,"mn":"ADBE Vector Group","hd":false},{"ty":"gr","it":[{"ind":0,"ty":"sh","ix":1,"ks":{"a":0,"k":{"i":[[1.194,-0.516],[-0.169,-1.82],[5.22,0.167],[-3.497,-5.509],[4.865,-0.986],[0,-6.644],[-4.376,-3.322],[1.953,-2.074],[-15.845,-6.327],[-7.062,0.334],[-2.331,-5.309],[-1.864,0.266],[4.207,10.468],[0,0],[-12.111,13.122],[-0.106,-2.516],[2.028,11.954],[6.892,-2.454],[2.804,4.14],[5.873,0.001]],"o":[[0,0],[0,0],[0,0],[0,0],[0,0],[0,0],[1.759,2.239],[0,0],[0,0],[0,0],[0.706,1.726],[0,0],[0,0],[0,0],[0.881,2.362],[0,0],[0,0],[0,0],[0,0],[-1.071,0]],"v":[[-99.908,-204.196],[-102.087,-201.041],[-107.476,-198.053],[-115.922,-193.045],[-118.607,-188.72],[-127.055,-181.576],[-122.848,-175.432],[-123.186,-167.952],[-114.74,-151.825],[-112.053,-159.972],[-106.344,-154.329],[-101.969,-151.842],[-102.476,-165.799],[-105.465,-174.43],[-74.181,-176.416],[-72.693,-169.054],[-68.471,-188.053],[-78.893,-196.4],[-86.765,-198.387],[-96.504,-204.93]],"c":true},"ix":2},"nm":"Path 2","mn":"ADBE Vector Shape - Group","hd":false},{"ty":"fl","c":{"a":0,"k":[0.224000010771,0.250999989229,0.375999989229,1],"ix":4},"o":{"a":0,"k":100,"ix":5},"r":1,"bm":0,"nm":"Fill 1","mn":"ADBE Vector Graphic - Fill","hd":false},{"ty":"tr","p":{"a":0,"k":[139.156,204.93],"ix":2},"a":{"a":0,"k":[0,0],"ix":1},"s":{"a":0,"k":[100,100],"ix":3},"r":{"a":0,"k":0,"ix":6},"o":{"a":0,"k":100,"ix":7},"sk":{"a":0,"k":0,"ix":4},"sa":{"a":0,"k":0,"ix":5},"nm":"Transform"}],"nm":"Group 24","np":2,"cix":2,"bm":0,"ix":24,"mn":"ADBE Vector Group","hd":false},{"ty":"gr","it":[{"ind":0,"ty":"sh","ix":1,"ks":{"a":0,"k":{"i":[[0,0],[0,0],[0,0],[-3.55,-0.666],[-0.775,-1.73],[-12.534,-3.655],[-2.896,11.553],[4.395,11.453],[0,0]],"o":[[0,0],[0,0],[2.239,2.78],[1.651,0.974],[0,0],[0,0],[0,0],[0,0],[0,0]],"v":[[-113.191,-174.517],[-119.493,-159.392],[-115.082,-151.078],[-106.105,-145.734],[-102.377,-141.578],[-88.65,-133.932],[-75.757,-142.496],[-74.226,-175.653],[-75.213,-177.606]],"c":true},"ix":2},"nm":"Path 2","mn":"ADBE Vector Shape - Group","hd":false},{"ty":"fl","c":{"a":0,"k":[1,0.816000007181,0.611999990426,1],"ix":4},"o":{"a":0,"k":100,"ix":5},"r":1,"bm":0,"nm":"Fill 1","mn":"ADBE Vector Graphic - Fill","hd":false},{"ty":"tr","p":{"a":0,"k":[139.156,204.93],"ix":2},"a":{"a":0,"k":[0,0],"ix":1},"s":{"a":0,"k":[100,100],"ix":3},"r":{"a":0,"k":0,"ix":6},"o":{"a":0,"k":100,"ix":7},"sk":{"a":0,"k":0,"ix":4},"sa":{"a":0,"k":0,"ix":5},"nm":"Transform"}],"nm":"Group 25","np":2,"cix":2,"bm":0,"ix":25,"mn":"ADBE Vector Group","hd":false},{"ty":"gr","it":[{"ind":0,"ty":"sh","ix":1,"ks":{"a":0,"k":{"i":[[0,0],[0,0],[-36.932,-1.849],[-0.823,11.975],[0,0],[0,0],[-4.55,1.629],[0,0],[6.53,2.765],[0,0],[1.547,1.005],[0,0],[4.139,0.942],[0,0],[0,0]],"o":[[0,0],[0,0],[0,0],[0,0],[0,0],[4.51,1.738],[0,0],[0,0],[0,0],[-1.839,0.009],[0,0],[-3.647,-2.193],[0,0],[0,0],[0,0]],"v":[[-128.568,-112.806],[-122.894,-28.539],[-89.806,-13.85],[-60.898,-23.467],[-56.549,-90.331],[-29.892,-76.168],[-15.857,-75.999],[34.706,-86.464],[29.352,-100.033],[-17.251,-93.554],[-22.439,-95.08],[-52.89,-116.198],[-64.641,-120.931],[-88.109,-125.138],[-104.294,-127.512]],"c":true},"ix":2},"nm":"Path 2","mn":"ADBE Vector Shape - Group","hd":false},{"ty":"fl","c":{"a":0,"k":[0.987999949736,0.980000035903,0.969000004787,1],"ix":4},"o":{"a":0,"k":100,"ix":5},"r":1,"bm":0,"nm":"Fill 1","mn":"ADBE Vector Graphic - Fill","hd":false},{"ty":"tr","p":{"a":0,"k":[139.156,204.93],"ix":2},"a":{"a":0,"k":[0,0],"ix":1},"s":{"a":0,"k":[100,100],"ix":3},"r":{"a":0,"k":0,"ix":6},"o":{"a":0,"k":100,"ix":7},"sk":{"a":0,"k":0,"ix":4},"sa":{"a":0,"k":0,"ix":5},"nm":"Transform"}],"nm":"Group 26","np":2,"cix":2,"bm":0,"ix":26,"mn":"ADBE Vector Group","hd":false},{"ty":"gr","it":[{"ind":0,"ty":"sh","ix":1,"ks":{"a":0,"k":{"i":[[0.155,-0.007],[0,0],[0,0],[0,0],[0,0],[3.208,0]],"o":[[0,0],[0,0],[0,0],[0,0],[-2.147,-2.362],[-0.154,0]],"v":[[39.967,-106.25],[28.738,-99.924],[30.693,-91.08],[51.426,-96.567],[48.85,-102.555],[40.43,-106.26]],"c":true},"ix":2},"nm":"Path 2","mn":"ADBE Vector Shape - Group","hd":false},{"ty":"fl","c":{"a":0,"k":[1,0.816000007181,0.611999990426,1],"ix":4},"o":{"a":0,"k":100,"ix":5},"r":1,"bm":0,"nm":"Fill 1","mn":"ADBE Vector Graphic - Fill","hd":false},{"ty":"tr","p":{"a":0,"k":[139.156,204.93],"ix":2},"a":{"a":0,"k":[0,0],"ix":1},"s":{"a":0,"k":[100,100],"ix":3},"r":{"a":0,"k":0,"ix":6},"o":{"a":0,"k":100,"ix":7},"sk":{"a":0,"k":0,"ix":4},"sa":{"a":0,"k":0,"ix":5},"nm":"Transform"}],"nm":"Group 27","np":2,"cix":2,"bm":0,"ix":27,"mn":"ADBE Vector Group","hd":false},{"ty":"gr","it":[{"ty":"gr","it":[{"ind":0,"ty":"sh","ix":1,"ks":{"a":0,"k":{"i":[[0,0],[-1.715,-1.172],[-30.515,12.24],[0.209,1.266],[0,0],[0,0]],"o":[[-0.385,2.022],[0,0],[1.199,-0.488],[0,0],[0,0],[0,0]],"v":[[-30.484,-3.851],[-28.298,1.399],[29.193,4.058],[30.885,1.064],[30.885,-9.922],[-31.094,-13.885]],"c":true},"ix":2},"nm":"Path 2","mn":"ADBE Vector Shape - Group","hd":false},{"ty":"tr","p":{"a":0,"k":[0,0],"ix":2},"a":{"a":0,"k":[0,0],"ix":1},"s":{"a":0,"k":[100,100],"ix":3},"r":{"a":0,"k":0,"ix":6},"o":{"a":0,"k":100,"ix":7},"sk":{"a":0,"k":0,"ix":4},"sa":{"a":0,"k":0,"ix":5},"nm":"Transform"}],"nm":"Group 1","np":1,"cix":2,"bm":0,"ix":1,"mn":"ADBE Vector Group","hd":false},{"ty":"fl","c":{"a":0,"k":[0.783999992819,0.830999995213,0.910000011968,1],"ix":4},"o":{"a":0,"k":100,"ix":5},"r":1,"bm":0,"nm":"Fill 1","mn":"ADBE Vector Graphic - Fill","hd":false},{"ty":"tr","p":{"a":0,"k":[47.731,193.009],"ix":2},"a":{"a":0,"k":[0,0],"ix":1},"s":{"a":0,"k":[100,100],"ix":3},"r":{"a":0,"k":0,"ix":6},"o":{"a":0,"k":100,"ix":7},"sk":{"a":0,"k":0,"ix":4},"sa":{"a":0,"k":0,"ix":5},"nm":"Transform"}],"nm":"Group 28","np":2,"cix":2,"bm":0,"ix":28,"mn":"ADBE Vector Group","hd":false},{"ty":"gr","it":[{"ind":0,"ty":"sh","ix":1,"ks":{"a":0,"k":{"i":[[-0.334,-22.876],[0,0],[-2.298,-0.513],[-6.316,3.53],[0.334,4.545],[0,0],[-0.502,-6.91],[0,0],[-9.157,-0.879],[-3.365,1.715],[0.485,3.532],[0,0],[0,0]],"o":[[0,0],[-0.279,2.364],[0,0],[0,0],[0,0],[0,0],[0,0],[0,0],[3.745,0.424],[0,0],[0,0],[0,0],[0,0]],"v":[[-122.474,162.1],[-122.474,165.8],[-118.915,170.869],[-103.775,169.518],[-101.786,165.141],[-89.471,32.089],[-87.799,35.62],[-77.773,162.607],[-69.952,169.365],[-59.058,167.388],[-57.554,162.843],[-61.798,-8.867],[-121.135,-12.144]],"c":true},"ix":2},"nm":"Path 2","mn":"ADBE Vector Shape - Group","hd":false},{"ty":"fl","c":{"a":0,"k":[0.322000002394,0.310000011968,0.776000019148,1],"ix":4},"o":{"a":0,"k":100,"ix":5},"r":1,"bm":0,"nm":"Fill 1","mn":"ADBE Vector Graphic - Fill","hd":false},{"ty":"tr","p":{"a":0,"k":[139.156,204.93],"ix":2},"a":{"a":0,"k":[0,0],"ix":1},"s":{"a":0,"k":[100,100],"ix":3},"r":{"a":0,"k":0,"ix":6},"o":{"a":0,"k":100,"ix":7},"sk":{"a":0,"k":0,"ix":4},"sa":{"a":0,"k":0,"ix":5},"nm":"Transform"}],"nm":"Group 29","np":2,"cix":2,"bm":0,"ix":29,"mn":"ADBE Vector Group","hd":false},{"ty":"gr","it":[{"ty":"gr","it":[{"ind":0,"ty":"sh","ix":1,"ks":{"a":0,"k":{"i":[[0,0],[-3.996,-2.305],[-13.728,1.52],[26.972,11.969],[-0.519,5.003],[0,0]],"o":[[0,0],[0,0],[0,0],[0,0],[0,0],[0,0]],"v":[[-20.469,-0.973],[-18.044,4.644],[13.912,8.981],[-0.067,-4.525],[-2.894,-10.467],[-20.469,-10.501]],"c":true},"ix":2},"nm":"Path 2","mn":"ADBE Vector Shape - Group","hd":false},{"ty":"tr","p":{"a":0,"k":[0,0],"ix":2},"a":{"a":0,"k":[0,0],"ix":1},"s":{"a":0,"k":[100,100],"ix":3},"r":{"a":0,"k":0,"ix":6},"o":{"a":0,"k":100,"ix":7},"sk":{"a":0,"k":0,"ix":4},"sa":{"a":0,"k":0,"ix":5},"nm":"Transform"}],"nm":"Group 1","np":1,"cix":2,"bm":0,"ix":1,"mn":"ADBE Vector Group","hd":false},{"ty":"fl","c":{"a":0,"k":[0.224000010771,0.250999989229,0.375999989229,1],"ix":4},"o":{"a":0,"k":100,"ix":5},"r":1,"bm":0,"nm":"Fill 1","mn":"ADBE Vector Graphic - Fill","hd":false},{"ty":"tr","p":{"a":0,"k":[84.301,379.375],"ix":2},"a":{"a":0,"k":[0,0],"ix":1},"s":{"a":0,"k":[100,100],"ix":3},"r":{"a":0,"k":0,"ix":6},"o":{"a":0,"k":100,"ix":7},"sk":{"a":0,"k":0,"ix":4},"sa":{"a":0,"k":0,"ix":5},"nm":"Transform"}],"nm":"Group 30","np":2,"cix":2,"bm":0,"ix":30,"mn":"ADBE Vector Group","hd":false},{"ty":"gr","it":[{"ty":"gr","it":[{"ind":0,"ty":"sh","ix":1,"ks":{"a":0,"k":{"i":[[0,0],[-3.996,-2.306],[-13.728,1.519],[26.972,11.969],[-0.52,5.003],[0,0]],"o":[[0,0],[0,0],[0,0],[0,0],[0,0],[0,0]],"v":[[-20.469,-0.972],[-18.044,4.646],[13.912,8.983],[-0.067,-4.524],[-2.893,-10.466],[-20.469,-10.501]],"c":true},"ix":2},"nm":"Path 2","mn":"ADBE Vector Shape - Group","hd":false},{"ty":"tr","p":{"a":0,"k":[0,0],"ix":2},"a":{"a":0,"k":[0,0],"ix":1},"s":{"a":0,"k":[100,100],"ix":3},"r":{"a":0,"k":0,"ix":6},"o":{"a":0,"k":100,"ix":7},"sk":{"a":0,"k":0,"ix":4},"sa":{"a":0,"k":0,"ix":5},"nm":"Transform"}],"nm":"Group 1","np":1,"cix":2,"bm":0,"ix":1,"mn":"ADBE Vector Group","hd":false},{"ty":"fl","c":{"a":0,"k":[0.224000010771,0.250999989229,0.375999989229,1],"ix":4},"o":{"a":0,"k":100,"ix":5},"r":1,"bm":0,"nm":"Fill 1","mn":"ADBE Vector Graphic - Fill","hd":false},{"ty":"tr","p":{"a":0,"k":[38.924,385.446],"ix":2},"a":{"a":0,"k":[0,0],"ix":1},"s":{"a":0,"k":[100,100],"ix":3},"r":{"a":0,"k":0,"ix":6},"o":{"a":0,"k":100,"ix":7},"sk":{"a":0,"k":0,"ix":4},"sa":{"a":0,"k":0,"ix":5},"nm":"Transform"}],"nm":"Group 31","np":2,"cix":2,"bm":0,"ix":31,"mn":"ADBE Vector Group","hd":false},{"ty":"gr","it":[{"ind":0,"ty":"sh","ix":1,"ks":{"a":0,"k":{"i":[[0,-11.319],[-26.314,0],[0,11.317],[26.313,0]],"o":[[0,11.317],[26.313,0],[0,-11.319],[-26.314,0]],"v":[[27.227,173.812],[74.871,194.304],[122.518,173.812],[74.871,153.318]],"c":true},"ix":2},"nm":"Path 2","mn":"ADBE Vector Shape - Group","hd":false},{"ty":"fl","c":{"a":0,"k":[0.224000010771,0.250999989229,0.375999989229,1],"ix":4},"o":{"a":0,"k":100,"ix":5},"r":1,"bm":0,"nm":"Fill 1","mn":"ADBE Vector Graphic - Fill","hd":false},{"ty":"tr","p":{"a":0,"k":[139.156,204.93],"ix":2},"a":{"a":0,"k":[0,0],"ix":1},"s":{"a":0,"k":[100,100],"ix":3},"r":{"a":0,"k":0,"ix":6},"o":{"a":0,"k":10,"ix":7},"sk":{"a":0,"k":0,"ix":4},"sa":{"a":0,"k":0,"ix":5},"nm":"Transform"}],"nm":"Group 32","np":2,"cix":2,"bm":0,"ix":32,"mn":"ADBE Vector Group","hd":false},{"ty":"gr","it":[{"ind":0,"ty":"sh","ix":1,"ks":{"a":0,"k":{"i":[[0,-11.318],[-27.985,0],[0,11.318],[27.984,0]],"o":[[0,11.318],[27.984,0],[0,-11.318],[-27.985,0]],"v":[[-131.592,181.937],[-80.922,202.43],[-30.252,181.937],[-80.922,161.444]],"c":true},"ix":2},"nm":"Path 2","mn":"ADBE Vector Shape - Group","hd":false},{"ty":"fl","c":{"a":0,"k":[0.224000010771,0.250999989229,0.375999989229,1],"ix":4},"o":{"a":0,"k":100,"ix":5},"r":1,"bm":0,"nm":"Fill 1","mn":"ADBE Vector Graphic - Fill","hd":false},{"ty":"tr","p":{"a":0,"k":[139.156,207.43],"ix":2},"a":{"a":0,"k":[0,0],"ix":1},"s":{"a":0,"k":[100,100],"ix":3},"r":{"a":0,"k":0,"ix":6},"o":{"a":0,"k":10,"ix":7},"sk":{"a":0,"k":0,"ix":4},"sa":{"a":0,"k":0,"ix":5},"nm":"Transform"}],"nm":"Group 33","np":2,"cix":2,"bm":0,"ix":33,"mn":"ADBE Vector Group","hd":false}],"ip":0,"op":4320,"st":0,"bm":0}],"markers":[]}