{"v":"5.5.7","fr":30,"ip":0,"op":120,"w":400,"h":400,"nm":"ph_lock","ddd":0,"assets":[],"layers":[{"ddd":0,"ind":9,"ty":4,"nm":"Star Outlines 6","sr":1,"ks":{"o":{"a":1,"k":[{"i":{"x":[0.833],"y":[1]},"o":{"x":[0.167],"y":[0]},"t":94,"s":[100],"e":[0]},{"t":99}],"ix":11},"r":{"a":1,"k":[{"i":{"x":[0.54],"y":[1]},"o":{"x":[0.46],"y":[0]},"t":73,"s":[0],"e":[205]},{"t":99}],"ix":10},"p":{"a":0,"k":[22.042,265.921,0],"ix":2},"a":{"a":0,"k":[12.988,13.422,0],"ix":1},"s":{"a":1,"k":[{"i":{"x":[0.585,0.585,0.667],"y":[1.018,1.018,1]},"o":{"x":[0.333,0.333,0.333],"y":[0,0,0]},"t":73,"s":[0,0,100],"e":[45,45,100]},{"i":{"x":[0.585,0.585,0.667],"y":[1,1,1]},"o":{"x":[0.333,0.333,0.333],"y":[0,0,0]},"t":79,"s":[45,45,100],"e":[45,45,100]},{"i":{"x":[0.667,0.667,0.667],"y":[1,1,1]},"o":{"x":[0.333,0.333,0.333],"y":[0,0,0]},"t":94,"s":[45,45,100],"e":[0,0,100]},{"t":99.3564453125}],"ix":6}},"ao":0,"shapes":[{"ty":"gr","it":[{"ind":0,"ty":"sh","ix":1,"ks":{"a":0,"k":{"i":[[0.833,0.037],[1.61,1.455],[0.92,2.177],[0.462,1.334],[0.211,-0.572],[1.027,-1.775],[1.391,-1.083],[0.06,-0.043],[1.814,0.089],[-0.729,-0.122],[-1.511,-4.471],[0.035,-1.331],[-0.243,0.617],[-4.43,2.027],[-1.22,-0.018]],"o":[[-2.271,-0.098],[-1.814,-1.64],[-0.551,-1.305],[-0.202,-0.588],[-0.706,1.905],[-0.851,1.473],[-0.058,0.044],[-1.525,0.885],[-0.72,-0.035],[4.957,0.833],[0.427,1.268],[-0.018,0.722],[1.6,-4.067],[1.098,-0.501],[0.84,0.013]],"v":[[11.898,-0.042],[5.939,-2.67],[1.992,-8.611],[0.518,-12.584],[-0.736,-12.584],[-3.334,-7.054],[-6.525,-3.021],[-6.701,-2.888],[-11.838,-1.65],[-12.009,-0.452],[-1.385,8.488],[-0.786,12.396],[0.494,12.555],[8.38,1.927],[11.898,1.178]],"c":true},"ix":2},"nm":"Path 1","mn":"ADBE Vector Shape - Group","hd":false},{"ty":"fl","c":{"a":0,"k":[1,0.702000038297,0,1],"ix":4},"o":{"a":0,"k":100,"ix":5},"r":1,"bm":0,"nm":"Fill 1","mn":"ADBE Vector Graphic - Fill","hd":false},{"ty":"tr","p":{"a":0,"k":[12.988,13.422],"ix":2},"a":{"a":0,"k":[0,0],"ix":1},"s":{"a":0,"k":[100,100],"ix":3},"r":{"a":0,"k":0,"ix":6},"o":{"a":0,"k":100,"ix":7},"sk":{"a":0,"k":0,"ix":4},"sa":{"a":0,"k":0,"ix":5},"nm":"Transform"}],"nm":"Group 1","np":2,"cix":2,"bm":0,"ix":1,"mn":"ADBE Vector Group","hd":false}],"ip":73,"op":161,"st":37,"bm":0},{"ddd":0,"ind":10,"ty":4,"nm":"Star Outlines 5","sr":1,"ks":{"o":{"a":1,"k":[{"i":{"x":[0.833],"y":[1]},"o":{"x":[0.167],"y":[0]},"t":89,"s":[100],"e":[0]},{"t":94}],"ix":11},"r":{"a":1,"k":[{"i":{"x":[0.54],"y":[1]},"o":{"x":[0.46],"y":[0]},"t":68,"s":[0],"e":[205]},{"t":94}],"ix":10},"p":{"a":0,"k":[342.708,52.588,0],"ix":2},"a":{"a":0,"k":[12.988,13.422,0],"ix":1},"s":{"a":1,"k":[{"i":{"x":[0.585,0.585,0.667],"y":[1.018,1.018,1]},"o":{"x":[0.333,0.333,0.333],"y":[0,0,0]},"t":68,"s":[0,0,100],"e":[45,45,100]},{"i":{"x":[0.585,0.585,0.667],"y":[1,1,1]},"o":{"x":[0.333,0.333,0.333],"y":[0,0,0]},"t":74,"s":[45,45,100],"e":[45,45,100]},{"i":{"x":[0.667,0.667,0.667],"y":[1,1,1]},"o":{"x":[0.333,0.333,0.333],"y":[0,0,0]},"t":89,"s":[45,45,100],"e":[0,0,100]},{"t":94.3564453125}],"ix":6}},"ao":0,"shapes":[{"ty":"gr","it":[{"ind":0,"ty":"sh","ix":1,"ks":{"a":0,"k":{"i":[[0.833,0.037],[1.61,1.455],[0.92,2.177],[0.462,1.334],[0.211,-0.572],[1.027,-1.775],[1.391,-1.083],[0.06,-0.043],[1.814,0.089],[-0.729,-0.122],[-1.511,-4.471],[0.035,-1.331],[-0.243,0.617],[-4.43,2.027],[-1.22,-0.018]],"o":[[-2.271,-0.098],[-1.814,-1.64],[-0.551,-1.305],[-0.202,-0.588],[-0.706,1.905],[-0.851,1.473],[-0.058,0.044],[-1.525,0.885],[-0.72,-0.035],[4.957,0.833],[0.427,1.268],[-0.018,0.722],[1.6,-4.067],[1.098,-0.501],[0.84,0.013]],"v":[[11.898,-0.042],[5.939,-2.67],[1.992,-8.611],[0.518,-12.584],[-0.736,-12.584],[-3.334,-7.054],[-6.525,-3.021],[-6.701,-2.888],[-11.838,-1.65],[-12.009,-0.452],[-1.385,8.488],[-0.786,12.396],[0.494,12.555],[8.38,1.927],[11.898,1.178]],"c":true},"ix":2},"nm":"Path 1","mn":"ADBE Vector Shape - Group","hd":false},{"ty":"fl","c":{"a":0,"k":[1,0.702000038297,0,1],"ix":4},"o":{"a":0,"k":100,"ix":5},"r":1,"bm":0,"nm":"Fill 1","mn":"ADBE Vector Graphic - Fill","hd":false},{"ty":"tr","p":{"a":0,"k":[12.988,13.422],"ix":2},"a":{"a":0,"k":[0,0],"ix":1},"s":{"a":0,"k":[100,100],"ix":3},"r":{"a":0,"k":0,"ix":6},"o":{"a":0,"k":100,"ix":7},"sk":{"a":0,"k":0,"ix":4},"sa":{"a":0,"k":0,"ix":5},"nm":"Transform"}],"nm":"Group 1","np":2,"cix":2,"bm":0,"ix":1,"mn":"ADBE Vector Group","hd":false}],"ip":68,"op":156,"st":32,"bm":0},{"ddd":0,"ind":11,"ty":4,"nm":"Star Outlines 4","sr":1,"ks":{"o":{"a":1,"k":[{"i":{"x":[0.833],"y":[1]},"o":{"x":[0.167],"y":[0]},"t":84,"s":[100],"e":[0]},{"t":89}],"ix":11},"r":{"a":1,"k":[{"i":{"x":[0.54],"y":[1]},"o":{"x":[0.46],"y":[0]},"t":63,"s":[0],"e":[205]},{"t":89}],"ix":10},"p":{"a":0,"k":[341.375,334.588,0],"ix":2},"a":{"a":0,"k":[12.988,13.422,0],"ix":1},"s":{"a":1,"k":[{"i":{"x":[0.585,0.585,0.667],"y":[1.018,1.018,1]},"o":{"x":[0.333,0.333,0.333],"y":[0,0,0]},"t":63,"s":[0,0,100],"e":[45,45,100]},{"i":{"x":[0.585,0.585,0.667],"y":[1,1,1]},"o":{"x":[0.333,0.333,0.333],"y":[0,0,0]},"t":69,"s":[45,45,100],"e":[45,45,100]},{"i":{"x":[0.667,0.667,0.667],"y":[1,1,1]},"o":{"x":[0.333,0.333,0.333],"y":[0,0,0]},"t":84,"s":[45,45,100],"e":[0,0,100]},{"t":89.3564453125}],"ix":6}},"ao":0,"shapes":[{"ty":"gr","it":[{"ind":0,"ty":"sh","ix":1,"ks":{"a":0,"k":{"i":[[0.833,0.037],[1.61,1.455],[0.92,2.177],[0.462,1.334],[0.211,-0.572],[1.027,-1.775],[1.391,-1.083],[0.06,-0.043],[1.814,0.089],[-0.729,-0.122],[-1.511,-4.471],[0.035,-1.331],[-0.243,0.617],[-4.43,2.027],[-1.22,-0.018]],"o":[[-2.271,-0.098],[-1.814,-1.64],[-0.551,-1.305],[-0.202,-0.588],[-0.706,1.905],[-0.851,1.473],[-0.058,0.044],[-1.525,0.885],[-0.72,-0.035],[4.957,0.833],[0.427,1.268],[-0.018,0.722],[1.6,-4.067],[1.098,-0.501],[0.84,0.013]],"v":[[11.898,-0.042],[5.939,-2.67],[1.992,-8.611],[0.518,-12.584],[-0.736,-12.584],[-3.334,-7.054],[-6.525,-3.021],[-6.701,-2.888],[-11.838,-1.65],[-12.009,-0.452],[-1.385,8.488],[-0.786,12.396],[0.494,12.555],[8.38,1.927],[11.898,1.178]],"c":true},"ix":2},"nm":"Path 1","mn":"ADBE Vector Shape - Group","hd":false},{"ty":"fl","c":{"a":0,"k":[1,0.702000038297,0,1],"ix":4},"o":{"a":0,"k":100,"ix":5},"r":1,"bm":0,"nm":"Fill 1","mn":"ADBE Vector Graphic - Fill","hd":false},{"ty":"tr","p":{"a":0,"k":[12.988,13.422],"ix":2},"a":{"a":0,"k":[0,0],"ix":1},"s":{"a":0,"k":[100,100],"ix":3},"r":{"a":0,"k":0,"ix":6},"o":{"a":0,"k":100,"ix":7},"sk":{"a":0,"k":0,"ix":4},"sa":{"a":0,"k":0,"ix":5},"nm":"Transform"}],"nm":"Group 1","np":2,"cix":2,"bm":0,"ix":1,"mn":"ADBE Vector Group","hd":false}],"ip":63,"op":151,"st":27,"bm":0},{"ddd":0,"ind":12,"ty":4,"nm":"Star Outlines 3","sr":1,"ks":{"o":{"a":1,"k":[{"i":{"x":[0.833],"y":[1]},"o":{"x":[0.167],"y":[0]},"t":79,"s":[100],"e":[0]},{"t":84}],"ix":11},"r":{"a":1,"k":[{"i":{"x":[0.54],"y":[1]},"o":{"x":[0.46],"y":[0]},"t":58,"s":[0],"e":[205]},{"t":84}],"ix":10},"p":{"a":0,"k":[59.375,361.254,0],"ix":2},"a":{"a":0,"k":[12.988,13.422,0],"ix":1},"s":{"a":1,"k":[{"i":{"x":[0.585,0.585,0.667],"y":[1.018,1.018,1]},"o":{"x":[0.333,0.333,0.333],"y":[0,0,0]},"t":58,"s":[0,0,100],"e":[45,45,100]},{"i":{"x":[0.585,0.585,0.667],"y":[1,1,1]},"o":{"x":[0.333,0.333,0.333],"y":[0,0,0]},"t":64,"s":[45,45,100],"e":[45,45,100]},{"i":{"x":[0.667,0.667,0.667],"y":[1,1,1]},"o":{"x":[0.333,0.333,0.333],"y":[0,0,0]},"t":79,"s":[45,45,100],"e":[0,0,100]},{"t":84.3564453125}],"ix":6}},"ao":0,"shapes":[{"ty":"gr","it":[{"ind":0,"ty":"sh","ix":1,"ks":{"a":0,"k":{"i":[[0.833,0.037],[1.61,1.455],[0.92,2.177],[0.462,1.334],[0.211,-0.572],[1.027,-1.775],[1.391,-1.083],[0.06,-0.043],[1.814,0.089],[-0.729,-0.122],[-1.511,-4.471],[0.035,-1.331],[-0.243,0.617],[-4.43,2.027],[-1.22,-0.018]],"o":[[-2.271,-0.098],[-1.814,-1.64],[-0.551,-1.305],[-0.202,-0.588],[-0.706,1.905],[-0.851,1.473],[-0.058,0.044],[-1.525,0.885],[-0.72,-0.035],[4.957,0.833],[0.427,1.268],[-0.018,0.722],[1.6,-4.067],[1.098,-0.501],[0.84,0.013]],"v":[[11.898,-0.042],[5.939,-2.67],[1.992,-8.611],[0.518,-12.584],[-0.736,-12.584],[-3.334,-7.054],[-6.525,-3.021],[-6.701,-2.888],[-11.838,-1.65],[-12.009,-0.452],[-1.385,8.488],[-0.786,12.396],[0.494,12.555],[8.38,1.927],[11.898,1.178]],"c":true},"ix":2},"nm":"Path 1","mn":"ADBE Vector Shape - Group","hd":false},{"ty":"fl","c":{"a":0,"k":[1,0.702000038297,0,1],"ix":4},"o":{"a":0,"k":100,"ix":5},"r":1,"bm":0,"nm":"Fill 1","mn":"ADBE Vector Graphic - Fill","hd":false},{"ty":"tr","p":{"a":0,"k":[12.988,13.422],"ix":2},"a":{"a":0,"k":[0,0],"ix":1},"s":{"a":0,"k":[100,100],"ix":3},"r":{"a":0,"k":0,"ix":6},"o":{"a":0,"k":100,"ix":7},"sk":{"a":0,"k":0,"ix":4},"sa":{"a":0,"k":0,"ix":5},"nm":"Transform"}],"nm":"Group 1","np":2,"cix":2,"bm":0,"ix":1,"mn":"ADBE Vector Group","hd":false}],"ip":58,"op":146,"st":22,"bm":0},{"ddd":0,"ind":13,"ty":4,"nm":"Star Outlines 2","sr":1,"ks":{"o":{"a":1,"k":[{"i":{"x":[0.833],"y":[1]},"o":{"x":[0.167],"y":[0]},"t":75,"s":[100],"e":[0]},{"t":80}],"ix":11},"r":{"a":1,"k":[{"i":{"x":[0.54],"y":[1]},"o":{"x":[0.46],"y":[0]},"t":54,"s":[0],"e":[205]},{"t":80}],"ix":10},"p":{"a":0,"k":[47.708,48.588,0],"ix":2},"a":{"a":0,"k":[12.988,13.422,0],"ix":1},"s":{"a":1,"k":[{"i":{"x":[0.585,0.585,0.667],"y":[1.01,1.01,1]},"o":{"x":[0.333,0.333,0.333],"y":[0,0,0]},"t":54,"s":[0,0,100],"e":[80,80,100]},{"i":{"x":[0.585,0.585,0.667],"y":[1,1,1]},"o":{"x":[0.333,0.333,0.333],"y":[0,0,0]},"t":60,"s":[80,80,100],"e":[80,80,100]},{"i":{"x":[0.667,0.667,0.667],"y":[1,1,1]},"o":{"x":[0.333,0.333,0.333],"y":[0,0,0]},"t":75,"s":[80,80,100],"e":[0,0,100]},{"t":80.3564453125}],"ix":6}},"ao":0,"shapes":[{"ty":"gr","it":[{"ind":0,"ty":"sh","ix":1,"ks":{"a":0,"k":{"i":[[0.833,0.037],[1.61,1.455],[0.92,2.177],[0.462,1.334],[0.211,-0.572],[1.027,-1.775],[1.391,-1.083],[0.06,-0.043],[1.814,0.089],[-0.729,-0.122],[-1.511,-4.471],[0.035,-1.331],[-0.243,0.617],[-4.43,2.027],[-1.22,-0.018]],"o":[[-2.271,-0.098],[-1.814,-1.64],[-0.551,-1.305],[-0.202,-0.588],[-0.706,1.905],[-0.851,1.473],[-0.058,0.044],[-1.525,0.885],[-0.72,-0.035],[4.957,0.833],[0.427,1.268],[-0.018,0.722],[1.6,-4.067],[1.098,-0.501],[0.84,0.013]],"v":[[11.898,-0.042],[5.939,-2.67],[1.992,-8.611],[0.518,-12.584],[-0.736,-12.584],[-3.334,-7.054],[-6.525,-3.021],[-6.701,-2.888],[-11.838,-1.65],[-12.009,-0.452],[-1.385,8.488],[-0.786,12.396],[0.494,12.555],[8.38,1.927],[11.898,1.178]],"c":true},"ix":2},"nm":"Path 1","mn":"ADBE Vector Shape - Group","hd":false},{"ty":"fl","c":{"a":0,"k":[1,0.702000038297,0,1],"ix":4},"o":{"a":0,"k":100,"ix":5},"r":1,"bm":0,"nm":"Fill 1","mn":"ADBE Vector Graphic - Fill","hd":false},{"ty":"tr","p":{"a":0,"k":[12.988,13.422],"ix":2},"a":{"a":0,"k":[0,0],"ix":1},"s":{"a":0,"k":[100,100],"ix":3},"r":{"a":0,"k":0,"ix":6},"o":{"a":0,"k":100,"ix":7},"sk":{"a":0,"k":0,"ix":4},"sa":{"a":0,"k":0,"ix":5},"nm":"Transform"}],"nm":"Group 1","np":2,"cix":2,"bm":0,"ix":1,"mn":"ADBE Vector Group","hd":false}],"ip":54,"op":142,"st":18,"bm":0},{"ddd":0,"ind":14,"ty":4,"nm":"Star Outlines","sr":1,"ks":{"o":{"a":1,"k":[{"i":{"x":[0.833],"y":[1]},"o":{"x":[0.167],"y":[0]},"t":71,"s":[100],"e":[0]},{"t":76}],"ix":11},"r":{"a":1,"k":[{"i":{"x":[0.54],"y":[1]},"o":{"x":[0.46],"y":[0]},"t":50,"s":[0],"e":[205]},{"t":76}],"ix":10},"p":{"a":0,"k":[126.375,116.254,0],"ix":2},"a":{"a":0,"k":[12.988,13.422,0],"ix":1},"s":{"a":1,"k":[{"i":{"x":[0.585,0.585,0.667],"y":[1.008,1.008,1]},"o":{"x":[0.333,0.333,0.333],"y":[0,0,0]},"t":50,"s":[0,0,100],"e":[110,110,100]},{"i":{"x":[0.667,0.667,0.667],"y":[1,1,1]},"o":{"x":[0.333,0.333,0.333],"y":[0,0,0]},"t":56,"s":[110,110,100],"e":[100,100,100]},{"i":{"x":[0.667,0.667,0.667],"y":[1,1,1]},"o":{"x":[0.333,0.333,0.333],"y":[0,0,0]},"t":71,"s":[100,100,100],"e":[0,0,100]},{"t":76}],"ix":6}},"ao":0,"shapes":[{"ty":"gr","it":[{"ind":0,"ty":"sh","ix":1,"ks":{"a":0,"k":{"i":[[0.833,0.037],[1.61,1.455],[0.92,2.177],[0.462,1.334],[0.211,-0.572],[1.027,-1.775],[1.391,-1.083],[0.06,-0.043],[1.814,0.089],[-0.729,-0.122],[-1.511,-4.471],[0.035,-1.331],[-0.243,0.617],[-4.43,2.027],[-1.22,-0.018]],"o":[[-2.271,-0.098],[-1.814,-1.64],[-0.551,-1.305],[-0.202,-0.588],[-0.706,1.905],[-0.851,1.473],[-0.058,0.044],[-1.525,0.885],[-0.72,-0.035],[4.957,0.833],[0.427,1.268],[-0.018,0.722],[1.6,-4.067],[1.098,-0.501],[0.84,0.013]],"v":[[11.898,-0.042],[5.939,-2.67],[1.992,-8.611],[0.518,-12.584],[-0.736,-12.584],[-3.334,-7.054],[-6.525,-3.021],[-6.701,-2.888],[-11.838,-1.65],[-12.009,-0.452],[-1.385,8.488],[-0.786,12.396],[0.494,12.555],[8.38,1.927],[11.898,1.178]],"c":true},"ix":2},"nm":"Path 1","mn":"ADBE Vector Shape - Group","hd":false},{"ty":"fl","c":{"a":0,"k":[1,0.702000038297,0,1],"ix":4},"o":{"a":0,"k":100,"ix":5},"r":1,"bm":0,"nm":"Fill 1","mn":"ADBE Vector Graphic - Fill","hd":false},{"ty":"tr","p":{"a":0,"k":[12.988,13.422],"ix":2},"a":{"a":0,"k":[0,0],"ix":1},"s":{"a":0,"k":[100,100],"ix":3},"r":{"a":0,"k":0,"ix":6},"o":{"a":0,"k":100,"ix":7},"sk":{"a":0,"k":0,"ix":4},"sa":{"a":0,"k":0,"ix":5},"nm":"Transform"}],"nm":"Group 1","np":2,"cix":2,"bm":0,"ix":1,"mn":"ADBE Vector Group","hd":false}],"ip":50,"op":138,"st":14,"bm":0},{"ddd":0,"ind":15,"ty":4,"nm":"Star Outlines","sr":1,"ks":{"o":{"a":1,"k":[{"i":{"x":[0.833],"y":[1]},"o":{"x":[0.167],"y":[0]},"t":70,"s":[100],"e":[0]},{"t":75}],"ix":11},"r":{"a":1,"k":[{"i":{"x":[0.54],"y":[1]},"o":{"x":[0.46],"y":[0]},"t":49,"s":[0],"e":[205]},{"t":75}],"ix":10},"p":{"a":0,"k":[95.684,220.926,0],"ix":2},"a":{"a":0,"k":[8.809,8.767,0],"ix":1},"s":{"a":1,"k":[{"i":{"x":[0.585,0.585,0.667],"y":[1.008,1.008,1]},"o":{"x":[0.333,0.333,0.333],"y":[0,0,0]},"t":49,"s":[0,0,100],"e":[110,110,100]},{"i":{"x":[0.667,0.667,0.667],"y":[1,1,1]},"o":{"x":[0.333,0.333,0.333],"y":[0,0,0]},"t":55,"s":[110,110,100],"e":[100,100,100]},{"i":{"x":[0.667,0.667,0.667],"y":[1,1,1]},"o":{"x":[0.333,0.333,0.333],"y":[0,0,0]},"t":70,"s":[100,100,100],"e":[0,0,100]},{"t":75}],"ix":6}},"ao":0,"shapes":[{"ty":"gr","it":[{"ind":0,"ty":"sh","ix":1,"ks":{"a":0,"k":{"i":[[0.559,0.024],[1.083,0.94],[0.617,1.409],[0.309,0.863],[0.141,-0.369],[0.689,-1.147],[0.935,-0.702],[0.042,-0.027],[1.218,0.058],[-0.487,-0.078],[-1.013,-2.89],[0.022,-0.859],[-0.164,0.4],[-2.978,1.311],[-0.821,-0.013]],"o":[[-1.525,-0.063],[-1.221,-1.06],[-0.369,-0.843],[-0.136,-0.379],[-0.472,1.233],[-0.573,0.953],[-0.039,0.03],[-1.024,0.572],[-0.486,-0.022],[3.333,0.539],[0.287,0.82],[-0.012,0.469],[1.078,-2.631],[0.735,-0.323],[0.564,0.009]],"v":[[7.995,-0.028],[3.99,-1.728],[1.339,-5.57],[0.348,-8.138],[-0.495,-8.138],[-2.24,-4.564],[-4.385,-1.955],[-4.505,-1.87],[-7.954,-1.068],[-8.072,-0.294],[-0.932,5.487],[-0.527,8.011],[0.331,8.117],[5.633,1.244],[7.995,0.761]],"c":true},"ix":2},"nm":"Path 1","mn":"ADBE Vector Shape - Group","hd":false},{"ty":"fl","c":{"a":0,"k":[1,0.702000038297,0,1],"ix":4},"o":{"a":0,"k":100,"ix":5},"r":1,"bm":0,"nm":"Fill 1","mn":"ADBE Vector Graphic - Fill","hd":false},{"ty":"tr","p":{"a":0,"k":[8.809,8.767],"ix":2},"a":{"a":0,"k":[0,0],"ix":1},"s":{"a":0,"k":[100,100],"ix":3},"r":{"a":0,"k":0,"ix":6},"o":{"a":0,"k":100,"ix":7},"sk":{"a":0,"k":0,"ix":4},"sa":{"a":0,"k":0,"ix":5},"nm":"Transform"}],"nm":"Group 1","np":2,"cix":2,"bm":0,"ix":1,"mn":"ADBE Vector Group","hd":false}],"ip":49,"op":137,"st":13,"bm":0},{"ddd":0,"ind":16,"ty":4,"nm":"star Outlines","sr":1,"ks":{"o":{"a":1,"k":[{"i":{"x":[0.833],"y":[1]},"o":{"x":[0.167],"y":[0]},"t":69,"s":[100],"e":[0]},{"t":74}],"ix":11},"r":{"a":1,"k":[{"i":{"x":[0.54],"y":[1]},"o":{"x":[0.46],"y":[0]},"t":48,"s":[0],"e":[205]},{"t":74}],"ix":10},"p":{"a":0,"k":[293.353,157.08,0],"ix":2},"a":{"a":0,"k":[10.325,10.528,0],"ix":1},"s":{"a":1,"k":[{"i":{"x":[0.585,0.585,0.667],"y":[1.008,1.008,1]},"o":{"x":[0.333,0.333,0.333],"y":[0,0,0]},"t":48,"s":[0,0,100],"e":[110,110,100]},{"i":{"x":[0.667,0.667,0.667],"y":[1,1,1]},"o":{"x":[0.333,0.333,0.333],"y":[0,0,0]},"t":54,"s":[110,110,100],"e":[100,100,100]},{"i":{"x":[0.667,0.667,0.667],"y":[1,1,1]},"o":{"x":[0.333,0.333,0.333],"y":[0,0,0]},"t":69,"s":[100,100,100],"e":[0,0,100]},{"t":74}],"ix":6}},"ao":0,"shapes":[{"ty":"gr","it":[{"ind":0,"ty":"sh","ix":1,"ks":{"a":0,"k":{"i":[[0.657,0.029],[1.275,1.135],[0.727,1.699],[0.363,1.043],[0.166,-0.444],[0.811,-1.384],[1.1,-0.846],[0.048,-0.034],[1.434,0.069],[-0.573,-0.095],[-1.192,-3.488],[0.025,-1.036],[-0.194,0.482],[-3.505,1.582],[-0.966,-0.015]],"o":[[-1.796,-0.076],[-1.436,-1.278],[-0.436,-1.018],[-0.159,-0.457],[-0.557,1.489],[-0.674,1.15],[-0.046,0.036],[-1.205,0.691],[-0.572,-0.026],[3.923,0.651],[0.338,0.991],[-0.015,0.567],[1.267,-3.177],[0.865,-0.389],[0.663,0.01]],"v":[[9.412,-0.034],[4.696,-2.085],[1.577,-6.721],[0.411,-9.822],[-0.583,-9.822],[-2.637,-5.508],[-5.161,-2.359],[-5.302,-2.255],[-9.363,-1.288],[-9.502,-0.354],[-1.098,6.622],[-0.621,9.667],[0.391,9.796],[6.632,1.501],[9.412,0.919]],"c":true},"ix":2},"nm":"Path 1","mn":"ADBE Vector Shape - Group","hd":false},{"ty":"fl","c":{"a":0,"k":[1,0.702000038297,0,1],"ix":4},"o":{"a":0,"k":100,"ix":5},"r":1,"bm":0,"nm":"Fill 1","mn":"ADBE Vector Graphic - Fill","hd":false},{"ty":"tr","p":{"a":0,"k":[10.325,10.529],"ix":2},"a":{"a":0,"k":[0,0],"ix":1},"s":{"a":0,"k":[100,100],"ix":3},"r":{"a":0,"k":0,"ix":6},"o":{"a":0,"k":100,"ix":7},"sk":{"a":0,"k":0,"ix":4},"sa":{"a":0,"k":0,"ix":5},"nm":"Transform"}],"nm":"Group 1","np":2,"cix":2,"bm":0,"ix":1,"mn":"ADBE Vector Group","hd":false}],"ip":48,"op":136,"st":12,"bm":0},{"ddd":0,"ind":17,"ty":4,"nm":"P Outlines","sr":1,"ks":{"o":{"a":0,"k":100,"ix":11},"r":{"a":0,"k":0,"ix":10},"p":{"a":0,"k":[203.894,211.577,0],"ix":2},"a":{"a":0,"k":[32.862,31.062,0],"ix":1},"s":{"a":1,"k":[{"i":{"x":[0.564,0.564,0.564],"y":[1,1,1]},"o":{"x":[0.167,0.167,0.167],"y":[0,0,0]},"t":41,"s":[0,0,100],"e":[110,110,100]},{"i":{"x":[0.841,0.841,0.841],"y":[1,1,1]},"o":{"x":[0.38,0.38,0.38],"y":[0,0,0]},"t":48,"s":[110,110,100],"e":[100,100,100]},{"t":53}],"ix":6}},"ao":0,"shapes":[{"ty":"gr","it":[{"ind":0,"ty":"sh","ix":1,"ks":{"a":0,"k":{"i":[[0,0],[0,0],[0,0],[0,0]],"o":[[0,0],[0,0],[0,0],[0,0]],"v":[[-2.301,-6.013],[-12.729,-5.957],[-12.719,-4.099],[-2.291,-4.158]],"c":true},"ix":2},"nm":"Path 1","mn":"ADBE Vector Shape - Group","hd":false},{"ind":1,"ty":"sh","ix":2,"ks":{"a":0,"k":{"i":[[0,0],[0,0],[0,0],[0,0]],"o":[[0,0],[0,0],[0,0],[0,0]],"v":[[-2.271,-0.442],[-2.28,-2.299],[-9.875,-2.257],[-9.865,-0.402]],"c":true},"ix":2},"nm":"Path 2","mn":"ADBE Vector Shape - Group","hd":false},{"ind":2,"ty":"sh","ix":3,"ks":{"a":0,"k":{"i":[[5.932,-0.033],[0,0],[0,0],[0,0],[0,0],[0,0],[0,0],[0,0],[0,0],[0,0],[0,0],[0,0],[0,0],[0,0],[0,0],[0,0],[0.007,1.606],[0,0],[0,0],[0.031,5.715]],"o":[[0,0],[0,0],[0,0],[0,0],[0,0],[0,0],[0,0],[0,0],[0,0],[0,0],[0,0],[0,0],[0,0],[0,0],[0,0],[1.609,-0.007],[0,0],[0,0],[5.932,-0.029],[-0.032,-5.718]],"v":[[2.143,-13.534],[-9.247,-13.473],[-9.229,-9.667],[-11.363,-9.658],[-11.353,-7.801],[-2.309,-7.847],[-2.317,-9.705],[7.317,-3.444],[-2.247,3.271],[-2.251,3.271],[-2.261,1.417],[-11.183,1.463],[-11.173,3.321],[-9.157,3.308],[-9.103,13.533],[-5.139,13.51],[-2.24,10.585],[-2.261,7.121],[2.253,7.096],[12.729,-3.274]],"c":true},"ix":2},"nm":"Path 3","mn":"ADBE Vector Shape - Group","hd":false},{"ty":"fl","c":{"a":0,"k":[0.254901975393,0.529411792755,0.96862745285,1],"ix":4},"o":{"a":0,"k":100,"ix":5},"r":1,"bm":0,"nm":"Fill 1","mn":"ADBE Vector Graphic - Fill","hd":false},{"ty":"tr","p":{"a":0,"k":[34.472,32.019],"ix":2},"a":{"a":0,"k":[0,0],"ix":1},"s":{"a":0,"k":[100,100],"ix":3},"r":{"a":0,"k":0,"ix":6},"o":{"a":0,"k":100,"ix":7},"sk":{"a":0,"k":0,"ix":4},"sa":{"a":0,"k":0,"ix":5},"nm":"Transform"}],"nm":"Group 1","np":4,"cix":2,"bm":0,"ix":1,"mn":"ADBE Vector Group","hd":false},{"ty":"gr","it":[{"ind":0,"ty":"sh","ix":1,"ks":{"a":0,"k":{"i":[[0,0],[0,0],[0,0],[0,0]],"o":[[0,0],[0,0],[0,0],[0,0]],"v":[[-11.057,-7.793],[-12.993,-7.783],[-13.003,-9.639],[-11.067,-9.651]],"c":true},"ix":2},"nm":"Path 1","mn":"ADBE Vector Shape - Group","hd":false},{"ind":1,"ty":"sh","ix":2,"ks":{"a":0,"k":{"i":[[0,0],[0,0],[0,0],[0,0]],"o":[[0,0],[0,0],[0,0],[0,0]],"v":[[-12.431,-5.949],[-14.367,-5.939],[-14.357,-4.081],[-12.423,-4.093]],"c":true},"ix":2},"nm":"Path 2","mn":"ADBE Vector Shape - Group","hd":false},{"ind":2,"ty":"sh","ix":3,"ks":{"a":0,"k":{"i":[[0,0],[0,0],[0,0],[0,0]],"o":[[0,0],[0,0],[0,0],[0,0]],"v":[[-0.663,-6.013],[-11.091,-5.957],[-11.081,-4.099],[-0.653,-4.157]],"c":true},"ix":2},"nm":"Path 3","mn":"ADBE Vector Shape - Group","hd":false},{"ind":3,"ty":"sh","ix":4,"ks":{"a":0,"k":{"i":[[0,0],[0,0],[0,0],[0,0]],"o":[[0,0],[0,0],[0,0],[0,0]],"v":[[-11.505,-0.383],[-9.569,-0.395],[-9.579,-2.251],[-11.513,-2.241]],"c":true},"ix":2},"nm":"Path 4","mn":"ADBE Vector Shape - Group","hd":false},{"ind":4,"ty":"sh","ix":5,"ks":{"a":0,"k":{"i":[[0,0],[0,0],[0,0],[0,0]],"o":[[0,0],[0,0],[0,0],[0,0]],"v":[[-0.633,-0.441],[-0.642,-2.299],[-8.237,-2.257],[-8.227,-0.401]],"c":true},"ix":2},"nm":"Path 5","mn":"ADBE Vector Shape - Group","hd":false},{"ind":5,"ty":"sh","ix":6,"ks":{"a":0,"k":{"i":[[0,0],[0,0],[0,0],[0,0]],"o":[[0,0],[0,0],[0,0],[0,0]],"v":[[-12.813,3.339],[-10.877,3.327],[-10.889,1.471],[-12.823,1.481]],"c":true},"ix":2},"nm":"Path 6","mn":"ADBE Vector Shape - Group","hd":false},{"ind":6,"ty":"sh","ix":7,"ks":{"a":0,"k":{"i":[[5.932,-0.034],[0,0],[0,0],[0,0],[0,0],[0,0],[0,0],[0,0],[0,0],[0,0],[0,0],[0,0],[0,0],[0,0],[0,0],[0,0],[0.007,1.606],[0,0],[0,0],[0.031,5.714]],"o":[[0,0],[0,0],[0,0],[0,0],[0,0],[0,0],[0,0],[0,0],[0,0],[0,0],[0,0],[0,0],[0,0],[0,0],[0,0],[1.609,-0.008],[0,0],[0,0],[5.932,-0.03],[-0.032,-5.718]],"v":[[3.781,-13.533],[-7.609,-13.473],[-7.591,-9.667],[-9.725,-9.657],[-9.715,-7.801],[-0.671,-7.847],[-0.679,-9.705],[8.955,-3.443],[-0.609,3.271],[-0.613,3.271],[-0.623,1.417],[-9.545,1.463],[-9.535,3.321],[-7.519,3.309],[-7.465,13.533],[-3.501,13.511],[-0.602,10.585],[-0.623,7.121],[3.891,7.097],[14.367,-3.273]],"c":true},"ix":2},"nm":"Path 7","mn":"ADBE Vector Shape - Group","hd":false},{"ty":"fl","c":{"a":0,"k":[0.246999987434,0.560999971278,0.936999990426,1],"ix":4},"o":{"a":0,"k":100,"ix":5},"r":1,"bm":0,"nm":"Fill 1","mn":"ADBE Vector Graphic - Fill","hd":false},{"ty":"tr","p":{"a":0,"k":[32.834,32.019],"ix":2},"a":{"a":0,"k":[0,0],"ix":1},"s":{"a":0,"k":[100,100],"ix":3},"r":{"a":0,"k":0,"ix":6},"o":{"a":0,"k":100,"ix":7},"sk":{"a":0,"k":0,"ix":4},"sa":{"a":0,"k":0,"ix":5},"nm":"Transform"}],"nm":"Group 2","np":8,"cix":2,"bm":0,"ix":2,"mn":"ADBE Vector Group","hd":false},{"ty":"gr","it":[{"ind":0,"ty":"sh","ix":1,"ks":{"a":0,"k":{"i":[[0,-17.016],[16.966,0],[0,17.017],[-16.966,0]],"o":[[0,17.017],[-16.966,0],[0,-17.016],[16.966,0]],"v":[[30.721,0],[-0.001,30.812],[-30.721,0],[-0.001,-30.812]],"c":true},"ix":2},"nm":"Path 1","mn":"ADBE Vector Shape - Group","hd":false},{"ty":"fl","c":{"a":0,"k":[1,1,1,1],"ix":4},"o":{"a":0,"k":100,"ix":5},"r":1,"bm":0,"nm":"Fill 1","mn":"ADBE Vector Graphic - Fill","hd":false},{"ty":"tr","p":{"a":0,"k":[30.971,31.062],"ix":2},"a":{"a":0,"k":[0,0],"ix":1},"s":{"a":0,"k":[100,100],"ix":3},"r":{"a":0,"k":0,"ix":6},"o":{"a":0,"k":100,"ix":7},"sk":{"a":0,"k":0,"ix":4},"sa":{"a":0,"k":0,"ix":5},"nm":"Transform"}],"nm":"Group 3","np":2,"cix":2,"bm":0,"ix":3,"mn":"ADBE Vector Group","hd":false},{"ty":"gr","it":[{"ind":0,"ty":"sh","ix":1,"ks":{"a":0,"k":{"i":[[0,-17.016],[16.968,0],[0,17.017],[-16.966,0]],"o":[[0,17.017],[-16.966,0],[0,-17.016],[16.968,0]],"v":[[30.721,0],[0,30.812],[-30.721,0],[0,-30.812]],"c":true},"ix":2},"nm":"Path 1","mn":"ADBE Vector Shape - Group","hd":false},{"ty":"fl","c":{"a":0,"k":[0.913999968884,0.929000016755,0.952999997606,1],"ix":4},"o":{"a":0,"k":100,"ix":5},"r":1,"bm":0,"nm":"Fill 1","mn":"ADBE Vector Graphic - Fill","hd":false},{"ty":"tr","p":{"a":0,"k":[34.752,31.062],"ix":2},"a":{"a":0,"k":[0,0],"ix":1},"s":{"a":0,"k":[100,100],"ix":3},"r":{"a":0,"k":0,"ix":6},"o":{"a":0,"k":100,"ix":7},"sk":{"a":0,"k":0,"ix":4},"sa":{"a":0,"k":0,"ix":5},"nm":"Transform"}],"nm":"Group 4","np":2,"cix":2,"bm":0,"ix":4,"mn":"ADBE Vector Group","hd":false}],"ip":41,"op":125,"st":1,"bm":0},{"ddd":0,"ind":18,"ty":4,"nm":"Green Outlines","sr":1,"ks":{"o":{"a":0,"k":100,"ix":11},"r":{"a":0,"k":0,"ix":10},"p":{"a":0,"k":[201.11,207.759,0],"ix":2},"a":{"a":0,"k":[65.643,55.124,0],"ix":1},"s":{"a":1,"k":[{"i":{"x":[0.667,0.667,0.667],"y":[1,1,1]},"o":{"x":[0.333,0.333,0.333],"y":[0,0,0]},"t":6,"s":[0,0,100],"e":[110,110,100]},{"i":{"x":[0.667,0.667,0.667],"y":[1,1,1]},"o":{"x":[0.333,0.333,0.333],"y":[0,0,0]},"t":13,"s":[110,110,100],"e":[100,100,100]},{"t":18}],"ix":6}},"ao":0,"shapes":[{"ty":"gr","it":[{"ind":0,"ty":"sh","ix":1,"ks":{"a":0,"k":{"i":[[7.749,0],[0,0],[0,7.774],[0,0],[-7.751,0],[0,0],[0,-7.772],[0,0]],"o":[[0,0],[-7.751,0],[0,0],[0,-7.772],[0,0],[7.749,0],[0,0],[0,7.774]],"v":[[47.83,54.874],[-47.831,54.874],[-61.924,40.737],[-61.924,-40.741],[-47.831,-54.874],[47.83,-54.874],[61.924,-40.741],[61.924,40.737]],"c":true},"ix":2},"nm":"Path 1","mn":"ADBE Vector Shape - Group","hd":false},{"ty":"fl","c":{"a":0,"k":[0.298000021542,0.838999968884,0.564999988032,1],"ix":4},"o":{"a":0,"k":100,"ix":5},"r":1,"bm":0,"nm":"Fill 1","mn":"ADBE Vector Graphic - Fill","hd":false},{"ty":"tr","p":{"a":0,"k":[69.112,55.124],"ix":2},"a":{"a":0,"k":[0,0],"ix":1},"s":{"a":0,"k":[100,100],"ix":3},"r":{"a":0,"k":0,"ix":6},"o":{"a":0,"k":100,"ix":7},"sk":{"a":0,"k":0,"ix":4},"sa":{"a":0,"k":0,"ix":5},"nm":"Transform"}],"nm":"Group 1","np":2,"cix":2,"bm":0,"ix":1,"mn":"ADBE Vector Group","hd":false},{"ty":"gr","it":[{"ind":0,"ty":"sh","ix":1,"ks":{"a":0,"k":{"i":[[7.428,0],[0,0],[0,7.45],[0,0],[-7.427,0],[0,0],[0,-7.449],[0,0]],"o":[[0,0],[-7.427,0],[0,0],[0,-7.449],[0,0],[7.428,0],[0,0],[0,7.45]],"v":[[50.633,54.874],[-50.634,54.874],[-64.138,41.326],[-64.138,-41.329],[-50.634,-54.874],[50.633,-54.874],[64.138,-41.329],[64.138,41.326]],"c":true},"ix":2},"nm":"Path 1","mn":"ADBE Vector Shape - Group","hd":false},{"ty":"fl","c":{"a":0,"k":[0.234999997008,0.736999990426,0.438999998803,1],"ix":4},"o":{"a":0,"k":100,"ix":5},"r":1,"bm":0,"nm":"Fill 1","mn":"ADBE Vector Graphic - Fill","hd":false},{"ty":"tr","p":{"a":0,"k":[64.388,55.124],"ix":2},"a":{"a":0,"k":[0,0],"ix":1},"s":{"a":0,"k":[100,100],"ix":3},"r":{"a":0,"k":0,"ix":6},"o":{"a":0,"k":100,"ix":7},"sk":{"a":0,"k":0,"ix":4},"sa":{"a":0,"k":0,"ix":5},"nm":"Transform"}],"nm":"Group 2","np":2,"cix":2,"bm":0,"ix":2,"mn":"ADBE Vector Group","hd":false}],"ip":6,"op":123,"st":-1,"bm":0},{"ddd":0,"ind":19,"ty":4,"nm":"Lock Outlines","parent":18,"sr":1,"ks":{"o":{"a":0,"k":100,"ix":11},"r":{"a":0,"k":0,"ix":10},"p":{"a":1,"k":[{"i":{"x":0,"y":1},"o":{"x":0.333,"y":0},"t":41,"s":[67.71,-2.216,0],"e":[67.71,-26.55,0],"to":[0,-4.056,0],"ti":[0,4.056,0]},{"t":53}],"ix":2},"a":{"a":0,"k":[52.198,41.402,0],"ix":1},"s":{"a":0,"k":[100,100,100],"ix":6}},"ao":0,"shapes":[{"ty":"gr","it":[{"ind":0,"ty":"sh","ix":1,"ks":{"a":0,"k":{"i":[[5.159,18.29],[22.31,2.193],[9.362,-8.684],[-0.019,-0.935],[-0.632,-0.587],[-0.867,0.046],[0,0],[-0.566,0.664],[0.091,0.875],[-8.517,10.16],[-9.438,0.668],[-6.738,-6.401],[-2.451,-9.933],[0.22,-13.541],[-0.599,-0.611],[-0.854,0],[0,0],[-0.129,1.664]],"o":[[-7.017,-24.862],[-16.37,-1.606],[-15.128,14.032],[0.017,0.864],[0.63,0.59],[0,0],[0.872,-0.045],[0.57,-0.664],[-0.014,-0.145],[4.864,-5.796],[11.76,-0.829],[5.361,5.093],[2.28,9.24],[-0.013,0.855],[0.6,0.609],[0,0],[1.665,0],[0.053,-0.729]],"v":[[46.788,1.808],[1.959,-39.546],[-36.82,-28.884],[-51.674,8.143],[-50.66,10.416],[-48.327,11.271],[-39.32,10.812],[-37.065,9.702],[-36.313,7.294],[-29.19,-17.609],[-7.64,-27.351],[19.845,-19.071],[31.615,3.575],[34.721,37.904],[35.635,40.198],[37.906,41.152],[47.464,41.152],[50.642,38.199]],"c":true},"ix":2},"nm":"Path 1","mn":"ADBE Vector Shape - Group","hd":false},{"ty":"fl","c":{"a":0,"k":[0.757000014361,0.752999997606,1,1],"ix":4},"o":{"a":0,"k":100,"ix":5},"r":1,"bm":0,"nm":"Fill 1","mn":"ADBE Vector Graphic - Fill","hd":false},{"ty":"tr","p":{"a":0,"k":[52.198,41.402],"ix":2},"a":{"a":0,"k":[0,0],"ix":1},"s":{"a":0,"k":[100,100],"ix":3},"r":{"a":0,"k":0,"ix":6},"o":{"a":0,"k":100,"ix":7},"sk":{"a":0,"k":0,"ix":4},"sa":{"a":0,"k":0,"ix":5},"nm":"Transform"}],"nm":"Group 1","np":2,"cix":2,"bm":0,"ix":1,"mn":"ADBE Vector Group","hd":false}],"ip":10,"op":124,"st":0,"bm":0},{"ddd":0,"ind":20,"ty":3,"nm":"Null 1","sr":1,"ks":{"o":{"a":0,"k":0,"ix":11},"r":{"a":0,"k":0,"ix":10},"p":{"a":0,"k":[200.328,318.909,0],"ix":2},"a":{"a":0,"k":[50,50,0],"ix":1},"s":{"a":0,"k":[50,50,100],"ix":6}},"ao":0,"ip":0,"op":120,"st":0,"bm":0},{"ddd":0,"ind":21,"ty":4,"nm":"Key Outlines","parent":20,"sr":1,"ks":{"o":{"a":0,"k":100,"ix":11},"r":{"a":1,"k":[{"i":{"x":[0.825],"y":[1]},"o":{"x":[0.407],"y":[0.289]},"t":13,"s":[-38.024],"e":[0]},{"t":20}],"ix":10},"p":{"a":1,"k":[{"i":{"x":0,"y":1},"o":{"x":0.333,"y":0},"t":29,"s":[50.311,53.407,0],"e":[50.311,-4.591,0],"to":[0,-9.666,0],"ti":[0,9.666,0]},{"t":41}],"ix":2},"a":{"a":0,"k":[24.682,49.052,0],"ix":1},"s":{"a":1,"k":[{"i":{"x":[0.667,0.667,0.667],"y":[1,1,1]},"o":{"x":[0.333,0.333,0.333],"y":[0,0,0]},"t":13,"s":[0,0,100],"e":[220,220,100]},{"i":{"x":[0.667,0.667,0.667],"y":[1,1,1]},"o":{"x":[0.333,0.333,0.333],"y":[0,0,0]},"t":20,"s":[220,220,100],"e":[200,200,100]},{"t":25}],"ix":6}},"ao":0,"shapes":[{"ty":"gr","it":[{"ind":0,"ty":"sh","ix":1,"ks":{"a":0,"k":{"i":[[8.562,0],[0,8.587],[-8.564,0],[0,-8.589]],"o":[[-8.564,0],[0,-8.589],[8.562,0],[0,8.587]],"v":[[0,40.387],[-15.504,24.839],[0,9.289],[15.502,24.839]],"c":true},"ix":2},"nm":"Path 1","mn":"ADBE Vector Shape - Group","hd":false},{"ind":1,"ty":"sh","ix":2,"ks":{"a":0,"k":{"i":[[8.972,3.627],[0,0],[1.942,0],[0,0],[0,-1.947],[0,0],[0,0],[0,0],[0,0],[0,0],[0,-10.297],[-13.495,0],[0,13.534]],"o":[[0,0],[0,-1.947],[0,0],[-1.942,0],[0,0],[0,0],[0,0],[0,0],[0,0],[-8.973,3.627],[0,13.534],[13.492,0],[0,-10.297]],"v":[[9.124,1.566],[9.124,-45.261],[5.592,-48.802],[-5.595,-48.802],[-9.125,-45.261],[-9.125,-15.215],[-21.405,-15.215],[-21.405,-6.22],[-9.125,-6.22],[-9.125,1.566],[-24.432,24.296],[0,48.802],[24.432,24.296]],"c":true},"ix":2},"nm":"Path 2","mn":"ADBE Vector Shape - Group","hd":false},{"ty":"fl","c":{"a":0,"k":[0.298000021542,0.286000001197,0.745000023935,1],"ix":4},"o":{"a":0,"k":100,"ix":5},"r":1,"bm":0,"nm":"Fill 1","mn":"ADBE Vector Graphic - Fill","hd":false},{"ty":"tr","p":{"a":0,"k":[24.682,49.052],"ix":2},"a":{"a":0,"k":[0,0],"ix":1},"s":{"a":0,"k":[100,100],"ix":3},"r":{"a":0,"k":0,"ix":6},"o":{"a":0,"k":100,"ix":7},"sk":{"a":0,"k":0,"ix":4},"sa":{"a":0,"k":0,"ix":5},"nm":"Transform"}],"nm":"Group 1","np":3,"cix":2,"bm":0,"ix":1,"mn":"ADBE Vector Group","hd":false}],"ip":13,"op":123,"st":-6,"bm":0},{"ddd":0,"ind":22,"ty":4,"nm":"Circle Outlines","sr":1,"ks":{"o":{"a":0,"k":100,"ix":11},"r":{"a":0,"k":0,"ix":10},"p":{"a":0,"k":[200.001,187.463,0],"ix":2},"a":{"a":0,"k":[144.354,144.759,0],"ix":1},"s":{"a":1,"k":[{"i":{"x":[0.667,0.667,0.667],"y":[1,1,1]},"o":{"x":[0.333,0.333,0.333],"y":[0,0,0]},"t":0,"s":[0,0,100],"e":[110,110,100]},{"i":{"x":[0.667,0.667,0.667],"y":[1,1,1]},"o":{"x":[0.333,0.333,0.333],"y":[0,0,0]},"t":7,"s":[110,110,100],"e":[100,100,100]},{"t":12}],"ix":6}},"ao":0,"shapes":[{"ty":"gr","it":[{"ind":0,"ty":"sh","ix":1,"ks":{"a":0,"k":{"i":[[0,-75.529],[75.307,0],[0,75.526],[-75.307,0]],"o":[[0,75.526],[-75.307,0],[0,-75.529],[75.307,0]],"v":[[136.354,0.001],[-0.001,136.759],[-136.354,0.001],[-0.001,-136.759]],"c":true},"ix":2},"nm":"Path 1","mn":"ADBE Vector Shape - Group","hd":false},{"ty":"st","c":{"a":0,"k":[0.898000021542,0.882000014361,1,1],"ix":3},"o":{"a":0,"k":100,"ix":4},"w":{"a":0,"k":8,"ix":5},"lc":1,"lj":1,"ml":4,"bm":0,"nm":"Stroke 1","mn":"ADBE Vector Graphic - Stroke","hd":false},{"ty":"tr","p":{"a":0,"k":[144.354,144.759],"ix":2},"a":{"a":0,"k":[0,0],"ix":1},"s":{"a":0,"k":[100,100],"ix":3},"r":{"a":0,"k":0,"ix":6},"o":{"a":0,"k":100,"ix":7},"sk":{"a":0,"k":0,"ix":4},"sa":{"a":0,"k":0,"ix":5},"nm":"Transform"}],"nm":"Group 1","np":2,"cix":2,"bm":0,"ix":1,"mn":"ADBE Vector Group","hd":false},{"ty":"gr","it":[{"ind":0,"ty":"sh","ix":1,"ks":{"a":0,"k":{"i":[[0,-75.529],[75.307,0],[0,75.526],[-75.307,0]],"o":[[0,75.526],[-75.307,0],[0,-75.529],[75.307,0]],"v":[[136.354,0.001],[-0.001,136.759],[-136.354,0.001],[-0.001,-136.759]],"c":true},"ix":2},"nm":"Path 1","mn":"ADBE Vector Shape - Group","hd":false},{"ty":"fl","c":{"a":0,"k":[0.442999985639,0.380000005984,0.898000021542,1],"ix":4},"o":{"a":0,"k":100,"ix":5},"r":1,"bm":0,"nm":"Fill 1","mn":"ADBE Vector Graphic - Fill","hd":false},{"ty":"tr","p":{"a":0,"k":[144.354,144.759],"ix":2},"a":{"a":0,"k":[0,0],"ix":1},"s":{"a":0,"k":[100,100],"ix":3},"r":{"a":0,"k":0,"ix":6},"o":{"a":0,"k":100,"ix":7},"sk":{"a":0,"k":0,"ix":4},"sa":{"a":0,"k":0,"ix":5},"nm":"Transform"}],"nm":"Group 2","np":2,"cix":2,"bm":0,"ix":2,"mn":"ADBE Vector Group","hd":false}],"ip":0,"op":124,"st":0,"bm":0}],"markers":[]}