{"v":"5.0.6","fr":30,"ip":0,"op":90,"w":360,"h":640,"nm":"Glasses clunk","ddd":0,"assets":[{"id":"comp_0","layers":[{"ddd":0,"ind":1,"ty":4,"nm":"Artwork 728","sr":1,"ks":{"o":{"a":1,"k":[{"i":{"x":[0.667],"y":[1]},"o":{"x":[0.333],"y":[0]},"n":["0p667_1_0p333_0"],"t":34,"s":[0],"e":[100]},{"i":{"x":[0.667],"y":[1]},"o":{"x":[0.333],"y":[0]},"n":["0p667_1_0p333_0"],"t":39,"s":[100],"e":[100]},{"i":{"x":[0.667],"y":[1]},"o":{"x":[0.333],"y":[0]},"n":["0p667_1_0p333_0"],"t":44,"s":[100],"e":[0]},{"t":48}],"ix":11},"r":{"a":0,"k":0,"ix":10},"p":{"a":0,"k":[176.202,195.878,0],"ix":2},"a":{"a":0,"k":[46.511,49.691,0],"ix":1},"s":{"a":0,"k":[32.085,32.085,100],"ix":6}},"ao":0,"shapes":[{"ty":"gr","it":[{"ind":0,"ty":"sh","ix":1,"ks":{"a":0,"k":{"i":[[0,48.271],[2.997,-0.02],[0,-48.546],[-3.442,0.019]],"o":[[-0.191,48.541],[3,0.02],[0,-48.458],[-3.437,-0.034]],"v":[[-0.001,-49.691],[-46.348,0],[-0.001,49.691],[46.292,0]],"c":true},"ix":2},"nm":"Path 1","mn":"ADBE Vector Shape - Group","hd":false},{"ind":1,"ty":"sh","ix":2,"ks":{"a":0,"k":{"i":[[0.034,0],[0,0],[0.084,0]],"o":[[0.143,0.001],[0,0],[-0.026,0]],"v":[[46.292,0],[46.51,0],[46.383,-0.001]],"c":true},"ix":2},"nm":"Path 2","mn":"ADBE Vector Shape - Group","hd":false},{"ind":2,"ty":"sh","ix":3,"ks":{"a":0,"k":{"i":[[0.005,0],[0,0],[-0.1,0.001],[0.024,0]],"o":[[0,0],[0.008,0],[-0.036,0],[-0.044,0]],"v":[[-46.51,0],[-46.51,0],[-46.348,0],[-46.438,0]],"c":true},"ix":2},"nm":"Path 3","mn":"ADBE Vector Shape - Group","hd":false},{"ty":"fl","c":{"a":0,"k":[0.972999961703,0.905999995213,0.109999997008,1],"ix":4},"o":{"a":0,"k":100,"ix":5},"r":1,"nm":"Fill 1","mn":"ADBE Vector Graphic - Fill","hd":false},{"ty":"tr","p":{"a":0,"k":[46.511,49.691],"ix":2},"a":{"a":0,"k":[0,0],"ix":1},"s":{"a":0,"k":[100,100],"ix":3},"r":{"a":0,"k":0,"ix":6},"o":{"a":0,"k":100,"ix":7},"sk":{"a":0,"k":0,"ix":4},"sa":{"a":0,"k":0,"ix":5},"nm":"Transform"}],"nm":"Group 1","np":4,"cix":2,"ix":1,"mn":"ADBE Vector Group","hd":false}],"ip":0,"op":3600,"st":0,"bm":0},{"ddd":0,"ind":2,"ty":4,"nm":"Artwork 728","sr":1,"ks":{"o":{"a":1,"k":[{"i":{"x":[0.667],"y":[1]},"o":{"x":[0.333],"y":[0]},"n":["0p667_1_0p333_0"],"t":31,"s":[0],"e":[100]},{"i":{"x":[0.667],"y":[1]},"o":{"x":[0.333],"y":[0]},"n":["0p667_1_0p333_0"],"t":36,"s":[100],"e":[100]},{"i":{"x":[0.667],"y":[1]},"o":{"x":[0.333],"y":[0]},"n":["0p667_1_0p333_0"],"t":41,"s":[100],"e":[0]},{"t":45}],"ix":11},"r":{"a":0,"k":0,"ix":10},"p":{"a":0,"k":[237.758,225.413,0],"ix":2},"a":{"a":0,"k":[46.511,49.691,0],"ix":1},"s":{"a":0,"k":[20.585,20.585,100],"ix":6}},"ao":0,"shapes":[{"ty":"gr","it":[{"ind":0,"ty":"sh","ix":1,"ks":{"a":0,"k":{"i":[[0,48.271],[2.997,-0.02],[0,-48.546],[-3.442,0.019]],"o":[[-0.191,48.541],[3,0.02],[0,-48.458],[-3.437,-0.034]],"v":[[-0.001,-49.691],[-46.348,0],[-0.001,49.691],[46.292,0]],"c":true},"ix":2},"nm":"Path 1","mn":"ADBE Vector Shape - Group","hd":false},{"ind":1,"ty":"sh","ix":2,"ks":{"a":0,"k":{"i":[[0.034,0],[0,0],[0.084,0]],"o":[[0.143,0.001],[0,0],[-0.026,0]],"v":[[46.292,0],[46.51,0],[46.383,-0.001]],"c":true},"ix":2},"nm":"Path 2","mn":"ADBE Vector Shape - Group","hd":false},{"ind":2,"ty":"sh","ix":3,"ks":{"a":0,"k":{"i":[[0.005,0],[0,0],[-0.1,0.001],[0.024,0]],"o":[[0,0],[0.008,0],[-0.036,0],[-0.044,0]],"v":[[-46.51,0],[-46.51,0],[-46.348,0],[-46.438,0]],"c":true},"ix":2},"nm":"Path 3","mn":"ADBE Vector Shape - Group","hd":false},{"ty":"fl","c":{"a":0,"k":[0.972999961703,0.905999995213,0.109999997008,1],"ix":4},"o":{"a":0,"k":100,"ix":5},"r":1,"nm":"Fill 1","mn":"ADBE Vector Graphic - Fill","hd":false},{"ty":"tr","p":{"a":0,"k":[46.511,49.691],"ix":2},"a":{"a":0,"k":[0,0],"ix":1},"s":{"a":0,"k":[100,100],"ix":3},"r":{"a":0,"k":0,"ix":6},"o":{"a":0,"k":100,"ix":7},"sk":{"a":0,"k":0,"ix":4},"sa":{"a":0,"k":0,"ix":5},"nm":"Transform"}],"nm":"Group 1","np":4,"cix":2,"ix":1,"mn":"ADBE Vector Group","hd":false}],"ip":0,"op":3600,"st":0,"bm":0},{"ddd":0,"ind":3,"ty":4,"nm":"Artwork 728","sr":1,"ks":{"o":{"a":1,"k":[{"i":{"x":[0.667],"y":[1]},"o":{"x":[0.333],"y":[0]},"n":["0p667_1_0p333_0"],"t":27,"s":[0],"e":[100]},{"i":{"x":[0.667],"y":[1]},"o":{"x":[0.333],"y":[0]},"n":["0p667_1_0p333_0"],"t":32,"s":[100],"e":[100]},{"i":{"x":[0.667],"y":[1]},"o":{"x":[0.333],"y":[0]},"n":["0p667_1_0p333_0"],"t":37,"s":[100],"e":[0]},{"t":41}],"ix":11},"r":{"a":0,"k":0,"ix":10},"p":{"a":0,"k":[146.302,241.941,0],"ix":2},"a":{"a":0,"k":[46.511,49.691,0],"ix":1},"s":{"a":0,"k":[11.691,11.691,100],"ix":6}},"ao":0,"shapes":[{"ty":"gr","it":[{"ind":0,"ty":"sh","ix":1,"ks":{"a":0,"k":{"i":[[0,48.271],[2.997,-0.02],[0,-48.546],[-3.442,0.019]],"o":[[-0.191,48.541],[3,0.02],[0,-48.458],[-3.437,-0.034]],"v":[[-0.001,-49.691],[-46.348,0],[-0.001,49.691],[46.292,0]],"c":true},"ix":2},"nm":"Path 1","mn":"ADBE Vector Shape - Group","hd":false},{"ind":1,"ty":"sh","ix":2,"ks":{"a":0,"k":{"i":[[0.034,0],[0,0],[0.084,0]],"o":[[0.143,0.001],[0,0],[-0.026,0]],"v":[[46.292,0],[46.51,0],[46.383,-0.001]],"c":true},"ix":2},"nm":"Path 2","mn":"ADBE Vector Shape - Group","hd":false},{"ind":2,"ty":"sh","ix":3,"ks":{"a":0,"k":{"i":[[0.005,0],[0,0],[-0.1,0.001],[0.024,0]],"o":[[0,0],[0.008,0],[-0.036,0],[-0.044,0]],"v":[[-46.51,0],[-46.51,0],[-46.348,0],[-46.438,0]],"c":true},"ix":2},"nm":"Path 3","mn":"ADBE Vector Shape - Group","hd":false},{"ty":"fl","c":{"a":0,"k":[0.972999961703,0.905999995213,0.109999997008,1],"ix":4},"o":{"a":0,"k":100,"ix":5},"r":1,"nm":"Fill 1","mn":"ADBE Vector Graphic - Fill","hd":false},{"ty":"tr","p":{"a":0,"k":[46.511,49.691],"ix":2},"a":{"a":0,"k":[0,0],"ix":1},"s":{"a":0,"k":[100,100],"ix":3},"r":{"a":0,"k":0,"ix":6},"o":{"a":0,"k":100,"ix":7},"sk":{"a":0,"k":0,"ix":4},"sa":{"a":0,"k":0,"ix":5},"nm":"Transform"}],"nm":"Group 1","np":4,"cix":2,"ix":1,"mn":"ADBE Vector Group","hd":false}],"ip":0,"op":3600,"st":0,"bm":0},{"ddd":0,"ind":4,"ty":4,"nm":"Artwork 728","sr":1,"ks":{"o":{"a":1,"k":[{"i":{"x":[0.667],"y":[1]},"o":{"x":[0.333],"y":[0]},"n":["0p667_1_0p333_0"],"t":32,"s":[0],"e":[100]},{"i":{"x":[0.667],"y":[1]},"o":{"x":[0.333],"y":[0]},"n":["0p667_1_0p333_0"],"t":37,"s":[100],"e":[100]},{"i":{"x":[0.667],"y":[1]},"o":{"x":[0.333],"y":[0]},"n":["0p667_1_0p333_0"],"t":42,"s":[100],"e":[0]},{"t":46}],"ix":11},"r":{"a":0,"k":0,"ix":10},"p":{"a":0,"k":[272.797,272.937,0],"ix":2},"a":{"a":0,"k":[46.511,49.691,0],"ix":1},"s":{"a":0,"k":[12.766,12.766,100],"ix":6}},"ao":0,"shapes":[{"ty":"gr","it":[{"ind":0,"ty":"sh","ix":1,"ks":{"a":0,"k":{"i":[[0,48.271],[2.997,-0.02],[0,-48.546],[-3.442,0.019]],"o":[[-0.191,48.541],[3,0.02],[0,-48.458],[-3.437,-0.034]],"v":[[-0.001,-49.691],[-46.348,0],[-0.001,49.691],[46.292,0]],"c":true},"ix":2},"nm":"Path 1","mn":"ADBE Vector Shape - Group","hd":false},{"ind":1,"ty":"sh","ix":2,"ks":{"a":0,"k":{"i":[[0.034,0],[0,0],[0.084,0]],"o":[[0.143,0.001],[0,0],[-0.026,0]],"v":[[46.292,0],[46.51,0],[46.383,-0.001]],"c":true},"ix":2},"nm":"Path 2","mn":"ADBE Vector Shape - Group","hd":false},{"ind":2,"ty":"sh","ix":3,"ks":{"a":0,"k":{"i":[[0.005,0],[0,0],[-0.1,0.001],[0.024,0]],"o":[[0,0],[0.008,0],[-0.036,0],[-0.044,0]],"v":[[-46.51,0],[-46.51,0],[-46.348,0],[-46.438,0]],"c":true},"ix":2},"nm":"Path 3","mn":"ADBE Vector Shape - Group","hd":false},{"ty":"fl","c":{"a":0,"k":[0.972999961703,0.905999995213,0.109999997008,1],"ix":4},"o":{"a":0,"k":100,"ix":5},"r":1,"nm":"Fill 1","mn":"ADBE Vector Graphic - Fill","hd":false},{"ty":"tr","p":{"a":0,"k":[46.511,49.691],"ix":2},"a":{"a":0,"k":[0,0],"ix":1},"s":{"a":0,"k":[100,100],"ix":3},"r":{"a":0,"k":0,"ix":6},"o":{"a":0,"k":100,"ix":7},"sk":{"a":0,"k":0,"ix":4},"sa":{"a":0,"k":0,"ix":5},"nm":"Transform"}],"nm":"Group 1","np":4,"cix":2,"ix":1,"mn":"ADBE Vector Group","hd":false}],"ip":0,"op":3600,"st":0,"bm":0},{"ddd":0,"ind":5,"ty":4,"nm":"Artwork 728","sr":1,"ks":{"o":{"a":1,"k":[{"i":{"x":[0.667],"y":[1]},"o":{"x":[0.333],"y":[0]},"n":["0p667_1_0p333_0"],"t":29,"s":[0],"e":[100]},{"i":{"x":[0.667],"y":[1]},"o":{"x":[0.333],"y":[0]},"n":["0p667_1_0p333_0"],"t":34,"s":[100],"e":[100]},{"i":{"x":[0.667],"y":[1]},"o":{"x":[0.333],"y":[0]},"n":["0p667_1_0p333_0"],"t":39,"s":[100],"e":[0]},{"t":43}],"ix":11},"r":{"a":0,"k":0,"ix":10},"p":{"a":0,"k":[94.77,262.421,0],"ix":2},"a":{"a":0,"k":[46.511,49.691,0],"ix":1},"s":{"a":0,"k":[18.085,18.085,100],"ix":6}},"ao":0,"shapes":[{"ty":"gr","it":[{"ind":0,"ty":"sh","ix":1,"ks":{"a":0,"k":{"i":[[0,48.271],[2.997,-0.02],[0,-48.546],[-3.442,0.019]],"o":[[-0.191,48.541],[3,0.02],[0,-48.458],[-3.437,-0.034]],"v":[[-0.001,-49.691],[-46.348,0],[-0.001,49.691],[46.292,0]],"c":true},"ix":2},"nm":"Path 1","mn":"ADBE Vector Shape - Group","hd":false},{"ind":1,"ty":"sh","ix":2,"ks":{"a":0,"k":{"i":[[0.034,0],[0,0],[0.084,0]],"o":[[0.143,0.001],[0,0],[-0.026,0]],"v":[[46.292,0],[46.51,0],[46.383,-0.001]],"c":true},"ix":2},"nm":"Path 2","mn":"ADBE Vector Shape - Group","hd":false},{"ind":2,"ty":"sh","ix":3,"ks":{"a":0,"k":{"i":[[0.005,0],[0,0],[-0.1,0.001],[0.024,0]],"o":[[0,0],[0.008,0],[-0.036,0],[-0.044,0]],"v":[[-46.51,0],[-46.51,0],[-46.348,0],[-46.438,0]],"c":true},"ix":2},"nm":"Path 3","mn":"ADBE Vector Shape - Group","hd":false},{"ty":"fl","c":{"a":0,"k":[0.972999961703,0.905999995213,0.109999997008,1],"ix":4},"o":{"a":0,"k":100,"ix":5},"r":1,"nm":"Fill 1","mn":"ADBE Vector Graphic - Fill","hd":false},{"ty":"tr","p":{"a":0,"k":[46.511,49.691],"ix":2},"a":{"a":0,"k":[0,0],"ix":1},"s":{"a":0,"k":[100,100],"ix":3},"r":{"a":0,"k":0,"ix":6},"o":{"a":0,"k":100,"ix":7},"sk":{"a":0,"k":0,"ix":4},"sa":{"a":0,"k":0,"ix":5},"nm":"Transform"}],"nm":"Group 1","np":4,"cix":2,"ix":1,"mn":"ADBE Vector Group","hd":false}],"ip":0,"op":3600,"st":0,"bm":0},{"ddd":0,"ind":6,"ty":4,"nm":"clink3","sr":1,"ks":{"o":{"a":1,"k":[{"i":{"x":[0.667],"y":[1]},"o":{"x":[0.333],"y":[0]},"n":["0p667_1_0p333_0"],"t":27,"s":[0],"e":[100]},{"t":34}],"ix":11},"r":{"a":0,"k":0,"ix":10},"p":{"a":1,"k":[{"i":{"x":0,"y":1},"o":{"x":0.333,"y":0},"n":"0_1_0p333_0","t":27,"s":[171.952,243.204,0],"e":[164.452,238.204,0],"to":[-1.25,-0.83333331346512,0],"ti":[1.25,0.83333331346512,0]},{"t":42}],"ix":2},"a":{"a":0,"k":[3.914,3.914,0],"ix":1},"s":{"a":0,"k":[200,200,100],"ix":6}},"ao":0,"shapes":[{"ty":"gr","it":[{"ind":0,"ty":"sh","ix":1,"ks":{"a":0,"k":{"i":[[0,0],[0.311,-0.309],[0.006,-0.406],[0,0],[-0.309,-0.31],[0,0],[-0.407,-0.006],[0,0],[-0.311,0.309],[-0.006,0.406],[0,0],[0.31,0.311],[0,0],[0.407,0.006]],"o":[[-0.407,0.006],[-0.309,0.311],[0,0],[0.006,0.406],[0,0],[0.309,0.309],[0,0],[0.406,-0.006],[0.31,-0.311],[0,0],[-0.006,-0.406],[0,0],[-0.31,-0.309],[0,0]],"v":[[-2.318,-3.914],[-3.439,-3.44],[-3.913,-2.319],[-3.913,-2.268],[-3.439,-1.148],[1.148,3.44],[2.268,3.914],[2.318,3.914],[3.439,3.44],[3.913,2.318],[3.913,2.267],[3.439,1.146],[-1.146,-3.44],[-2.268,-3.914]],"c":true},"ix":2},"nm":"Path 1","mn":"ADBE Vector Shape - Group","hd":false},{"ty":"fl","c":{"a":0,"k":[1,1,1,1],"ix":4},"o":{"a":0,"k":100,"ix":5},"r":1,"nm":"Fill 1","mn":"ADBE Vector Graphic - Fill","hd":false},{"ty":"tr","p":{"a":0,"k":[3.914,3.914],"ix":2},"a":{"a":0,"k":[0,0],"ix":1},"s":{"a":0,"k":[100,100],"ix":3},"r":{"a":0,"k":0,"ix":6},"o":{"a":0,"k":100,"ix":7},"sk":{"a":0,"k":0,"ix":4},"sa":{"a":0,"k":0,"ix":5},"nm":"Transform"}],"nm":"Group 1","np":2,"cix":2,"ix":1,"mn":"ADBE Vector Group","hd":false}],"ip":0,"op":3600,"st":0,"bm":0},{"ddd":0,"ind":7,"ty":4,"nm":"clink2","sr":1,"ks":{"o":{"a":1,"k":[{"i":{"x":[0.667],"y":[1]},"o":{"x":[0.333],"y":[0]},"n":["0p667_1_0p333_0"],"t":27,"s":[0],"e":[100]},{"t":34}],"ix":11},"r":{"a":0,"k":0,"ix":10},"p":{"a":1,"k":[{"i":{"x":0,"y":1},"o":{"x":0.333,"y":0},"n":"0_1_0p333_0","t":27,"s":[183.991,246.816,0],"e":[183.991,231.816,0],"to":[0,-2.5,0],"ti":[0,2.5,0]},{"t":42}],"ix":2},"a":{"a":0,"k":[1.62,4.97,0],"ix":1},"s":{"a":0,"k":[200,200,100],"ix":6}},"ao":0,"shapes":[{"ty":"gr","it":[{"ind":0,"ty":"sh","ix":1,"ks":{"a":0,"k":{"i":[[0,0],[0,-0.894],[0,0],[-0.895,0],[0,0],[0,0.895],[0,0],[0.895,0]],"o":[[-0.895,0],[0,0],[0,0.895],[0,0],[0.895,0],[0,0],[0,-0.894],[0,0]],"v":[[-0.001,-4.971],[-1.62,-3.35],[-1.62,3.35],[-0.001,4.971],[0.001,4.971],[1.62,3.35],[1.62,-3.35],[0.001,-4.971]],"c":true},"ix":2},"nm":"Path 1","mn":"ADBE Vector Shape - Group","hd":false},{"ty":"fl","c":{"a":0,"k":[1,1,1,1],"ix":4},"o":{"a":0,"k":100,"ix":5},"r":1,"nm":"Fill 1","mn":"ADBE Vector Graphic - Fill","hd":false},{"ty":"tr","p":{"a":0,"k":[1.62,4.97],"ix":2},"a":{"a":0,"k":[0,0],"ix":1},"s":{"a":0,"k":[100,100],"ix":3},"r":{"a":0,"k":0,"ix":6},"o":{"a":0,"k":100,"ix":7},"sk":{"a":0,"k":0,"ix":4},"sa":{"a":0,"k":0,"ix":5},"nm":"Transform"}],"nm":"Group 1","np":2,"cix":2,"ix":1,"mn":"ADBE Vector Group","hd":false}],"ip":0,"op":3600,"st":0,"bm":0},{"ddd":0,"ind":8,"ty":4,"nm":"clink1","sr":1,"ks":{"o":{"a":1,"k":[{"i":{"x":[0.667],"y":[1]},"o":{"x":[0.333],"y":[0]},"n":["0p667_1_0p333_0"],"t":27,"s":[0],"e":[100]},{"t":34}],"ix":11},"r":{"a":0,"k":0,"ix":10},"p":{"a":1,"k":[{"i":{"x":0,"y":1},"o":{"x":0.333,"y":0},"n":"0_1_0p333_0","t":27,"s":[195.077,243.953,0],"e":[202.577,238.953,0],"to":[1.25,-0.83333331346512,0],"ti":[-1.25,0.83333331346512,0]},{"t":42}],"ix":2},"a":{"a":0,"k":[3.914,3.914,0],"ix":1},"s":{"a":0,"k":[200,200,100],"ix":6}},"ao":0,"shapes":[{"ty":"gr","it":[{"ind":0,"ty":"sh","ix":1,"ks":{"a":0,"k":{"i":[[0.316,-0.317],[0,0],[0.006,-0.407],[0,0],[-0.309,-0.311],[-0.406,-0.006],[0,0],[-0.31,0.309],[0,0],[0,0.414],[0.317,0.317],[0.415,0]],"o":[[0,0],[-0.309,0.31],[0,0],[0.006,0.406],[0.311,0.309],[0,0],[0.407,-0.006],[0,0],[0.317,-0.316],[0,-0.415],[-0.317,-0.317],[-0.414,0]],"v":[[1.148,-3.439],[-3.439,1.146],[-3.913,2.268],[-3.913,2.318],[-3.439,3.439],[-2.318,3.913],[-2.268,3.913],[-1.146,3.439],[3.439,-1.148],[3.913,-2.292],[3.439,-3.439],[2.292,-3.913]],"c":true},"ix":2},"nm":"Path 1","mn":"ADBE Vector Shape - Group","hd":false},{"ty":"fl","c":{"a":0,"k":[1,1,1,1],"ix":4},"o":{"a":0,"k":100,"ix":5},"r":1,"nm":"Fill 1","mn":"ADBE Vector Graphic - Fill","hd":false},{"ty":"tr","p":{"a":0,"k":[3.914,3.914],"ix":2},"a":{"a":0,"k":[0,0],"ix":1},"s":{"a":0,"k":[100,100],"ix":3},"r":{"a":0,"k":0,"ix":6},"o":{"a":0,"k":100,"ix":7},"sk":{"a":0,"k":0,"ix":4},"sa":{"a":0,"k":0,"ix":5},"nm":"Transform"}],"nm":"Group 1","np":2,"cix":2,"ix":1,"mn":"ADBE Vector Group","hd":false}],"ip":0,"op":3600,"st":0,"bm":0},{"ddd":0,"ind":9,"ty":4,"nm":"Orange glass","sr":1,"ks":{"o":{"a":1,"k":[{"i":{"x":[0.113],"y":[1]},"o":{"x":[0.333],"y":[0]},"n":["0p113_1_0p333_0"],"t":0,"s":[0],"e":[100]},{"t":17}],"ix":11},"r":{"a":1,"k":[{"i":{"x":[0],"y":[1]},"o":{"x":[0.333],"y":[0]},"n":["0_1_0p333_0"],"t":20,"s":[0],"e":[-20]},{"t":35}],"ix":10},"p":{"a":1,"k":[{"i":{"x":0.113,"y":1},"o":{"x":0.333,"y":0},"n":"0p113_1_0p333_0","t":0,"s":[255.163,417.006,0],"e":[255.163,397.006,0],"to":[0,-3.33333325386047,0],"ti":[0,3.33333325386047,0]},{"t":17}],"ix":2},"a":{"a":0,"k":[18.331,68.253,0],"ix":1},"s":{"a":0,"k":[200,200,100],"ix":6}},"ao":0,"shapes":[{"ty":"gr","it":[{"ind":0,"ty":"sh","ix":1,"ks":{"a":0,"k":{"i":[[0,0],[0,0],[0,0],[0,0],[0,0],[0,0]],"o":[[0,0],[0,0],[0,0],[0,0],[0,0],[0,0]],"v":[[-16.749,6.095],[0.029,6.191],[16.749,6.261],[15.161,-6.173],[0.077,-6.231],[-15.09,-6.261]],"c":true},"ix":2},"nm":"Path 1","mn":"ADBE Vector Shape - Group","hd":false},{"ty":"fl","c":{"a":0,"k":[1,1,1,1],"ix":4},"o":{"a":0,"k":100,"ix":5},"r":1,"nm":"Fill 1","mn":"ADBE Vector Graphic - Fill","hd":false},{"ty":"tr","p":{"a":0,"k":[18.402,6.261],"ix":2},"a":{"a":0,"k":[0,0],"ix":1},"s":{"a":0,"k":[100,100],"ix":3},"r":{"a":0,"k":0,"ix":6},"o":{"a":0,"k":100,"ix":7},"sk":{"a":0,"k":0,"ix":4},"sa":{"a":0,"k":0,"ix":5},"nm":"Transform"}],"nm":"Group 1","np":2,"cix":2,"ix":1,"mn":"ADBE Vector Group","hd":false},{"ty":"gr","it":[{"ind":0,"ty":"sh","ix":1,"ks":{"a":0,"k":{"i":[[2.984,0.014],[0.491,-1.027],[0,0],[0.005,-0.436],[0,0],[-1.02,-0.501],[0,0],[-0.435,-0.002],[0,0],[0,0],[-0.492,1.023],[0,0],[-0.003,0.438],[-0.002,0.027],[1.008,0.5],[0,0],[0.427,0.002],[4.723,0.045]],"o":[[-1.212,-0.004],[0,0],[-0.171,0.372],[0,0],[-0.015,1.215],[0,0],[0.373,0.166],[0,0],[0,0],[1.21,0.004],[0,0],[0.169,-0.375],[-0.001,-0.028],[0.006,-1.203],[0,0],[-0.367,-0.16],[-2.97,-0.015],[-4.74,0.002]],"v":[[-12.415,-3.122],[-15.167,-1.395],[-15.193,-1.339],[-15.465,-0.117],[-15.465,-0.033],[-13.762,2.739],[-13.654,2.788],[-12.434,3.048],[0.003,3.084],[12.424,3.123],[15.174,1.401],[15.208,1.331],[15.473,0.102],[15.475,0.018],[13.786,-2.729],[13.654,-2.79],[12.456,-3.042],[0.027,-3.126]],"c":true},"ix":2},"nm":"Path 2","mn":"ADBE Vector Shape - Group","hd":false},{"ty":"fl","c":{"a":0,"k":[1,1,1,1],"ix":4},"o":{"a":0,"k":100,"ix":5},"r":1,"nm":"Fill 1","mn":"ADBE Vector Graphic - Fill","hd":false},{"ty":"tr","p":{"a":0,"k":[18.203,65.131],"ix":2},"a":{"a":0,"k":[0,0],"ix":1},"s":{"a":0,"k":[100,100],"ix":3},"r":{"a":0,"k":0,"ix":6},"o":{"a":0,"k":100,"ix":7},"sk":{"a":0,"k":0,"ix":4},"sa":{"a":0,"k":0,"ix":5},"nm":"Transform"}],"nm":"Group 2","np":2,"cix":2,"ix":2,"mn":"ADBE Vector Group","hd":false},{"ty":"gr","it":[{"ind":0,"ty":"sh","ix":1,"ks":{"a":0,"k":{"i":[[0,0],[0,0],[0.093,-0.64],[0.005,-1.143],[0,0],[-10.504,-0.033],[-0.056,9.853],[0,0],[0.229,1.17],[0.131,0.745],[0,0]],"o":[[0,0],[0,0],[-0.234,1.155],[0,0],[0.04,9.558],[10.323,0.063],[0,0],[-0.006,-1.142],[0.026,-0.057],[0,0],[0,0]],"v":[[0.113,-17.265],[-16.678,-12.787],[-17.979,-3.547],[-18.331,-0.094],[-18.331,0.055],[-0.053,18.283],[18.331,0.154],[18.331,-0.057],[17.982,-3.531],[16.82,-12.621],[4.104,-18.346]],"c":true},"ix":2},"nm":"Path 2","mn":"ADBE Vector Shape - Group","hd":false},{"ty":"fl","c":{"a":0,"k":[1,0.713999968884,0.33300000359,1],"ix":4},"o":{"a":0,"k":100,"ix":5},"r":1,"nm":"Fill 1","mn":"ADBE Vector Graphic - Fill","hd":false},{"ty":"tr","p":{"a":0,"k":[18.331,25.143],"ix":2},"a":{"a":0,"k":[0,0],"ix":1},"s":{"a":0,"k":[100,100],"ix":3},"r":{"a":0,"k":0,"ix":6},"o":{"a":0,"k":100,"ix":7},"sk":{"a":0,"k":0,"ix":4},"sa":{"a":0,"k":0,"ix":5},"nm":"Transform"}],"nm":"Group 3","np":2,"cix":2,"ix":3,"mn":"ADBE Vector Group","hd":false},{"ty":"gr","it":[{"ind":0,"ty":"sh","ix":1,"ks":{"a":0,"k":{"i":[[0,0],[-1.675,-0.012],[0,0],[0,0],[-0.009,1.673],[0,0],[0,0],[0,0]],"o":[[-0.01,1.677],[0,0],[0,0],[1.673,-0.001],[0,0],[0,0],[0,0],[0,0]],"v":[[-3.156,9.336],[-0.141,12.392],[-0.04,12.393],[0.014,12.394],[3.055,9.369],[3.167,-12.37],[0.089,-12.368],[-3.046,-12.394]],"c":true},"ix":2},"nm":"Path 2","mn":"ADBE Vector Shape - Group","hd":false},{"ty":"fl","c":{"a":0,"k":[1,1,1,1],"ix":4},"o":{"a":0,"k":100,"ix":5},"r":1,"nm":"Fill 1","mn":"ADBE Vector Graphic - Fill","hd":false},{"ty":"tr","p":{"a":0,"k":[18.246,52.744],"ix":2},"a":{"a":0,"k":[0,0],"ix":1},"s":{"a":0,"k":[100,100],"ix":3},"r":{"a":0,"k":0,"ix":6},"o":{"a":0,"k":100,"ix":7},"sk":{"a":0,"k":0,"ix":4},"sa":{"a":0,"k":0,"ix":5},"nm":"Transform"}],"nm":"Group 4","np":2,"cix":2,"ix":4,"mn":"ADBE Vector Group","hd":false}],"ip":0,"op":3600,"st":0,"bm":0},{"ddd":0,"ind":10,"ty":4,"nm":"Green glass","sr":1,"ks":{"o":{"a":1,"k":[{"i":{"x":[0.113],"y":[1]},"o":{"x":[0.333],"y":[0]},"n":["0p113_1_0p333_0"],"t":0,"s":[0],"e":[100]},{"t":17}],"ix":11},"r":{"a":1,"k":[{"i":{"x":[0],"y":[1]},"o":{"x":[0.333],"y":[0]},"n":["0_1_0p333_0"],"t":20,"s":[0],"e":[20]},{"t":35}],"ix":10},"p":{"a":1,"k":[{"i":{"x":0.113,"y":1},"o":{"x":0.333,"y":0},"n":"0p113_1_0p333_0","t":0,"s":[114.163,417.006,0],"e":[114.163,397.006,0],"to":[0,-3.33333325386047,0],"ti":[0,3.33333325386047,0]},{"t":17}],"ix":2},"a":{"a":0,"k":[18.331,68.253,0],"ix":1},"s":{"a":0,"k":[200,200,100],"ix":6}},"ao":0,"shapes":[{"ty":"gr","it":[{"ind":0,"ty":"sh","ix":1,"ks":{"a":0,"k":{"i":[[0,0],[0,0],[0,0],[0,0],[0,0],[0,0]],"o":[[0,0],[0,0],[0,0],[0,0],[0,0],[0,0]],"v":[[-16.749,6.095],[0.029,6.191],[16.749,6.261],[15.161,-6.173],[0.077,-6.231],[-15.09,-6.261]],"c":true},"ix":2},"nm":"Path 1","mn":"ADBE Vector Shape - Group","hd":false},{"ty":"fl","c":{"a":0,"k":[1,1,1,1],"ix":4},"o":{"a":0,"k":100,"ix":5},"r":1,"nm":"Fill 1","mn":"ADBE Vector Graphic - Fill","hd":false},{"ty":"tr","p":{"a":0,"k":[18.402,6.261],"ix":2},"a":{"a":0,"k":[0,0],"ix":1},"s":{"a":0,"k":[100,100],"ix":3},"r":{"a":0,"k":0,"ix":6},"o":{"a":0,"k":100,"ix":7},"sk":{"a":0,"k":0,"ix":4},"sa":{"a":0,"k":0,"ix":5},"nm":"Transform"}],"nm":"Group 1","np":2,"cix":2,"ix":1,"mn":"ADBE Vector Group","hd":false},{"ty":"gr","it":[{"ind":0,"ty":"sh","ix":1,"ks":{"a":0,"k":{"i":[[2.984,0.014],[0.491,-1.027],[0,0],[0.005,-0.436],[0,0],[-1.02,-0.501],[0,0],[-0.435,-0.002],[0,0],[0,0],[-0.492,1.023],[0,0],[-0.003,0.438],[-0.002,0.027],[1.008,0.5],[0,0],[0.427,0.002],[4.723,0.045]],"o":[[-1.212,-0.004],[0,0],[-0.171,0.372],[0,0],[-0.015,1.215],[0,0],[0.373,0.166],[0,0],[0,0],[1.21,0.004],[0,0],[0.169,-0.375],[-0.001,-0.028],[0.006,-1.203],[0,0],[-0.367,-0.16],[-2.97,-0.015],[-4.74,0.002]],"v":[[-12.415,-3.122],[-15.167,-1.395],[-15.193,-1.339],[-15.465,-0.117],[-15.465,-0.033],[-13.762,2.739],[-13.654,2.788],[-12.434,3.048],[0.003,3.084],[12.424,3.123],[15.174,1.401],[15.208,1.331],[15.473,0.102],[15.475,0.018],[13.786,-2.729],[13.654,-2.79],[12.456,-3.042],[0.027,-3.126]],"c":true},"ix":2},"nm":"Path 2","mn":"ADBE Vector Shape - Group","hd":false},{"ty":"fl","c":{"a":0,"k":[1,1,1,1],"ix":4},"o":{"a":0,"k":100,"ix":5},"r":1,"nm":"Fill 1","mn":"ADBE Vector Graphic - Fill","hd":false},{"ty":"tr","p":{"a":0,"k":[18.203,65.131],"ix":2},"a":{"a":0,"k":[0,0],"ix":1},"s":{"a":0,"k":[100,100],"ix":3},"r":{"a":0,"k":0,"ix":6},"o":{"a":0,"k":100,"ix":7},"sk":{"a":0,"k":0,"ix":4},"sa":{"a":0,"k":0,"ix":5},"nm":"Transform"}],"nm":"Group 2","np":2,"cix":2,"ix":2,"mn":"ADBE Vector Group","hd":false},{"ty":"gr","it":[{"ind":0,"ty":"sh","ix":1,"ks":{"a":0,"k":{"i":[[0,0],[0,0],[0.093,-0.64],[0.005,-1.143],[0,0],[-10.504,-0.033],[-0.056,9.853],[0,0],[0.229,1.17],[0.131,0.745],[0,0]],"o":[[0,0],[0,0],[-0.234,1.155],[0,0],[0.04,9.558],[10.323,0.063],[0,0],[-0.006,-1.142],[0.026,-0.057],[0,0],[0,0]],"v":[[0.113,-17.265],[-16.678,-12.787],[-17.979,-3.547],[-18.331,-0.094],[-18.331,0.055],[-0.053,18.283],[18.331,0.154],[18.331,-0.057],[17.982,-3.531],[16.82,-12.621],[4.104,-18.346]],"c":true},"ix":2},"nm":"Path 2","mn":"ADBE Vector Shape - Group","hd":false},{"ty":"fl","c":{"a":0,"k":[0.298000021542,0.838999968884,0.564999988032,1],"ix":4},"o":{"a":0,"k":100,"ix":5},"r":1,"nm":"Fill 1","mn":"ADBE Vector Graphic - Fill","hd":false},{"ty":"tr","p":{"a":0,"k":[18.331,25.143],"ix":2},"a":{"a":0,"k":[0,0],"ix":1},"s":{"a":0,"k":[100,100],"ix":3},"r":{"a":0,"k":0,"ix":6},"o":{"a":0,"k":100,"ix":7},"sk":{"a":0,"k":0,"ix":4},"sa":{"a":0,"k":0,"ix":5},"nm":"Transform"}],"nm":"Group 3","np":2,"cix":2,"ix":3,"mn":"ADBE Vector Group","hd":false},{"ty":"gr","it":[{"ind":0,"ty":"sh","ix":1,"ks":{"a":0,"k":{"i":[[0,0],[-1.675,-0.012],[0,0],[0,0],[-0.009,1.673],[0,0],[0,0],[0,0]],"o":[[-0.01,1.677],[0,0],[0,0],[1.673,-0.001],[0,0],[0,0],[0,0],[0,0]],"v":[[-3.156,9.336],[-0.141,12.392],[-0.04,12.393],[0.014,12.394],[3.055,9.369],[3.167,-12.37],[0.089,-12.368],[-3.046,-12.394]],"c":true},"ix":2},"nm":"Path 2","mn":"ADBE Vector Shape - Group","hd":false},{"ty":"fl","c":{"a":0,"k":[1,1,1,1],"ix":4},"o":{"a":0,"k":100,"ix":5},"r":1,"nm":"Fill 1","mn":"ADBE Vector Graphic - Fill","hd":false},{"ty":"tr","p":{"a":0,"k":[18.246,52.744],"ix":2},"a":{"a":0,"k":[0,0],"ix":1},"s":{"a":0,"k":[100,100],"ix":3},"r":{"a":0,"k":0,"ix":6},"o":{"a":0,"k":100,"ix":7},"sk":{"a":0,"k":0,"ix":4},"sa":{"a":0,"k":0,"ix":5},"nm":"Transform"}],"nm":"Group 4","np":2,"cix":2,"ix":4,"mn":"ADBE Vector Group","hd":false}],"ip":0,"op":3600,"st":0,"bm":0}]}],"layers":[{"ddd":0,"ind":1,"ty":0,"nm":"Glasses","refId":"comp_0","sr":1,"ks":{"o":{"a":0,"k":100,"ix":11},"r":{"a":0,"k":0,"ix":10},"p":{"a":0,"k":[178,284.25,0],"ix":2},"a":{"a":0,"k":[180,320,0],"ix":1},"s":{"a":0,"k":[50,50,100],"ix":6}},"ao":0,"w":360,"h":640,"ip":0,"op":3600,"st":0,"bm":0}],"markers":[]}